z,zeta,as_scale,hmf,cooling_scale,T_min,score
10.0,3.0,0.8,ST,0.5,8000.0,0.0006003379303091181
10.0,3.1623330622689494,0.8,ST,0.5,8000.0,0.0007298663868695822
10.0,3.33345013223977,0.8,ST,0.5,8000.0,0.0008705056392820734
10.0,3.5138265215355418,0.8,ST,0.5,8000.0,0.0010203107319630455
10.0,3.703963261376446,0.8,ST,0.5,8000.0,0.0011770578416207798
10.0,3.9043884942934204,0.8,ST,0.5,8000.0,0.0013383608016333663
10.0,4.1156589411488556,0.8,ST,0.5,8000.0,0.0015017765740613827
10.0,4.338361447539279,0.8,ST,0.5,8000.0,0.0016648722786960781
10.0,4.573114613875481,0.8,ST,0.5,8000.0,0.0018253511284235476
10.0,4.820570513667911,0.8,ST,0.5,8000.0,0.0019810355500528938
10.0,5.0814165047902815,0.8,ST,0.5,8000.0,0.0021300262718670603
10.0,5.356377138752477,0.8,ST,0.5,8000.0,0.0022706486513458
10.0,5.389452332657201,0.8,ST,0.5,8000.0,0.0022864667513008263
10.0,5.646216173286171,0.8,ST,0.5,8000.0,0.0024015002221741033
10.0,5.9517386938335095,0.8,ST,0.5,8000.0,0.002521459238309461
10.0,6.273793349831704,0.8,ST,0.5,8000.0,0.0026296591096562722
10.0,6.613274712005288,0.8,ST,0.5,8000.0,0.002725532868731438
10.0,6.971125757213828,0.8,ST,0.5,8000.0,0.002808693455954313
10.0,7.3483404877573175,0.8,ST,0.5,8000.0,0.002879058267159891
10.0,7.745966692414836,0.8,ST,0.5,8000.0,0.0029366394697504837
10.0,8.165108856885828,0.8,ST,0.5,8000.0,0.0029816666572252235
10.0,8.606931231718361,0.8,ST,0.5,8000.0,0.0030145483486770023
10.0,9.072661066246061,0.8,ST,0.5,8000.0,0.0030357488819970366
10.0,9.563592017516726,0.8,ST,0.5,8000.0,0.003045856479089375
10.0,10.081087743681516,0.8,ST,0.5,8000.0,0.003045535828347951
10.0,10.626585691826111,0.8,ST,0.5,8000.0,0.0030354867863991116
10.0,11.20160109076529,0.8,ST,0.5,8000.0,0.003016429281768305
10.0,11.807731159891665,0.8,ST,0.5,8000.0,0.002989155643652095
10.0,12.446659545769569,0.8,ST,0.5,8000.0,0.0029543999264904433
10.0,13.120160998797505,0.8,ST,0.5,8000.0,0.0029129301125747106
10.0,13.830106302929654,0.8,ST,0.5,8000.0,0.0028654904062922655
10.0,14.578467472149546,0.8,ST,0.5,8000.0,0.002812787511463706
10.0,15.367323228130308,0.8,ST,0.5,8000.0,0.0027555077224235623
10.0,16.198864774296695,0.8,ST,0.5,8000.0,0.002694310403752029
10.0,17.07540188232742,0.8,ST,0.5,8000.0,0.002629820573480697
10.0,17.999369308004486,0.8,ST,0.5,8000.0,0.00256258775523885
10.0,18.973333554230518,0.8,ST,0.5,8000.0,0.002493170260377665
10.0,20.000000000000004,0.8,ST,0.5,8000.0,0.0024220656013605696
10.0,3.0,0.8,ST,0.5,10000.0,0.0004963590573516518
10.0,3.1623330622689494,0.8,ST,0.5,10000.0,0.0006086975014885184
10.0,3.33345013223977,0.8,ST,0.5,10000.0,0.0007317829841778764
10.0,3.5138265215355418,0.8,ST,0.5,10000.0,0.0008640099603873563
10.0,3.703963261376446,0.8,ST,0.5,10000.0,0.0010034792996015246
10.0,3.9043884942934204,0.8,ST,0.5,10000.0,0.0011480998164602875
10.0,4.1156589411488556,0.8,ST,0.5,10000.0,0.0012956863871394814
10.0,4.338361447539279,0.8,ST,0.5,10000.0,0.0014440235512968216
10.0,4.573114613875481,0.8,ST,0.5,10000.0,0.0015909853234487546
10.0,4.820570513667911,0.8,ST,0.5,10000.0,0.0017345253445320843
10.0,5.0814165047902815,0.8,ST,0.5,10000.0,0.001872828041969092
10.0,5.356377138752477,0.8,ST,0.5,10000.0,0.0020042686501899535
10.0,5.389452332657201,0.8,ST,0.5,10000.0,0.002019113078650605
10.0,5.646216173286171,0.8,ST,0.5,10000.0,0.002127458357557847
10.0,5.9517386938335095,0.8,ST,0.5,10000.0,0.002241258685824
10.0,6.273793349831704,0.8,ST,0.5,10000.0,0.0023447662495440333
10.0,6.613274712005288,0.8,ST,0.5,10000.0,0.00243735215158815
10.0,6.971125757213828,0.8,ST,0.5,10000.0,0.002518558522165936
10.0,7.3483404877573175,0.8,ST,0.5,10000.0,0.002588213936533972
10.0,7.745966692414836,0.8,ST,0.5,10000.0,0.002646240294788658
10.0,8.165108856885828,0.8,ST,0.5,10000.0,0.002692769719299505
10.0,8.606931231718361,0.8,ST,0.5,10000.0,0.002728110978412371
10.0,9.072661066246061,0.8,ST,0.5,10000.0,0.0027526305289740692
10.0,9.563592017516726,0.8,ST,0.5,10000.0,0.0027668184049134048
10.0,10.081087743681516,0.8,ST,0.5,10000.0,0.0027712456054044474
10.0,10.626585691826111,0.8,ST,0.5,10000.0,0.002766523188453498
10.0,11.20160109076529,0.8,ST,0.5,10000.0,0.002753286683904558
10.0,11.807731159891665,0.8,ST,0.5,10000.0,0.002732248503197922
10.0,12.446659545769569,0.8,ST,0.5,10000.0,0.0027040711413224756
10.0,13.120160998797505,0.8,ST,0.5,10000.0,0.0026694524332282563
10.0,13.830106302929654,0.8,ST,0.5,10000.0,0.0026290766415457
10.0,14.578467472149546,0.8,ST,0.5,10000.0,0.0025835942624250806
10.0,15.367323228130308,0.8,ST,0.5,10000.0,0.002533640954572093
10.0,16.198864774296695,0.8,ST,0.5,10000.0,0.0024798304592902236
10.0,17.07540188232742,0.8,ST,0.5,10000.0,0.002422747412476232
10.0,17.999369308004486,0.8,ST,0.5,10000.0,0.0023629070388513198
10.0,18.973333554230518,0.8,ST,0.5,10000.0,0.0023008356767177532
10.0,20.000000000000004,0.8,ST,0.5,10000.0,0.002237003076029023
10.0,3.0,0.8,ST,0.5,15000.0,0.0003101670487913669
10.0,3.1623330622689494,0.8,ST,0.5,15000.0,0.00038857690366958183
10.0,3.33345013223977,0.8,ST,0.5,15000.0,0.00047640815366810265
10.0,3.5138265215355418,0.8,ST,0.5,15000.0,0.0005727337395209988
10.0,3.703963261376446,0.8,ST,0.5,15000.0,0.0006763297888347426
10.0,3.9043884942934204,0.8,ST,0.5,15000.0,0.0007857438671198051
10.0,4.1156589411488556,0.8,ST,0.5,15000.0,0.0008993705566861696
10.0,4.338361447539279,0.8,ST,0.5,15000.0,0.0010155047679888244
10.0,4.573114613875481,0.8,ST,0.5,15000.0,0.0011324421581042497
10.0,4.820570513667911,0.8,ST,0.5,15000.0,0.001248480805565098
10.0,5.0814165047902815,0.8,ST,0.5,15000.0,0.0013620517109597802
10.0,5.356377138752477,0.8,ST,0.5,15000.0,0.0014717020204150822
10.0,5.389452332657201,0.8,ST,0.5,15000.0,0.0014841972783199565
10.0,5.646216173286171,0.8,ST,0.5,15000.0,0.0015761380095614757
10.0,5.9517386938335095,0.8,ST,0.5,15000.0,0.0016742453138818636
10.0,6.273793349831704,0.8,ST,0.5,15000.0,0.0017650964696751328
10.0,6.613274712005288,0.8,ST,0.5,15000.0,0.001847978637518803
10.0,6.971125757213828,0.8,ST,0.5,15000.0,0.001922324810821139
10.0,7.3483404877573175,0.8,ST,0.5,15000.0,0.0019878087568730315
10.0,7.745966692414836,0.8,ST,0.5,15000.0,0.002044189808145841
10.0,8.165108856885828,0.8,ST,0.5,15000.0,0.0020914154291598883
10.0,8.606931231718361,0.8,ST,0.5,15000.0,0.0021295986749250767
10.0,9.072661066246061,0.8,ST,0.5,15000.0,0.002158911079914152
10.0,9.563592017516726,0.8,ST,0.5,15000.0,0.002179642728175698
10.0,10.081087743681516,0.8,ST,0.5,15000.0,0.0021921704509274813
10.0,10.626585691826111,0.8,ST,0.5,15000.0,0.0021969185899442553
10.0,11.20160109076529,0.8,ST,0.5,15000.0,0.0021943436956693113
10.0,11.807731159891665,0.8,ST,0.5,15000.0,0.0021849851556825783
10.0,12.446659545769569,0.8,ST,0.5,15000.0,0.0021693502825114864
10.0,13.120160998797505,0.8,ST,0.5,15000.0,0.0021479834433156477
10.0,13.830106302929654,0.8,ST,0.5,15000.0,0.002121434578257809
10.0,14.578467472149546,0.8,ST,0.5,15000.0,0.0020902290458072893
10.0,15.367323228130308,0.8,ST,0.5,15000.0,0.0020548882039943856
10.0,16.198864774296695,0.8,ST,0.5,15000.0,0.0020159217963057465
10.0,17.07540188232742,0.8,ST,0.5,15000.0,0.0019738215106577433
10.0,17.999369308004486,0.8,ST,0.5,15000.0,0.0019290231548705886
10.0,18.973333554230518,0.8,ST,0.5,15000.0,0.0018819778530102347
10.0,20.000000000000004,0.8,ST,0.5,15000.0,0.0018330898762085658
10.0,3.0,0.8,ST,1.0,8000.0,0.0006009052478748589
10.0,3.1623330622689494,0.8,ST,1.0,8000.0,0.0007305692737719125
10.0,3.33345013223977,0.8,ST,1.0,8000.0,0.00087136186094192
10.0,3.5138265215355418,0.8,ST,1.0,8000.0,0.0010213380074485232
10.0,3.703963261376446,0.8,ST,1.0,8000.0,0.0011782736451847232
10.0,3.9043884942934204,0.8,ST,1.0,8000.0,0.001339782227918872
10.0,4.1156589411488556,0.8,ST,1.0,8000.0,0.0015034202476625757
10.0,4.338361447539279,0.8,ST,1.0,8000.0,0.001666754283827911
10.0,4.573114613875481,0.8,ST,1.0,8000.0,0.0018274870139030122
10.0,4.820570513667911,0.8,ST,1.0,8000.0,0.001983440276645802
10.0,5.0814165047902815,0.8,ST,1.0,8000.0,0.0021327142894195738
10.0,5.356377138752477,0.8,ST,1.0,8000.0,0.00227363387524059
10.0,5.389452332657201,0.8,ST,1.0,8000.0,0.0022894875820886375
10.0,5.646216173286171,0.8,ST,1.0,8000.0,0.0024047960587422457
10.0,5.9517386938335095,0.8,ST,1.0,8000.0,0.002525078585808629
10.0,6.273793349831704,0.8,ST,1.0,8000.0,0.0026336143092435186
10.0,6.613274712005288,0.8,ST,1.0,8000.0,0.0027298357209873682
10.0,6.971125757213828,0.8,ST,1.0,8000.0,0.0028133550752097673
10.0,7.3483404877573175,0.8,ST,1.0,8000.0,0.00288408912745803
10.0,7.745966692414836,0.8,ST,1.0,8000.0,0.0029420491511721438
10.0,8.165108856885828,0.8,ST,1.0,8000.0,0.002987463815270368
10.0,8.606931231718361,0.8,ST,1.0,8000.0,0.0030207406720020443
10.0,9.072661066246061,0.8,ST,1.0,8000.0,0.0030423428596994357
10.0,9.563592017516726,0.8,ST,1.0,8000.0,0.003052857346488169
10.0,10.081087743681516,0.8,ST,1.0,8000.0,0.0030529475258832006
10.0,10.626585691826111,0.8,ST,1.0,8000.0,0.003043311788925178
10.0,11.20160109076529,0.8,ST,1.0,8000.0,0.003024668522994416
10.0,11.807731159891665,0.8,ST,1.0,8000.0,0.0029978085878914814
10.0,12.446659545769569,0.8,ST,1.0,8000.0,0.002963464424784966
10.0,13.120160998797505,0.8,ST,1.0,8000.0,0.0029224024732226296
10.0,13.830106302929654,0.8,ST,1.0,8000.0,0.002875365433531879
10.0,14.578467472149546,0.8,ST,1.0,8000.0,0.002823058445622829
10.0,15.367323228130308,0.8,ST,1.0,8000.0,0.002766166384065177
10.0,16.198864774296695,0.8,ST,1.0,8000.0,0.002705347284026632
10.0,17.07540188232742,0.8,ST,1.0,8000.0,0.002641224946185309
10.0,17.999369308004486,0.8,ST,1.0,8000.0,0.002574347596211203
10.0,18.973333554230518,0.8,ST,1.0,8000.0,0.0025052725933493052
10.0,20.000000000000004,0.8,ST,1.0,8000.0,0.002434496542848962
10.0,3.0,0.8,ST,1.0,10000.0,0.0004966346744093766
10.0,3.1623330622689494,0.8,ST,1.0,10000.0,0.0006090470253873602
10.0,3.33345013223977,0.8,ST,1.0,10000.0,0.0007322184190761236
10.0,3.5138265215355418,0.8,ST,1.0,10000.0,0.0008645438368434391
10.0,3.703963261376446,0.8,ST,1.0,10000.0,0.0010041245650732717
10.0,3.9043884942934204,0.8,ST,1.0,10000.0,0.0011488697491079062
10.0,4.1156589411488556,0.8,ST,1.0,10000.0,0.0012965945288105042
10.0,4.338361447539279,0.8,ST,1.0,10000.0,0.0014450836417878837
10.0,4.573114613875481,0.8,ST,1.0,10000.0,0.0015922112758244892
10.0,4.820570513667911,0.8,ST,1.0,10000.0,0.0017359311721245625
10.0,5.0814165047902815,0.8,ST,1.0,10000.0,0.0018744278649393666
10.0,5.356377138752477,0.8,ST,1.0,10000.0,0.002006076633852877
10.0,5.389452332657201,0.8,ST,1.0,10000.0,0.002020946306379838
10.0,5.646216173286171,0.8,ST,1.0,10000.0,0.0021294886680530986
10.0,5.9517386938335095,0.8,ST,1.0,10000.0,0.0022435254232882527
10.0,6.273793349831704,0.8,ST,1.0,10000.0,0.002347283357741941
10.0,6.613274712005288,0.8,ST,1.0,10000.0,0.0024401333485314937
10.0,6.971125757213828,0.8,ST,1.0,10000.0,0.0025216171305105462
10.0,7.3483404877573175,0.8,ST,1.0,10000.0,0.0025915628418047842
10.0,7.745966692414836,0.8,ST,1.0,10000.0,0.002649891677898906
10.0,8.165108856885828,0.8,ST,1.0,10000.0,0.0026967349697214864
10.0,8.606931231718361,0.8,ST,1.0,10000.0,0.002732400612361508
10.0,9.072661066246061,0.8,ST,1.0,10000.0,0.0027572539348769895
10.0,9.563592017516726,0.8,ST,1.0,10000.0,0.002771783746544828
10.0,10.081087743681516,0.8,ST,1.0,10000.0,0.002776559765034699
10.0,10.626585691826111,0.8,ST,1.0,10000.0,0.0027721915814019364
10.0,11.20160109076529,0.8,ST,1.0,10000.0,0.0027593131627069952
10.0,11.807731159891665,0.8,ST,1.0,10000.0,0.002738635408071938
10.0,12.446659545769569,0.8,ST,1.0,10000.0,0.0027108191683635355
10.0,13.120160998797505,0.8,ST,1.0,10000.0,0.002676560657025196
10.0,13.830106302929654,0.8,ST,1.0,10000.0,0.002636542587975018
10.0,14.578467472149546,0.8,ST,1.0,10000.0,0.0025914138262112473
10.0,15.367323228130308,0.8,ST,1.0,10000.0,0.002541808541031627
10.0,16.198864774296695,0.8,ST,1.0,10000.0,0.002488339069807748
10.0,17.07540188232742,0.8,ST,1.0,10000.0,0.0024315887582867413
10.0,17.999369308004486,0.8,ST,1.0,10000.0,0.0023720714784865433
10.0,18.973333554230518,0.8,ST,1.0,10000.0,0.002310312538741215
10.0,20.000000000000004,0.8,ST,1.0,10000.0,0.0022467807060746084
10.0,3.0,0.8,ST,1.0,15000.0,0.00031029756835695814
10.0,3.1623330622689494,0.8,ST,1.0,15000.0,0.0003887482529245159
10.0,3.33345013223977,0.8,ST,1.0,15000.0,0.0004766287402822181
10.0,3.5138265215355418,0.8,ST,1.0,15000.0,0.0005730127582565897
10.0,3.703963261376446,0.8,ST,1.0,15000.0,0.0006766771773229519
10.0,3.9043884942934204,0.8,ST,1.0,15000.0,0.000786170263851948
10.0,4.1156589411488556,0.8,ST,1.0,15000.0,0.0008998872613103422
10.0,4.338361447539279,0.8,ST,1.0,15000.0,0.0010161236926282875
10.0,4.573114613875481,0.8,ST,1.0,15000.0,0.0011331757968253754
10.0,4.820570513667911,0.8,ST,1.0,15000.0,0.0012493421601627783
10.0,5.0814165047902815,0.8,ST,1.0,15000.0,0.00136305426514918
10.0,5.356377138752477,0.8,ST,1.0,15000.0,0.0014728596599169585
10.0,5.389452332657201,0.8,ST,1.0,15000.0,0.001485373958026555
10.0,5.646216173286171,0.8,ST,1.0,15000.0,0.0015774649449581174
10.0,5.9517386938335095,0.8,ST,1.0,15000.0,0.0016757559753937863
10.0,6.273793349831704,0.8,ST,1.0,15000.0,0.0017668053946519966
10.0,6.613274712005288,0.8,ST,1.0,15000.0,0.001849900351326781
10.0,6.971125757213828,0.8,ST,1.0,15000.0,0.001924473643420344
10.0,7.3483404877573175,0.8,ST,1.0,15000.0,0.0019901987474709878
10.0,7.745966692414836,0.8,ST,1.0,15000.0,0.002046834430390788
10.0,8.165108856885828,0.8,ST,1.0,15000.0,0.0020943274681756085
10.0,8.606931231718361,0.8,ST,1.0,15000.0,0.002132790118559927
10.0,9.072661066246061,0.8,ST,1.0,15000.0,0.002162392851479822
10.0,9.563592017516726,0.8,ST,1.0,15000.0,0.002183424561722937
10.0,10.081087743681516,0.8,ST,1.0,15000.0,0.002196260822320942
10.0,10.626585691826111,0.8,ST,1.0,15000.0,0.0022013245204163686
10.0,11.20160109076529,0.8,ST,1.0,15000.0,0.002199070643457541
10.0,11.807731159891665,0.8,ST,1.0,15000.0,0.0021900370485516117
10.0,12.446659545769569,0.8,ST,1.0,15000.0,0.0021747293944797156
10.0,13.120160998797505,0.8,ST,1.0,15000.0,0.0021536903872272795
10.0,13.830106302929654,0.8,ST,1.0,15000.0,0.002127468392816487
10.0,14.578467472149546,0.8,ST,1.0,15000.0,0.0020965871028890792
10.0,15.367323228130308,0.8,ST,1.0,15000.0,0.0020615663460614407
10.0,16.198864774296695,0.8,ST,1.0,15000.0,0.0020229144173344745
10.0,17.07540188232742,0.8,ST,1.0,15000.0,0.0019811216696347736
10.0,17.999369308004486,0.8,ST,1.0,15000.0,0.001936622524629398
10.0,18.973333554230518,0.8,ST,1.0,15000.0,0.0018898670254837821
10.0,20.000000000000004,0.8,ST,1.0,15000.0,0.0018412584116599445
10.0,3.0,0.8,ST,2.0,8000.0,0.0006011897402428752
10.0,3.1623330622689494,0.8,ST,2.0,8000.0,0.0007309217772822782
10.0,3.33345013223977,0.8,ST,2.0,8000.0,0.000871791300299567
10.0,3.5138265215355418,0.8,ST,2.0,8000.0,0.0010218532900220802
10.0,3.703963261376446,0.8,ST,2.0,8000.0,0.001178883563597289
10.0,3.9043884942934204,0.8,ST,2.0,8000.0,0.0013404953954228344
10.0,4.1156589411488556,0.8,ST,2.0,8000.0,0.0015042450568387802
10.0,4.338361447539279,0.8,ST,2.0,8000.0,0.0016676988766777844
10.0,4.573114613875481,0.8,ST,2.0,8000.0,0.0018285592911974102
10.0,4.820570513667911,0.8,ST,2.0,8000.0,0.0019846478798924367
10.0,5.0814165047902815,0.8,ST,2.0,8000.0,0.0021340646494865593
10.0,5.356377138752477,0.8,ST,2.0,8000.0,0.0022751342117221444
10.0,5.389452332657201,0.8,ST,2.0,8000.0,0.002291005902533776
10.0,5.646216173286171,0.8,ST,2.0,8000.0,0.002406453404925746
10.0,5.9517386938335095,0.8,ST,2.0,8000.0,0.0025268998016629084
10.0,6.273793349831704,0.8,ST,2.0,8000.0,0.0026356060691840886
10.0,6.613274712005288,0.8,ST,2.0,8000.0,0.0027320045334830994
10.0,6.971125757213828,0.8,ST,2.0,8000.0,0.0028157072191527617
10.0,7.3483404877573175,0.8,ST,2.0,8000.0,0.002886630682765188
10.0,7.745966692414836,0.8,ST,2.0,8000.0,0.0029447858745160036
10.0,8.165108856885828,0.8,ST,2.0,8000.0,0.0029904011253224644
10.0,8.606931231718361,0.8,ST,2.0,8000.0,0.003023883625574861
10.0,9.072661066246061,0.8,ST,2.0,8000.0,0.0030456960262634425
10.0,9.563592017516726,0.8,ST,2.0,8000.0,0.003056424769071564
10.0,10.081087743681516,0.8,ST,2.0,8000.0,0.003056732687922365
10.0,10.626585691826111,0.8,ST,2.0,8000.0,0.0030473175085204973
10.0,11.20160109076529,0.8,ST,2.0,8000.0,0.0030288968938437786
10.0,11.807731159891665,0.8,ST,2.0,8000.0,0.003002260994991507
10.0,12.446659545769569,0.8,ST,2.0,8000.0,0.0029681414489968897
10.0,13.120160998797505,0.8,ST,2.0,8000.0,0.0029273039015928117
10.0,13.830106302929654,0.8,ST,2.0,8000.0,0.002880490258985934
10.0,14.578467472149546,0.8,ST,2.0,8000.0,0.0028284048105064407
10.0,15.367323228130308,0.8,ST,2.0,8000.0,0.0027717316365963147
10.0,16.198864774296695,0.8,ST,2.0,8000.0,0.0027111280058422726
10.0,17.07540188232742,0.8,ST,2.0,8000.0,0.0026472169938924067
10.0,17.999369308004486,0.8,ST,2.0,8000.0,0.002580546042181828
10.0,18.973333554230518,0.8,ST,2.0,8000.0,0.0025116718977860283
10.0,20.000000000000004,0.8,ST,2.0,8000.0,0.0024410905674217653
10.0,3.0,0.8,ST,2.0,10000.0,0.0004967726231709146
10.0,3.1623330622689494,0.8,ST,2.0,10000.0,0.0006092219741241134
10.0,3.33345013223977,0.8,ST,2.0,10000.0,0.000732436383257415
10.0,3.5138265215355418,0.8,ST,2.0,10000.0,0.0008648110996076781
10.0,3.703963261376446,0.8,ST,2.0,10000.0,0.0010044476245280665
10.0,3.9043884942934204,0.8,ST,2.0,10000.0,0.001149255278178833
10.0,4.1156589411488556,0.8,ST,2.0,10000.0,0.0012970493458015764
10.0,4.338361447539279,0.8,ST,2.0,10000.0,0.0014456146828997606
10.0,4.573114613875481,0.8,ST,2.0,10000.0,0.0015928255897241098
10.0,4.820570513667911,0.8,ST,2.0,10000.0,0.0017366358918358684
10.0,5.0814165047902815,0.8,ST,2.0,10000.0,0.001875230221120727
10.0,5.356377138752477,0.8,ST,2.0,10000.0,0.002006983935141417
10.0,5.389452332657201,0.8,ST,2.0,10000.0,0.00202186634844326
10.0,5.646216173286171,0.8,ST,2.0,10000.0,0.002130508291087032
10.0,5.9517386938335095,0.8,ST,2.0,10000.0,0.0022446647917052512
10.0,6.273793349831704,0.8,ST,2.0,10000.0,0.0023485499092734258
10.0,6.613274712005288,0.8,ST,2.0,10000.0,0.0024415345114527677
10.0,6.971125757213828,0.8,ST,2.0,10000.0,0.0025231602480777853
10.0,7.3483404877573175,0.8,ST,2.0,10000.0,0.0025932551587122907
10.0,7.745966692414836,0.8,ST,2.0,10000.0,0.002651740209138761
10.0,8.165108856885828,0.8,ST,2.0,10000.0,0.002698746457534086
10.0,8.606931231718361,0.8,ST,2.0,10000.0,0.0027345814824604
10.0,9.072661066246061,0.8,ST,2.0,10000.0,0.0027596101599868597
10.0,9.563592017516726,0.8,ST,2.0,10000.0,0.0027743207857670632
10.0,10.081087743681516,0.8,ST,2.0,10000.0,0.0027792825227355234
10.0,10.626585691826111,0.8,ST,2.0,10000.0,0.0027751042940045417
10.0,11.20160109076529,0.8,ST,2.0,10000.0,0.002762419329339375
10.0,11.807731159891665,0.8,ST,2.0,10000.0,0.002741937795444423
10.0,12.446659545769569,0.8,ST,2.0,10000.0,0.0027143197214131755
10.0,13.120160998797505,0.8,ST,2.0,10000.0,0.0026802604848545925
10.0,13.830106302929654,0.8,ST,2.0,10000.0,0.002640441980796787
10.0,14.578467472149546,0.8,ST,2.0,10000.0,0.002595512187334918
10.0,15.367323228130308,0.8,ST,2.0,10000.0,0.0025461044420042726
10.0,16.198864774296695,0.8,ST,2.0,10000.0,0.00249283027537713
10.0,17.07540188232742,0.8,ST,2.0,10000.0,0.0024362722687218436
10.0,17.999369308004486,0.8,ST,2.0,10000.0,0.0023769434794850483
10.0,18.973333554230518,0.8,ST,2.0,10000.0,0.0023153685615925988
10.0,20.000000000000004,0.8,ST,2.0,10000.0,0.002252015642262959
10.0,3.0,0.8,ST,2.0,15000.0,0.00031036287508659396
10.0,3.1623330622689494,0.8,ST,2.0,15000.0,0.00038883399534831706
10.0,3.33345013223977,0.8,ST,2.0,15000.0,0.0004767391311822457
10.0,3.5138265215355418,0.8,ST,2.0,15000.0,0.0005731524081607756
10.0,3.703963261376446,0.8,ST,2.0,15000.0,0.0006768510744792505
10.0,3.9043884942934204,0.8,ST,2.0,15000.0,0.0007863837562008859
10.0,4.1156589411488556,0.8,ST,2.0,15000.0,0.0009001460407264758
10.0,4.338361447539279,0.8,ST,2.0,15000.0,0.0010164337759906807
10.0,4.573114613875481,0.8,ST,2.0,15000.0,0.001133543517672675
10.0,4.820570513667911,0.8,ST,2.0,15000.0,0.0012497741399955348
10.0,5.0814165047902815,0.8,ST,2.0,15000.0,0.001363557410516121
10.0,5.356377138752477,0.8,ST,2.0,15000.0,0.0014734411336467554
10.0,5.389452332657201,0.8,ST,2.0,15000.0,0.001485965060966717
10.0,5.646216173286171,0.8,ST,2.0,15000.0,0.0015781321397671177
10.0,5.9517386938335095,0.8,ST,2.0,15000.0,0.0016765164736724616
10.0,6.273793349831704,0.8,ST,2.0,15000.0,0.0017676669244898185
10.0,6.613274712005288,0.8,ST,2.0,15000.0,0.001850870738063944
10.0,6.971125757213828,0.8,ST,2.0,15000.0,0.0019255607271794174
10.0,7.3483404877573175,0.8,ST,2.0,15000.0,0.0019914103427818124
10.0,7.745966692414836,0.8,ST,2.0,15000.0,0.0020481781913922535
10.0,8.165108856885828,0.8,ST,2.0,15000.0,0.002095810827464056
10.0,8.606931231718361,0.8,ST,2.0,15000.0,0.002134420229918147
10.0,9.072661066246061,0.8,ST,2.0,15000.0,0.0021641764470375084
10.0,9.563592017516726,0.8,ST,2.0,15000.0,0.002185367877352073
10.0,10.081087743681516,0.8,ST,2.0,15000.0,0.0021983695504671033
10.0,10.626585691826111,0.8,ST,2.0,15000.0,0.0022036036913691244
10.0,11.20160109076529,0.8,ST,2.0,15000.0,0.0022015245497043912
10.0,11.807731159891665,0.8,ST,2.0,15000.0,0.0021926692406408843
10.0,12.446659545769569,0.8,ST,2.0,15000.0,0.0021775425959330353
10.0,13.120160998797505,0.8,ST,2.0,15000.0,0.0021566864653791134
10.0,13.830106302929654,0.8,ST,2.0,15000.0,0.0021306483828890254
10.0,14.578467472149546,0.8,ST,2.0,15000.0,0.0020999511348108483
10.0,15.367323228130308,0.8,ST,2.0,15000.0,0.0020651136974080726
10.0,16.198864774296695,0.8,ST,2.0,15000.0,0.0020266435359785214
10.0,17.07540188232742,0.8,ST,2.0,15000.0,0.001985030215891082
10.0,17.999369308004486,0.8,ST,2.0,15000.0,0.0019407073268576846
10.0,18.973333554230518,0.8,ST,2.0,15000.0,0.001894124231428024
10.0,20.000000000000004,0.8,ST,2.0,15000.0,0.001845683504112485
10.0,3.0,0.8,PS,0.5,8000.0,0.00020734825525649378
10.0,3.1623330622689494,0.8,PS,0.5,8000.0,0.0002737773020727866
10.0,3.33345013223977,0.8,PS,0.5,8000.0,0.0003521068383621553
10.0,3.5138265215355418,0.8,PS,0.5,8000.0,0.00044216750474190586
10.0,3.703963261376446,0.8,PS,0.5,8000.0,0.0005433459247181215
10.0,3.9043884942934204,0.8,PS,0.5,8000.0,0.0006546225566762859
10.0,4.1156589411488556,0.8,PS,0.5,8000.0,0.0007746303915752117
10.0,4.338361447539279,0.8,PS,0.5,8000.0,0.0009017097172310044
10.0,4.573114613875481,0.8,PS,0.5,8000.0,0.0010340213031540214
10.0,4.820570513667911,0.8,PS,0.5,8000.0,0.0011695707115452051
10.0,5.0814165047902815,0.8,PS,0.5,8000.0,0.0013063706346865083
10.0,5.356377138752477,0.8,PS,0.5,8000.0,0.00144244907530173
10.0,5.389452332657201,0.8,PS,0.5,8000.0,0.0014582142823604048
10.0,5.646216173286171,0.8,PS,0.5,8000.0,0.001575932192789323
10.0,5.9517386938335095,0.8,PS,0.5,8000.0,0.0017050960834288976
10.0,6.273793349831704,0.8,PS,0.5,8000.0,0.0018283844647832218
10.0,6.613274712005288,0.8,PS,0.5,8000.0,0.0019444844684863886
10.0,6.971125757213828,0.8,PS,0.5,8000.0,0.0020522472592564163
10.0,7.3483404877573175,0.8,PS,0.5,8000.0,0.0021508292574273407
10.0,7.745966692414836,0.8,PS,0.5,8000.0,0.0022395121416840733
10.0,8.165108856885828,0.8,PS,0.5,8000.0,0.002317834106199045
10.0,8.606931231718361,0.8,PS,0.5,8000.0,0.0023855666587429486
10.0,9.072661066246061,0.8,PS,0.5,8000.0,0.0024425966977947243
10.0,9.563592017516726,0.8,PS,0.5,8000.0,0.0024889991776865864
10.0,10.081087743681516,0.8,PS,0.5,8000.0,0.0025249912064250215
10.0,10.626585691826111,0.8,PS,0.5,8000.0,0.0025508878134017574
10.0,11.20160109076529,0.8,PS,0.5,8000.0,0.0025670834352011992
10.0,11.807731159891665,0.8,PS,0.5,8000.0,0.0025741074152309785
10.0,12.446659545769569,0.8,PS,0.5,8000.0,0.002572477225578326
10.0,13.120160998797505,0.8,PS,0.5,8000.0,0.002562796076242091
10.0,13.830106302929654,0.8,PS,0.5,8000.0,0.002545685386764971
10.0,14.578467472149546,0.8,PS,0.5,8000.0,0.0025217642562186224
10.0,15.367323228130308,0.8,PS,0.5,8000.0,0.0024916649763523607
10.0,16.198864774296695,0.8,PS,0.5,8000.0,0.0024560217470891705
10.0,17.07540188232742,0.8,PS,0.5,8000.0,0.0024154584496924787
10.0,17.999369308004486,0.8,PS,0.5,8000.0,0.0023705361719584712
10.0,18.973333554230518,0.8,PS,0.5,8000.0,0.0023218493999306246
10.0,20.000000000000004,0.8,PS,0.5,8000.0,0.0022699409439313296
10.0,3.0,0.8,PS,0.5,10000.0,0.000160284294674678
10.0,3.1623330622689494,0.8,PS,0.5,10000.0,0.0002142348268193449
10.0,3.33345013223977,0.8,PS,0.5,10000.0,0.0002786354833824792
10.0,3.5138265215355418,0.8,PS,0.5,10000.0,0.0003535295861813439
10.0,3.703963261376446,0.8,PS,0.5,10000.0,0.000438567546279432
10.0,3.9043884942934204,0.8,PS,0.5,10000.0,0.0005330263333018498
10.0,4.1156589411488556,0.8,PS,0.5,10000.0,0.00063585173684087
10.0,4.338361447539279,0.8,PS,0.5,10000.0,0.0007456993752257498
10.0,4.573114613875481,0.8,PS,0.5,10000.0,0.0008610301567687731
10.0,4.820570513667911,0.8,PS,0.5,10000.0,0.0009801309804755316
10.0,5.0814165047902815,0.8,PS,0.5,10000.0,0.0011012582727115536
10.0,5.356377138752477,0.8,PS,0.5,10000.0,0.0012226512258566465
10.0,5.389452332657201,0.8,PS,0.5,10000.0,0.0012367731871722578
10.0,5.646216173286171,0.8,PS,0.5,10000.0,0.0013426061358243686
10.0,5.9517386938335095,0.8,PS,0.5,10000.0,0.0014595283289996575
10.0,6.273793349831704,0.8,PS,0.5,10000.0,0.0015719565347884104
10.0,6.613274712005288,0.8,PS,0.5,10000.0,0.001678631147665401
10.0,6.971125757213828,0.8,PS,0.5,10000.0,0.0017784318032824354
10.0,7.3483404877573175,0.8,PS,0.5,10000.0,0.0018705063181250405
10.0,7.745966692414836,0.8,PS,0.5,10000.0,0.001954112383454129
10.0,8.165108856885828,0.8,PS,0.5,10000.0,0.00202874043595696
10.0,8.606931231718361,0.8,PS,0.5,10000.0,0.0020940970272228295
10.0,9.072661066246061,0.8,PS,0.5,10000.0,0.0021499955010399765
10.0,9.563592017516726,0.8,PS,0.5,10000.0,0.002196425472546178
10.0,10.081087743681516,0.8,PS,0.5,10000.0,0.002233514120263422
10.0,10.626585691826111,0.8,PS,0.5,10000.0,0.0022614845475597807
10.0,11.20160109076529,0.8,PS,0.5,10000.0,0.0022806380541224836
10.0,11.807731159891665,0.8,PS,0.5,10000.0,0.0022914091234636272
10.0,12.446659545769569,0.8,PS,0.5,10000.0,0.0022942271024595016
10.0,13.120160998797505,0.8,PS,0.5,10000.0,0.0022896044678253173
10.0,13.830106302929654,0.8,PS,0.5,10000.0,0.0022780810356488766
10.0,14.578467472149546,0.8,PS,0.5,10000.0,0.0022601972178950694
10.0,15.367323228130308,0.8,PS,0.5,10000.0,0.0022365115345824235
10.0,16.198864774296695,0.8,PS,0.5,10000.0,0.0022075892624823963
10.0,17.07540188232742,0.8,PS,0.5,10000.0,0.0021739909860309936
10.0,17.999369308004486,0.8,PS,0.5,10000.0,0.0021362223845909716
10.0,18.973333554230518,0.8,PS,0.5,10000.0,0.0020948242765313975
10.0,20.000000000000004,0.8,PS,0.5,10000.0,0.0020502915810657004
10.0,3.0,0.8,PS,0.5,15000.0,8.468962750272913e-05
10.0,3.1623330622689494,0.8,PS,0.5,15000.0,0.00011666017074679269
10.0,3.33345013223977,0.8,PS,0.5,15000.0,0.00015598892321605392
10.0,3.5138265215355418,0.8,PS,0.5,15000.0,0.00020302001245095587
10.0,3.703963261376446,0.8,PS,0.5,15000.0,0.00025782554357633856
10.0,3.9043884942934204,0.8,PS,0.5,15000.0,0.00032019528600996496
10.0,4.1156589411488556,0.8,PS,0.5,15000.0,0.0003896473944560038
10.0,4.338361447539279,0.8,PS,0.5,15000.0,0.0004654430428781999
10.0,4.573114613875481,0.8,PS,0.5,15000.0,0.0005466437974520229
10.0,4.820570513667911,0.8,PS,0.5,15000.0,0.0006321221653457764
10.0,5.0814165047902815,0.8,PS,0.5,15000.0,0.000720663657878902
10.0,5.356377138752477,0.8,PS,0.5,15000.0,0.0008109830546263975
10.0,5.389452332657201,0.8,PS,0.5,15000.0,0.0008215923527081821
10.0,5.646216173286171,0.8,PS,0.5,15000.0,0.0009017816463960353
10.0,5.9517386938335095,0.8,PS,0.5,15000.0,0.0009917917639093298
10.0,6.273793349831704,0.8,PS,0.5,15000.0,0.001079811933648522
10.0,6.613274712005288,0.8,PS,0.5,15000.0,0.00116475755734878
10.0,6.971125757213828,0.8,PS,0.5,15000.0,0.0012456302584307446
10.0,7.3483404877573175,0.8,PS,0.5,15000.0,0.0013216194656156415
10.0,7.745966692414836,0.8,PS,0.5,15000.0,0.0013919892807190974
10.0,8.165108856885828,0.8,PS,0.5,15000.0,0.0014561810429375428
10.0,8.606931231718361,0.8,PS,0.5,15000.0,0.0015138094602712194
10.0,9.072661066246061,0.8,PS,0.5,15000.0,0.0015645738538839157
10.0,9.563592017516726,0.8,PS,0.5,15000.0,0.0016083192449383307
10.0,10.081087743681516,0.8,PS,0.5,15000.0,0.001645012495265478
10.0,10.626585691826111,0.8,PS,0.5,15000.0,0.001674707034586707
10.0,11.20160109076529,0.8,PS,0.5,15000.0,0.001697528223263288
10.0,11.807731159891665,0.8,PS,0.5,15000.0,0.0017137247375185315
10.0,12.446659545769569,0.8,PS,0.5,15000.0,0.0017235522132143487
10.0,13.120160998797505,0.8,PS,0.5,15000.0,0.0017273409411709517
10.0,13.830106302929654,0.8,PS,0.5,15000.0,0.0017254624495973922
10.0,14.578467472149546,0.8,PS,0.5,15000.0,0.0017182950005402153
10.0,15.367323228130308,0.8,PS,0.5,15000.0,0.0017062425635200908
10.0,16.198864774296695,0.8,PS,0.5,15000.0,0.0016897242447247284
10.0,17.07540188232742,0.8,PS,0.5,15000.0,0.0016691648689446412
10.0,17.999369308004486,0.8,PS,0.5,15000.0,0.001644950627281243
10.0,18.973333554230518,0.8,PS,0.5,15000.0,0.0016175046219542959
10.0,20.000000000000004,0.8,PS,0.5,15000.0,0.0015872164054851056
10.0,3.0,0.8,PS,1.0,8000.0,0.00020757597295066664
10.0,3.1623330622689494,0.8,PS,1.0,8000.0,0.0002740823201683248
10.0,3.33345013223977,0.8,PS,1.0,8000.0,0.0003525054905192102
10.0,3.5138265215355418,0.8,PS,1.0,8000.0,0.0004426771314995429
10.0,3.703963261376446,0.8,PS,1.0,8000.0,0.000543984532334779
10.0,3.9043884942934204,0.8,PS,1.0,8000.0,0.0006554084786597622
10.0,4.1156589411488556,0.8,PS,1.0,8000.0,0.000775581963836625
10.0,4.338361447539279,0.8,PS,1.0,8000.0,0.0009028449637882177
10.0,4.573114613875481,0.8,PS,1.0,8000.0,0.0010353576930547902
10.0,4.820570513667911,0.8,PS,1.0,8000.0,0.001171124895129663
10.0,5.0814165047902815,0.8,PS,1.0,8000.0,0.001308158319340457
10.0,5.356377138752477,0.8,PS,1.0,8000.0,0.001444484864741121
10.0,5.389452332657201,0.8,PS,1.0,8000.0,0.0014602799574059743
10.0,5.646216173286171,0.8,PS,1.0,8000.0,0.0015782295060756805
10.0,5.9517386938335095,0.8,PS,1.0,8000.0,0.0017076671097526223
10.0,6.273793349831704,0.8,PS,1.0,8000.0,0.0018312401083111418
10.0,6.613274712005288,0.8,PS,1.0,8000.0,0.0019476344076364415
10.0,6.971125757213828,0.8,PS,1.0,8000.0,0.00205569987982523
10.0,7.3483404877573175,0.8,PS,1.0,8000.0,0.002154591804457256
10.0,7.745966692414836,0.8,PS,1.0,8000.0,0.0022435906192529165
10.0,8.165108856885828,0.8,PS,1.0,8000.0,0.0023222333860475927
10.0,8.606931231718361,0.8,PS,1.0,8000.0,0.002390290581953826
10.0,9.072661066246061,0.8,PS,1.0,8000.0,0.0024476480249283846
10.0,9.563592017516726,0.8,PS,1.0,8000.0,0.0024943796872196893
10.0,10.081087743681516,0.8,PS,1.0,8000.0,0.002530701752913129
10.0,10.626585691826111,0.8,PS,1.0,8000.0,0.002556928320129478
10.0,11.20160109076529,0.8,PS,1.0,8000.0,0.00257345291343921
10.0,11.807731159891665,0.8,PS,1.0,8000.0,0.002580804108248037
10.0,12.446659545769569,0.8,PS,1.0,8000.0,0.002579498506460763
10.0,13.120160998797505,0.8,PS,1.0,8000.0,0.0025701385900224008
10.0,13.830106302929654,0.8,PS,1.0,8000.0,0.002553345049642178
10.0,14.578467472149546,0.8,PS,1.0,8000.0,0.0025297362467458164
10.0,15.367323228130308,0.8,PS,1.0,8000.0,0.0024999438103314865
10.0,16.198864774296695,0.8,PS,1.0,8000.0,0.0024646013342116296
10.0,17.07540188232742,0.8,PS,1.0,8000.0,0.002424332145253815
10.0,17.999369308004486,0.8,PS,1.0,8000.0,0.0023796966652394006
10.0,18.973333554230518,0.8,PS,1.0,8000.0,0.002331288951361193
10.0,20.000000000000004,0.8,PS,1.0,8000.0,0.0022796513661402845
10.0,3.0,0.8,PS,1.0,10000.0,0.00016037911576556664
10.0,3.1623330622689494,0.8,PS,1.0,10000.0,0.00021436512728480268
10.0,3.33345013223977,0.8,PS,1.0,10000.0,0.0002788099686794584
10.0,3.5138265215355418,0.8,PS,1.0,10000.0,0.0003537578509949401
10.0,3.703963261376446,0.8,PS,1.0,10000.0,0.0004388599363896318
10.0,3.9043884942934204,0.8,PS,1.0,10000.0,0.0005333937907807421
10.0,4.1156589411488556,0.8,PS,1.0,10000.0,0.0006363056375825432
10.0,4.338361447539279,0.8,PS,1.0,10000.0,0.0007462513558564234
10.0,4.573114613875481,0.8,PS,1.0,10000.0,0.0008616919673296963
10.0,4.820570513667911,0.8,PS,1.0,10000.0,0.0009809143126479113
10.0,5.0814165047902815,0.8,PS,1.0,10000.0,0.0011021746563186828
10.0,5.356377138752477,0.8,PS,1.0,10000.0,0.0012237119021360772
10.0,5.389452332657201,0.8,PS,1.0,10000.0,0.0012378514382631466
10.0,5.646216173286171,0.8,PS,1.0,10000.0,0.0013438219634549758
10.0,5.9517386938335095,0.8,PS,1.0,10000.0,0.0014609097083851715
10.0,6.273793349831704,0.8,PS,1.0,10000.0,0.0015735133332161696
10.0,6.613274712005288,0.8,PS,1.0,10000.0,0.0016803726790962955
10.0,6.971125757213828,0.8,PS,1.0,10000.0,0.0017803667420579906
10.0,7.3483404877573175,0.8,PS,1.0,10000.0,0.001872642742295958
10.0,7.745966692414836,0.8,PS,1.0,10000.0,0.001956457658260574
10.0,8.165108856885828,0.8,PS,1.0,10000.0,0.0020313012386139998
10.0,8.606931231718361,0.8,PS,1.0,10000.0,0.0020968793781451895
10.0,9.072661066246061,0.8,PS,1.0,10000.0,0.002153004677600387
10.0,9.563592017516726,0.8,PS,1.0,10000.0,0.002199666032981051
10.0,10.081087743681516,0.8,PS,1.0,10000.0,0.0022369899187767123
10.0,10.626585691826111,0.8,PS,1.0,10000.0,0.0022651986905757125
10.0,11.20160109076529,0.8,PS,1.0,10000.0,0.0022845928784095077
10.0,11.807731159891665,0.8,PS,1.0,10000.0,0.002295606283829777
10.0,12.446659545769569,0.8,PS,1.0,10000.0,0.0022986674768661155
10.0,13.120160998797505,0.8,PS,1.0,10000.0,0.0022942882198019625
10.0,13.830106302929654,0.8,PS,1.0,10000.0,0.0022830076361583973
10.0,14.578467472149546,0.8,PS,1.0,10000.0,0.0022653654005146805
10.0,15.367323228130308,0.8,PS,1.0,10000.0,0.0022419193523482896
10.0,16.198864774296695,0.8,PS,1.0,10000.0,0.002213234125312315
10.0,17.07540188232742,0.8,PS,1.0,10000.0,0.0021798697029693074
10.0,17.999369308004486,0.8,PS,1.0,10000.0,0.0021423310749948982
10.0,18.973333554230518,0.8,PS,1.0,10000.0,0.002101158558224761
10.0,20.000000000000004,0.8,PS,1.0,10000.0,0.002056846552485397
10.0,3.0,0.8,PS,1.0,15000.0,8.472472469124413e-05
10.0,3.1623330622689494,0.8,PS,1.0,15000.0,0.00011671045780385978
10.0,3.33345013223977,0.8,PS,1.0,15000.0,0.00015605894683575326
10.0,3.5138265215355418,0.8,PS,1.0,15000.0,0.00020311503721348183
10.0,3.703963261376446,0.8,PS,1.0,15000.0,0.00025795152401879306
10.0,3.9043884942934204,0.8,PS,1.0,15000.0,0.0003203588184993944
10.0,4.1156589411488556,0.8,PS,1.0,15000.0,0.00038985565340799155
10.0,4.338361447539279,0.8,PS,1.0,15000.0,0.0004657036991812308
10.0,4.573114613875481,0.8,PS,1.0,15000.0,0.0005469649391310904
10.0,4.820570513667911,0.8,PS,1.0,15000.0,0.0006325121930921604
10.0,5.0814165047902815,0.8,PS,1.0,15000.0,0.0007211312098605589
10.0,5.356377138752477,0.8,PS,1.0,15000.0,0.0008115369117518047
10.0,5.389452332657201,0.8,PS,1.0,15000.0,0.0008221568695586302
10.0,5.646216173286171,0.8,PS,1.0,15000.0,0.0009024306475872813
10.0,5.9517386938335095,0.8,PS,1.0,15000.0,0.0009925447242355731
10.0,6.273793349831704,0.8,PS,1.0,15000.0,0.0010806775682499705
10.0,6.613274712005288,0.8,PS,1.0,15000.0,0.0011657444252224742
10.0,6.971125757213828,0.8,PS,1.0,15000.0,0.001246746671595422
10.0,7.3483404877573175,0.8,PS,1.0,15000.0,0.0013228734750058409
10.0,7.745966692414836,0.8,PS,1.0,15000.0,0.0013933885557854213
10.0,8.165108856885828,0.8,PS,1.0,15000.0,0.0014577328495908083
10.0,8.606931231718361,0.8,PS,1.0,15000.0,0.0015155206507866672
10.0,9.072661066246061,0.8,PS,1.0,15000.0,0.0015664507625785117
10.0,9.563592017516726,0.8,PS,1.0,15000.0,0.0016103676683743595
10.0,10.081087743681516,0.8,PS,1.0,15000.0,0.0016472376804385787
10.0,10.626585691826111,0.8,PS,1.0,15000.0,0.0016771136125737335
10.0,11.20160109076529,0.8,PS,1.0,15000.0,0.0017001201637320488
10.0,11.807731159891665,0.8,PS,1.0,15000.0,0.0017165053975608028
10.0,12.446659545769569,0.8,PS,1.0,15000.0,0.0017265242481643735
10.0,13.120160998797505,0.8,PS,1.0,15000.0,0.00173050631936018
10.0,13.830106302929654,0.8,PS,1.0,15000.0,0.0017288224790800591
10.0,14.578467472149546,0.8,PS,1.0,15000.0,0.0017218502670218708
10.0,15.367323228130308,0.8,PS,1.0,15000.0,0.001709992972706916
10.0,16.198864774296695,0.8,PS,1.0,15000.0,0.0016936690459536362
10.0,17.07540188232742,0.8,PS,1.0,15000.0,0.0016733026895150295
10.0,17.999369308004486,0.8,PS,1.0,15000.0,0.0016492793974099698
10.0,18.973333554230518,0.8,PS,1.0,15000.0,0.0016220217289055047
10.0,20.000000000000004,0.8,PS,1.0,15000.0,0.0015919186771842354
10.0,3.0,0.8,PS,2.0,8000.0,0.00020769019950104403
10.0,3.1623330622689494,0.8,PS,2.0,8000.0,0.00027423533407784905
10.0,3.33345013223977,0.8,PS,2.0,8000.0,0.00035270549352864333
10.0,3.5138265215355418,0.8,PS,2.0,8000.0,0.0004429328334084544
10.0,3.703963261376446,0.8,PS,2.0,8000.0,0.0005443049803485453
10.0,3.9043884942934204,0.8,PS,2.0,8000.0,0.0006558028880930519
10.0,4.1156589411488556,0.8,PS,2.0,8000.0,0.0007760595556658368
10.0,4.338361447539279,0.8,PS,2.0,8000.0,0.0009034148075373187
10.0,4.573114613875481,0.8,PS,2.0,8000.0,0.0010360285854803422
10.0,4.820570513667911,0.8,PS,2.0,8000.0,0.0011719052286443227
10.0,5.0814165047902815,0.8,PS,2.0,8000.0,0.001309056020580265
10.0,5.356377138752477,0.8,PS,2.0,8000.0,0.001445507314999911
10.0,5.389452332657201,0.8,PS,2.0,8000.0,0.001461317437374003
10.0,5.646216173286171,0.8,PS,2.0,8000.0,0.001579383501996496
10.0,5.9517386938335095,0.8,PS,2.0,8000.0,0.0017089588422041892
10.0,6.273793349831704,0.8,PS,2.0,8000.0,0.001832675136490086
10.0,6.613274712005288,0.8,PS,2.0,8000.0,0.0019492176908916538
10.0,6.971125757213828,0.8,PS,2.0,8000.0,0.002057435746282006
10.0,7.3483404877573175,0.8,PS,2.0,8000.0,0.002156484029682174
10.0,7.745966692414836,0.8,PS,2.0,8000.0,0.0022456423782674885
10.0,8.165108856885828,0.8,PS,2.0,8000.0,0.002324447310227925
10.0,8.606931231718361,0.8,PS,2.0,8000.0,0.002392668812331758
10.0,9.072661066246061,0.8,PS,2.0,8000.0,0.0024501921889503045
10.0,9.563592017516726,0.8,PS,2.0,8000.0,0.002497090949672844
10.0,10.081087743681516,0.8,PS,2.0,8000.0,0.002533580846356555
10.0,10.626585691826111,0.8,PS,2.0,8000.0,0.0025599755414333126
10.0,11.20160109076529,0.8,PS,2.0,8000.0,0.0025766681332244105
10.0,11.807731159891665,0.8,PS,2.0,8000.0,0.002584186842614956
10.0,12.446659545769569,0.8,PS,2.0,8000.0,0.0025830478641130777
10.0,13.120160998797505,0.8,PS,2.0,8000.0,0.0025738533415751233
10.0,13.830106302929654,0.8,PS,2.0,8000.0,0.0025572236248353783
10.0,14.578467472149546,0.8,PS,2.0,8000.0,0.002533776726312687
10.0,15.367323228130308,0.8,PS,2.0,8000.0,0.0025041439607032946
10.0,16.198864774296695,0.8,PS,2.0,8000.0,0.002468958632262198
10.0,17.07540188232742,0.8,PS,2.0,8000.0,0.002428843800522303
10.0,17.999369308004486,0.8,PS,2.0,8000.0,0.0023843595585008462
10.0,18.973333554230518,0.8,PS,2.0,8000.0,0.0023360997514985616
10.0,20.000000000000004,0.8,PS,2.0,8000.0,0.00228460651645247
10.0,3.0,0.8,PS,2.0,10000.0,0.00016042657636595816
10.0,3.1623330622689494,0.8,PS,2.0,10000.0,0.00021443034831600304
10.0,3.33345013223977,0.8,PS,2.0,10000.0,0.00027889730906424935
10.0,3.5138265215355418,0.8,PS,2.0,10000.0,0.000353872115449079
10.0,3.703963261376446,0.8,PS,2.0,10000.0,0.00043900630648469594
10.0,3.9043884942934204,0.8,PS,2.0,10000.0,0.0005335777477123616
10.0,4.1156589411488556,0.8,PS,2.0,10000.0,0.0006365328811672973
10.0,4.338361447539279,0.8,PS,2.0,10000.0,0.0007465277183026801
10.0,4.573114613875481,0.8,PS,2.0,10000.0,0.0008620233400294296
10.0,4.820570513667911,0.8,PS,2.0,10000.0,0.0009813065608732354
10.0,5.0814165047902815,0.8,PS,2.0,10000.0,0.0011026335682883643
10.0,5.356377138752477,0.8,PS,2.0,10000.0,0.0012242431266648605
10.0,5.389452332657201,0.8,PS,2.0,10000.0,0.0012383914717253959
10.0,5.646216173286171,0.8,PS,2.0,10000.0,0.0013444309642503176
10.0,5.9517386938335095,0.8,PS,2.0,10000.0,0.001461601727734465
10.0,6.273793349831704,0.8,PS,2.0,10000.0,0.0015742933563701717
10.0,6.613274712005288,0.8,PS,2.0,10000.0,0.0016812454262397853
10.0,6.971125757213828,0.8,PS,2.0,10000.0,0.0017813366273661904
10.0,7.3483404877573175,0.8,PS,2.0,10000.0,0.0018737138980671648
10.0,7.745966692414836,0.8,PS,2.0,10000.0,0.0019576338789164534
10.0,8.165108856885828,0.8,PS,2.0,10000.0,0.002032585995488071
10.0,8.606931231718361,0.8,PS,2.0,10000.0,0.0020982758373897653
10.0,9.072661066246061,0.8,PS,2.0,10000.0,0.002154515658743
10.0,9.563592017516726,0.8,PS,2.0,10000.0,0.002201294022329558
10.0,10.081087743681516,0.8,PS,2.0,10000.0,0.002238737078204069
10.0,10.626585691826111,0.8,PS,2.0,10000.0,0.0022670668357595973
10.0,11.20160109076529,0.8,PS,2.0,10000.0,0.002286583467545345
10.0,11.807731159891665,0.8,PS,2.0,10000.0,0.00229772046089221
10.0,12.446659545769569,0.8,PS,2.0,10000.0,0.002300906022493943
10.0,13.120160998797505,0.8,PS,2.0,10000.0,0.0022966515801829293
10.0,13.830106302929654,0.8,PS,2.0,10000.0,0.0022854959317561625
10.0,14.578467472149546,0.8,PS,2.0,10000.0,0.00226797839964332
10.0,15.367323228130308,0.8,PS,2.0,10000.0,0.002244656496678206
10.0,16.198864774296695,0.8,PS,2.0,10000.0,0.0022160945447895993
10.0,17.07540188232742,0.8,PS,2.0,10000.0,0.0021828522331530428
10.0,17.999369308004486,0.8,PS,2.0,10000.0,0.002145434207217334
10.0,18.973333554230518,0.8,PS,2.0,10000.0,0.0021043805313843236
10.0,20.000000000000004,0.8,PS,2.0,10000.0,0.0020601853398054685
10.0,3.0,0.8,PS,2.0,15000.0,8.474228443208271e-05
10.0,3.1623330622689494,0.8,PS,2.0,15000.0,0.00011673561802073818
10.0,3.33345013223977,0.8,PS,2.0,15000.0,0.00015609398299906797
10.0,3.5138265215355418,0.8,PS,2.0,15000.0,0.00020316258434904504
10.0,3.703963261376446,0.8,PS,2.0,15000.0,0.0002580145628907022
10.0,3.9043884942934204,0.8,PS,2.0,15000.0,0.0003204406517417723
10.0,4.1156589411488556,0.8,PS,2.0,15000.0,0.0003899598738974907
10.0,4.338361447539279,0.8,PS,2.0,15000.0,0.0004658341496031976
10.0,4.573114613875481,0.8,PS,2.0,15000.0,0.0005471256727935149
10.0,4.820570513667911,0.8,PS,2.0,15000.0,0.0006327074223181772
10.0,5.0814165047902815,0.8,PS,2.0,15000.0,0.0007213652692295579
10.0,5.356377138752477,0.8,PS,2.0,15000.0,0.0008118142117778266
10.0,5.389452332657201,0.8,PS,2.0,15000.0,0.00082243951130125
10.0,5.646216173286171,0.8,PS,2.0,15000.0,0.0009027556336584717
10.0,5.9517386938335095,0.8,PS,2.0,15000.0,0.0009929218372369888
10.0,6.273793349831704,0.8,PS,2.0,15000.0,0.0010811112083504442
10.0,6.613274712005288,0.8,PS,2.0,15000.0,0.0011662389258285193
10.0,6.971125757213828,0.8,PS,2.0,15000.0,0.0012473062561592471
10.0,7.3483404877573175,0.8,PS,2.0,15000.0,0.0013235022524000946
10.0,7.745966692414836,0.8,PS,2.0,15000.0,0.001394090462386909
10.0,8.165108856885828,0.8,PS,2.0,15000.0,0.0014585116406165032
10.0,8.606931231718361,0.8,PS,2.0,15000.0,0.0015163798975093765
10.0,9.072661066246061,0.8,PS,2.0,15000.0,0.0015673938018405276
10.0,9.563592017516726,0.8,PS,2.0,15000.0,0.0016113975940971635
10.0,10.081087743681516,0.8,PS,2.0,15000.0,0.0016483573389244868
10.0,10.626585691826111,0.8,PS,2.0,15000.0,0.0016783255694203286
10.0,11.20160109076529,0.8,PS,2.0,15000.0,0.0017014266807083656
10.0,11.807731159891665,0.8,PS,2.0,15000.0,0.0017179084563730053
10.0,12.446659545769569,0.8,PS,2.0,15000.0,0.0017280255042063236
10.0,13.120160998797505,0.8,PS,2.0,15000.0,0.0017321071066696396
10.0,13.830106302929654,0.8,PS,2.0,15000.0,0.001730523821499924
10.0,14.578467472149546,0.8,PS,2.0,15000.0,0.0017236528430996344
10.0,15.367323228130308,0.8,PS,2.0,15000.0,0.0017118971339051008
10.0,16.198864774296695,0.8,PS,2.0,15000.0,0.001695674824618998
10.0,17.07540188232742,0.8,PS,2.0,15000.0,0.0016754098122136593
10.0,17.999369308004486,0.8,PS,2.0,15000.0,0.0016514872419844968
10.0,18.973333554230518,0.8,PS,2.0,15000.0,0.0016243293991308524
10.0,20.000000000000004,0.8,PS,2.0,15000.0,0.0015943249902234022
10.0,3.0,1.0,ST,0.5,8000.0,0.0014778984055782447
10.0,3.1623330622689494,1.0,ST,0.5,8000.0,0.0017223658683126217
10.0,3.33345013223977,1.0,ST,0.5,8000.0,0.0019761195361512377
10.0,3.5138265215355418,1.0,ST,0.5,8000.0,0.0022351863470223402
10.0,3.703963261376446,1.0,ST,0.5,8000.0,0.002495563184801879
10.0,3.9043884942934204,1.0,ST,0.5,8000.0,0.0027533810679529576
10.0,4.1156589411488556,1.0,ST,0.5,8000.0,0.0030050278142076466
10.0,4.338361447539279,1.0,ST,0.5,8000.0,0.0032471959907759773
10.0,4.573114613875481,1.0,ST,0.5,8000.0,0.0034770233502855368
10.0,4.820570513667911,1.0,ST,0.5,8000.0,0.003692001837555317
10.0,5.0814165047902815,1.0,ST,0.5,8000.0,0.0038901702935338943
10.0,5.356377138752477,1.0,ST,0.5,8000.0,0.004069975932076804
10.0,5.389452332657201,1.0,ST,0.5,8000.0,0.004089733231314615
10.0,5.646216173286171,1.0,ST,0.5,8000.0,0.0042303043718945575
10.0,5.9517386938335095,1.0,ST,0.5,8000.0,0.00437045535534886
10.0,6.273793349831704,1.0,ST,0.5,8000.0,0.004490076455390686
10.0,6.613274712005288,1.0,ST,0.5,8000.0,0.004589203652391938
10.0,6.971125757213828,1.0,ST,0.5,8000.0,0.004668074731647398
10.0,7.3483404877573175,1.0,ST,0.5,8000.0,0.004727291632614912
10.0,7.745966692414836,1.0,ST,0.5,8000.0,0.004767522081042034
10.0,8.165108856885828,1.0,ST,0.5,8000.0,0.004789665205160515
10.0,8.606931231718361,1.0,ST,0.5,8000.0,0.004794794201792163
10.0,9.072661066246061,1.0,ST,0.5,8000.0,0.0047839922104158
10.0,9.563592017516726,1.0,ST,0.5,8000.0,0.004758445330127391
10.0,10.081087743681516,1.0,ST,0.5,8000.0,0.004719381471114993
10.0,10.626585691826111,1.0,ST,0.5,8000.0,0.004668020505269005
10.0,11.20160109076529,1.0,ST,0.5,8000.0,0.004605558979571274
10.0,11.807731159891665,1.0,ST,0.5,8000.0,0.004533240587142431
10.0,12.446659545769569,1.0,ST,0.5,8000.0,0.004452193377007741
10.0,13.120160998797505,1.0,ST,0.5,8000.0,0.004363551704716169
10.0,13.830106302929654,1.0,ST,0.5,8000.0,0.0042683862973839455
10.0,14.578467472149546,1.0,ST,0.5,8000.0,0.004167691687562782
10.0,15.367323228130308,1.0,ST,0.5,8000.0,0.004062410683631691
10.0,16.198864774296695,1.0,ST,0.5,8000.0,0.00395342956905007
10.0,17.07540188232742,1.0,ST,0.5,8000.0,0.0038415717859873696
10.0,17.999369308004486,1.0,ST,0.5,8000.0,0.003727550661071943
10.0,18.973333554230518,1.0,ST,0.5,8000.0,0.003612074725890631
10.0,20.000000000000004,1.0,ST,0.5,8000.0,0.0034957649182122386
10.0,3.0,1.0,ST,0.5,10000.0,0.0012646064612940632
10.0,3.1623330622689494,1.0,ST,0.5,10000.0,0.001484074729419447
10.0,3.33345013223977,1.0,ST,0.5,10000.0,0.0017136361076643054
10.0,3.5138265215355418,1.0,ST,0.5,10000.0,0.0019497204607487914
10.0,3.703963261376446,1.0,ST,0.5,10000.0,0.0021886641726536257
10.0,3.9043884942934204,1.0,ST,0.5,10000.0,0.0024268655349770447
10.0,4.1156589411488556,1.0,ST,0.5,10000.0,0.0026609101522067596
10.0,4.338361447539279,1.0,ST,0.5,10000.0,0.0028876241596143383
10.0,4.573114613875481,1.0,ST,0.5,10000.0,0.003104215711002875
10.0,4.820570513667911,1.0,ST,0.5,10000.0,0.0033081991055570977
10.0,5.0814165047902815,1.0,ST,0.5,10000.0,0.0034975832397713866
10.0,5.356377138752477,1.0,ST,0.5,10000.0,0.00367075417009541
10.0,5.389452332657201,1.0,ST,0.5,10000.0,0.003689872260167282
10.0,5.646216173286171,1.0,ST,0.5,10000.0,0.0038265032804257262
10.0,5.9517386938335095,1.0,ST,0.5,10000.0,0.003964012059324694
10.0,6.273793349831704,1.0,ST,0.5,10000.0,0.004082799582267335
10.0,6.613274712005288,1.0,ST,0.5,10000.0,0.0041827558033670905
10.0,6.971125757213828,1.0,ST,0.5,10000.0,0.004263974137312209
10.0,7.3483404877573175,1.0,ST,0.5,10000.0,0.004326902694071976
10.0,7.745966692414836,1.0,ST,0.5,10000.0,0.004372062928306504
10.0,8.165108856885828,1.0,ST,0.5,10000.0,0.004400208982614474
10.0,8.606931231718361,1.0,ST,0.5,10000.0,0.004412275132974797
10.0,9.072661066246061,1.0,ST,0.5,10000.0,0.004409213640579625
10.0,9.563592017516726,1.0,ST,0.5,10000.0,0.004392085522366288
10.0,10.081087743681516,1.0,ST,0.5,10000.0,0.00436200408920298
10.0,10.626585691826111,1.0,ST,0.5,10000.0,0.004320084113739777
10.0,11.20160109076529,1.0,ST,0.5,10000.0,0.004267425108561129
10.0,11.807731159891665,1.0,ST,0.5,10000.0,0.00420518242432499
10.0,12.446659545769569,1.0,ST,0.5,10000.0,0.004134406677438266
10.0,13.120160998797505,1.0,ST,0.5,10000.0,0.004056158143211825
10.0,13.830106302929654,1.0,ST,0.5,10000.0,0.003971446792212914
10.0,14.578467472149546,1.0,ST,0.5,10000.0,0.0038812110019547865
10.0,15.367323228130308,1.0,ST,0.5,10000.0,0.0037863445149780065
10.0,16.198864774296695,1.0,ST,0.5,10000.0,0.003687690672181759
10.0,17.07540188232742,1.0,ST,0.5,10000.0,0.0035860361468288285
10.0,17.999369308004486,1.0,ST,0.5,10000.0,0.003482063987793436
10.0,18.973333554230518,1.0,ST,0.5,10000.0,0.0033764555008267347
10.0,20.000000000000004,1.0,ST,0.5,10000.0,0.003269808675723043
10.0,3.0,1.0,ST,0.5,15000.0,0.0008605882343334586
10.0,3.1623330622689494,1.0,ST,0.5,15000.0,0.0010274136905328165
10.0,3.33345013223977,1.0,ST,0.5,15000.0,0.0012051853671030295
10.0,3.5138265215355418,1.0,ST,0.5,15000.0,0.0013912503392726945
10.0,3.703963261376446,1.0,ST,0.5,15000.0,0.0015827496826022727
10.0,3.9043884942934204,1.0,ST,0.5,15000.0,0.0017767501105455195
10.0,4.1156589411488556,1.0,ST,0.5,15000.0,0.0019703638411703948
10.0,4.338361447539279,1.0,ST,0.5,15000.0,0.0021608105811860784
10.0,4.573114613875481,1.0,ST,0.5,15000.0,0.0023455531911281977
10.0,4.820570513667911,1.0,ST,0.5,15000.0,0.002522252878842675
10.0,5.0814165047902815,1.0,ST,0.5,15000.0,0.002688945100134494
10.0,5.356377138752477,1.0,ST,0.5,15000.0,0.0028439625048410667
10.0,5.389452332657201,1.0,ST,0.5,15000.0,0.002861249904101223
10.0,5.646216173286171,1.0,ST,0.5,15000.0,0.002985965858122694
10.0,5.9517386938335095,1.0,ST,0.5,15000.0,0.003113940629061871
10.0,6.273793349831704,1.0,ST,0.5,15000.0,0.0032271784224982263
10.0,6.613274712005288,1.0,ST,0.5,15000.0,0.0033252936130224475
10.0,6.971125757213828,1.0,ST,0.5,15000.0,0.00340809955105702
10.0,7.3483404877573175,1.0,ST,0.5,15000.0,0.0034757345149289006
10.0,7.745966692414836,1.0,ST,0.5,15000.0,0.003528421681217285
10.0,8.165108856885828,1.0,ST,0.5,15000.0,0.0035666123789989818
10.0,8.606931231718361,1.0,ST,0.5,15000.0,0.003590945089335685
10.0,9.072661066246061,1.0,ST,0.5,15000.0,0.0036020912322936383
10.0,9.563592017516726,1.0,ST,0.5,15000.0,0.0036008396843753114
10.0,10.081087743681516,1.0,ST,0.5,15000.0,0.003588051365128614
10.0,10.626585691826111,1.0,ST,0.5,15000.0,0.003564607026613662
10.0,11.20160109076529,1.0,ST,0.5,15000.0,0.0035313889601997256
10.0,11.807731159891665,1.0,ST,0.5,15000.0,0.0034893511381223173
10.0,12.446659545769569,1.0,ST,0.5,15000.0,0.0034393676080676718
10.0,13.120160998797505,1.0,ST,0.5,15000.0,0.003382328635574132
10.0,13.830106302929654,1.0,ST,0.5,15000.0,0.0033191009753018932
10.0,14.578467472149546,1.0,ST,0.5,15000.0,0.0032504919364771275
10.0,15.367323228130308,1.0,ST,0.5,15000.0,0.003177278971327832
10.0,16.198864774296695,1.0,ST,0.5,15000.0,0.003100202525008373
10.0,17.07540188232742,1.0,ST,0.5,15000.0,0.0030199601283940193
10.0,17.999369308004486,1.0,ST,0.5,15000.0,0.0029371607527271786
10.0,18.973333554230518,1.0,ST,0.5,15000.0,0.0028524177537920027
10.0,20.000000000000004,1.0,ST,0.5,15000.0,0.0027662715606283847
10.0,3.0,1.0,ST,1.0,8000.0,0.001479187257908326
10.0,3.1623330622689494,1.0,ST,1.0,8000.0,0.001723906056200893
10.0,3.33345013223977,1.0,ST,1.0,8000.0,0.0019779369165512394
10.0,3.5138265215355418,1.0,ST,1.0,8000.0,0.002237306927469431
10.0,3.703963261376446,1.0,ST,1.0,8000.0,0.0024980131730372598
10.0,3.9043884942934204,1.0,ST,1.0,8000.0,0.002756186997325624
10.0,4.1156589411488556,1.0,ST,1.0,8000.0,0.003008216681404458
10.0,4.338361447539279,1.0,ST,1.0,8000.0,0.0032507953553468187
10.0,4.573114613875481,1.0,ST,1.0,8000.0,0.003481061472137201
10.0,4.820570513667911,1.0,ST,1.0,8000.0,0.003696507622446062
10.0,5.0814165047902815,1.0,ST,1.0,8000.0,0.003895173364111242
10.0,5.356377138752477,1.0,ST,1.0,8000.0,0.004075506436503611
10.0,5.389452332657201,1.0,ST,1.0,8000.0,0.004095327338939244
10.0,5.646216173286171,1.0,ST,1.0,8000.0,0.004236392806532824
10.0,5.9517386938335095,1.0,ST,1.0,8000.0,0.004377132255745144
10.0,6.273793349831704,1.0,ST,1.0,8000.0,0.0044973719950967715
10.0,6.613274712005288,1.0,ST,1.0,8000.0,0.004597147274374964
10.0,6.971125757213828,1.0,ST,1.0,8000.0,0.004676694550624055
10.0,7.3483404877573175,1.0,ST,1.0,8000.0,0.004736614129588311
10.0,7.745966692414836,1.0,ST,1.0,8000.0,0.004777571319878989
10.0,8.165108856885828,1.0,ST,1.0,8000.0,0.0048004624920118845
10.0,8.606931231718361,1.0,ST,1.0,8000.0,0.004806357789465724
10.0,9.072661066246061,1.0,ST,1.0,8000.0,0.004796336677530325
10.0,9.563592017516726,1.0,ST,1.0,8000.0,0.004771581344294093
10.0,10.081087743681516,1.0,ST,1.0,8000.0,0.004733315727441931
10.0,10.626585691826111,1.0,ST,1.0,8000.0,0.004682755358671678
10.0,11.20160109076529,1.0,ST,1.0,8000.0,0.004621092366634601
10.0,11.807731159891665,1.0,ST,1.0,8000.0,0.004549566244156473
10.0,12.446659545769569,1.0,ST,1.0,8000.0,0.004469300766281789
10.0,13.120160998797505,1.0,ST,1.0,8000.0,0.004381426214509105
10.0,13.830106302929654,1.0,ST,1.0,8000.0,0.004287009575154876
10.0,14.578467472149546,1.0,ST,1.0,8000.0,0.004187041654302422
10.0,15.367323228130308,1.0,ST,1.0,8000.0,0.004082462043030085
10.0,16.198864774296695,1.0,ST,1.0,8000.0,0.003974154151348498
10.0,17.07540188232742,1.0,ST,1.0,8000.0,0.0038629389430393907
10.0,17.999369308004486,1.0,ST,1.0,8000.0,0.0037495272985314954
10.0,18.973333554230518,1.0,ST,1.0,8000.0,0.0036346260951615477
10.0,20.000000000000004,1.0,ST,1.0,8000.0,0.0035188548461325764
10.0,3.0,1.0,ST,1.0,10000.0,0.0012652989503236776
10.0,3.1623330622689494,1.0,ST,1.0,10000.0,0.0014849222005206425
10.0,3.33345013223977,1.0,ST,1.0,10000.0,0.0017146597048051681
10.0,3.5138265215355418,1.0,ST,1.0,10000.0,0.00195094249822114
10.0,3.703963261376446,1.0,ST,1.0,10000.0,0.0021901081822895117
10.0,3.9043884942934204,1.0,ST,1.0,10000.0,0.0024285563443166244
10.0,4.1156589411488556,1.0,ST,1.0,10000.0,0.002662873960060118
10.0,4.338361447539279,1.0,ST,1.0,10000.0,0.0028898885640011233
10.0,4.573114613875481,1.0,ST,1.0,10000.0,0.0031068097491916695
10.0,4.820570513667911,1.0,ST,1.0,10000.0,0.003311153127200919
10.0,5.0814165047902815,1.0,ST,1.0,10000.0,0.003500928858815134
10.0,5.356377138752477,1.0,ST,1.0,10000.0,0.0036745240087163403
10.0,5.389452332657201,1.0,ST,1.0,10000.0,0.0036936938234605554
10.0,5.646216173286171,1.0,ST,1.0,10000.0,0.0038307306930827414
10.0,5.9517386938335095,1.0,ST,1.0,10000.0,0.00396873073820623
10.0,6.273793349831704,1.0,ST,1.0,10000.0,0.004088043112743648
10.0,6.613274712005288,1.0,ST,1.0,10000.0,0.004188557198766098
10.0,6.971125757213828,1.0,ST,1.0,10000.0,0.004270365223382801
10.0,7.3483404877573175,1.0,ST,1.0,10000.0,0.00433391371577376
10.0,7.745966692414836,1.0,ST,1.0,10000.0,0.0043797217587652395
10.0,8.165108856885828,1.0,ST,1.0,10000.0,0.004408540734715039
10.0,8.606931231718361,1.0,ST,1.0,10000.0,0.004421301837293618
10.0,9.072661066246061,1.0,ST,1.0,10000.0,0.004418953607462569
10.0,9.563592017516726,1.0,ST,1.0,10000.0,0.004402553071324318
10.0,10.081087743681516,1.0,ST,1.0,10000.0,0.004373209484952705
10.0,10.626585691826111,1.0,ST,1.0,10000.0,0.004332033192431897
10.0,11.20160109076529,1.0,ST,1.0,10000.0,0.004280119185003686
10.0,11.807731159891665,1.0,ST,1.0,10000.0,0.00421861850316656
10.0,12.446659545769569,1.0,ST,1.0,10000.0,0.004148577396502569
10.0,13.120160998797505,1.0,ST,1.0,10000.0,0.0040710519279867465
10.0,13.830106302929654,1.0,ST,1.0,10000.0,0.003987048240077867
10.0,14.578467472149546,1.0,ST,1.0,10000.0,0.0038975008726914286
10.0,15.367323228130308,1.0,ST,1.0,10000.0,0.0038033002447460025
10.0,16.198864774296695,1.0,ST,1.0,10000.0,0.0037052867180267586
10.0,17.07540188232742,1.0,ST,1.0,10000.0,0.0036042443892894617
10.0,17.999369308004486,1.0,ST,1.0,10000.0,0.0035008537825532925
10.0,18.973333554230518,1.0,ST,1.0,10000.0,0.003395794454508438
10.0,20.000000000000004,1.0,ST,1.0,10000.0,0.0032896628776186315
10.0,3.0,1.0,ST,1.0,15000.0,0.0008609680795098817
10.0,3.1623330622689494,1.0,ST,1.0,15000.0,0.0010278939788110513
10.0,3.33345013223977,1.0,ST,1.0,15000.0,0.0012057839077572155
10.0,3.5138265215355418,1.0,ST,1.0,15000.0,0.0013919866788359488
10.0,3.703963261376446,1.0,ST,1.0,15000.0,0.0015836451691889472
10.0,3.9043884942934204,1.0,ST,1.0,15000.0,0.0017778279627295153
10.0,4.1156589411488556,1.0,ST,1.0,15000.0,0.0019716491991788104
10.0,4.338361447539279,1.0,ST,1.0,15000.0,0.00216233050517384
10.0,4.573114613875481,1.0,ST,1.0,15000.0,0.0023473366505920097
10.0,4.820570513667911,1.0,ST,1.0,15000.0,0.0025243305895217556
10.0,5.0814165047902815,1.0,ST,1.0,15000.0,0.0026913494091068777
10.0,5.356377138752477,1.0,ST,1.0,15000.0,0.0028467270943501946
10.0,5.389452332657201,1.0,ST,1.0,15000.0,0.0028640588304995047
10.0,5.646216173286171,1.0,ST,1.0,15000.0,0.0029891254158752145
10.0,5.9517386938335095,1.0,ST,1.0,15000.0,0.003117530398482562
10.0,6.273793349831704,1.0,ST,1.0,15000.0,0.0032312337314627016
10.0,6.613274712005288,1.0,ST,1.0,15000.0,0.0033298493477433313
10.0,6.971125757213828,1.0,ST,1.0,15000.0,0.0034131895279110223
10.0,7.3483404877573175,1.0,ST,1.0,15000.0,0.0034813910297390397
10.0,7.745966692414836,1.0,ST,1.0,15000.0,0.003534674713353941
10.0,8.165108856885828,1.0,ST,1.0,15000.0,0.003573489169294511
10.0,8.606931231718361,1.0,ST,1.0,15000.0,0.0035984697971797996
10.0,9.072661066246061,1.0,ST,1.0,15000.0,0.003610284287121505
10.0,9.563592017516726,1.0,ST,1.0,15000.0,0.0036097174912036165
10.0,10.081087743681516,1.0,ST,1.0,15000.0,0.0035976262360168263
10.0,10.626585691826111,1.0,ST,1.0,15000.0,0.003574886800520937
10.0,11.20160109076529,1.0,ST,1.0,15000.0,0.0035423769009011487
10.0,11.807731159891665,1.0,ST,1.0,15000.0,0.003501046135365836
10.0,12.446659545769569,1.0,ST,1.0,15000.0,0.0034517641332396016
10.0,13.120160998797505,1.0,ST,1.0,15000.0,0.003395416866903361
10.0,13.830106302929654,1.0,ST,1.0,15000.0,0.003332867206432624
10.0,14.578467472149546,1.0,ST,1.0,15000.0,0.003264918556688258
10.0,15.367323228130308,1.0,ST,1.0,15000.0,0.003192344979334271
10.0,16.198864774296695,1.0,ST,1.0,15000.0,0.003115883872331493
10.0,17.07540188232742,1.0,ST,1.0,15000.0,0.003036230125472801
10.0,17.999369308004486,1.0,ST,1.0,15000.0,0.0029539901332467098
10.0,18.973333554230518,1.0,ST,1.0,15000.0,0.0028697754368537994
10.0,20.000000000000004,1.0,ST,1.0,15000.0,0.002784124884928895
10.0,3.0,1.0,ST,2.0,8000.0,0.001479833509047834
10.0,3.1623330622689494,1.0,ST,2.0,8000.0,0.0017246784323019268
10.0,3.33345013223977,1.0,ST,2.0,8000.0,0.001978848456837513
10.0,3.5138265215355418,1.0,ST,2.0,8000.0,0.0022383707872757216
10.0,3.703963261376446,1.0,ST,2.0,8000.0,0.002499242667240773
10.0,3.9043884942934204,1.0,ST,2.0,8000.0,0.0027575956876604193
10.0,4.1156589411488556,1.0,ST,2.0,8000.0,0.003009818476254675
10.0,4.338361447539279,1.0,ST,2.0,8000.0,0.003252604596540185
10.0,4.573114613875481,1.0,ST,2.0,8000.0,0.0034830930463238987
10.0,4.820570513667911,1.0,ST,2.0,8000.0,0.0036987769797407165
10.0,5.0814165047902815,1.0,ST,2.0,8000.0,0.0038976966017534244
10.0,5.356377138752477,1.0,ST,2.0,8000.0,0.004078300249256709
10.0,5.389452332657201,1.0,ST,2.0,8000.0,0.00409815387712497
10.0,5.646216173286171,1.0,ST,2.0,8000.0,0.00423947444040938
10.0,5.9517386938335095,1.0,ST,2.0,8000.0,0.004380519386719545
10.0,6.273793349831704,1.0,ST,2.0,8000.0,0.004501082551973565
10.0,6.613274712005288,1.0,ST,2.0,8000.0,0.004601199263603141
10.0,6.971125757213828,1.0,ST,2.0,8000.0,0.004681105750505659
10.0,7.3483404877573175,1.0,ST,2.0,8000.0,0.004741401918242319
10.0,7.745966692414836,1.0,ST,2.0,8000.0,0.004782752238147014
10.0,8.165108856885828,1.0,ST,2.0,8000.0,0.004806052021173175
10.0,8.606931231718361,1.0,ST,2.0,8000.0,0.004812370140914957
10.0,9.072661066246061,1.0,ST,2.0,8000.0,0.004802784396785856
10.0,9.563592017516726,1.0,ST,2.0,8000.0,0.004778475103204242
10.0,10.081087743681516,1.0,ST,2.0,8000.0,0.0047406642151225625
10.0,10.626585691826111,1.0,ST,2.0,8000.0,0.004690564993790777
10.0,11.20160109076529,1.0,ST,2.0,8000.0,0.004629367164296283
10.0,11.807731159891665,1.0,ST,2.0,8000.0,0.004558307848100794
10.0,12.446659545769569,1.0,ST,2.0,8000.0,0.004478508332729786
10.0,13.120160998797505,1.0,ST,2.0,8000.0,0.004391096434717766
10.0,13.830106302929654,1.0,ST,2.0,8000.0,0.00429713679755441
10.0,14.578467472149546,1.0,ST,2.0,8000.0,0.00419761782554051
10.0,15.367323228130308,1.0,ST,2.0,8000.0,0.004093476945655523
10.0,16.198864774296695,1.0,ST,2.0,8000.0,0.0039855955534425095
10.0,17.07540188232742,1.0,ST,2.0,8000.0,0.0038747927873141854
10.0,17.999369308004486,1.0,ST,2.0,8000.0,0.0037617776983172404
10.0,18.973333554230518,1.0,ST,2.0,8000.0,0.0036472557712315676
10.0,20.000000000000004,1.0,ST,2.0,8000.0,0.0035318452541808682
10.0,3.0,1.0,ST,2.0,10000.0,0.0012656456063661907
10.0,3.1623330622689494,1.0,ST,2.0,10000.0,0.0014853465109762596
10.0,3.33345013223977,1.0,ST,2.0,10000.0,0.0017151723180352028
10.0,3.5138265215355418,1.0,ST,2.0,10000.0,0.0019515546880703757
10.0,3.703963261376446,1.0,ST,2.0,10000.0,0.0021908318904781112
10.0,3.9043884942934204,1.0,ST,2.0,10000.0,0.0024294042442094942
10.0,4.1156589411488556,1.0,ST,2.0,10000.0,0.002663859525418549
10.0,4.338361447539279,1.0,ST,2.0,10000.0,0.0028910261200011562
10.0,4.573114613875481,1.0,ST,2.0,10000.0,0.0031081145350077373
10.0,4.820570513667911,1.0,ST,2.0,10000.0,0.0033126412784629045
10.0,5.0814165047902815,1.0,ST,2.0,10000.0,0.00350261743152207
10.0,5.356377138752477,1.0,ST,2.0,10000.0,0.0036764308972648796
10.0,5.389452332657201,1.0,ST,2.0,10000.0,0.00369562741952752
10.0,5.646216173286171,1.0,ST,2.0,10000.0,0.003832874534498573
10.0,5.9517386938335095,1.0,ST,2.0,10000.0,0.0039711307479183755
10.0,6.273793349831704,1.0,ST,2.0,10000.0,0.004090718885731604
10.0,6.613274712005288,1.0,ST,2.0,10000.0,0.004191528485769497
10.0,6.971125757213828,1.0,ST,2.0,10000.0,0.004273651616182389
10.0,7.3483404877573175,1.0,ST,2.0,10000.0,0.0043375344309499785
10.0,7.745966692414836,1.0,ST,2.0,10000.0,0.004383695196789814
10.0,8.165108856885828,1.0,ST,2.0,10000.0,0.004412884233538548
10.0,8.606931231718361,1.0,ST,2.0,10000.0,0.004426031448661814
10.0,9.072661066246061,1.0,ST,2.0,10000.0,0.00442408369227105
10.0,9.563592017516726,1.0,ST,2.0,10000.0,0.004408096074696083
10.0,10.081087743681516,1.0,ST,2.0,10000.0,0.004379175825863483
10.0,10.626585691826111,1.0,ST,2.0,10000.0,0.0043384309728435435
10.0,11.20160109076529,1.0,ST,2.0,10000.0,0.004286954049245029
10.0,11.807731159891665,1.0,ST,2.0,10000.0,0.004225893666555515
10.0,12.446659545769569,1.0,ST,2.0,10000.0,0.004156293537714848
10.0,13.120160998797505,1.0,ST,2.0,10000.0,0.00407920718841594
10.0,13.830106302929654,1.0,ST,2.0,10000.0,0.0039956383717271145
10.0,14.578467472149546,1.0,ST,2.0,10000.0,0.003906519166980431
10.0,15.367323228130308,1.0,ST,2.0,10000.0,0.003812737772491468
10.0,16.198864774296695,1.0,ST,2.0,10000.0,0.003715132479251794
10.0,17.07540188232742,1.0,ST,2.0,10000.0,0.0036144855060079276
10.0,17.999369308004486,1.0,ST,2.0,10000.0,0.003511475504539606
10.0,18.973333554230518,1.0,ST,2.0,10000.0,0.003406780587729827
10.0,20.000000000000004,1.0,ST,2.0,10000.0,0.0033009959125840796
10.0,3.0,1.0,ST,2.0,15000.0,0.0008611582139942748
10.0,3.1623330622689494,1.0,ST,2.0,15000.0,0.0010281344542325348
10.0,3.33345013223977,1.0,ST,2.0,15000.0,0.0012060836995153406
10.0,3.5138265215355418,1.0,ST,2.0,15000.0,0.0013923556711461828
10.0,3.703963261376446,1.0,ST,2.0,15000.0,0.0015840942060581114
10.0,3.9043884942934204,1.0,ST,2.0,15000.0,0.0017783689070982177
10.0,4.1156589411488556,1.0,ST,2.0,15000.0,0.0019722949894996587
10.0,4.338361447539279,1.0,ST,2.0,15000.0,0.0021630951916058023
10.0,4.573114613875481,1.0,ST,2.0,15000.0,0.0023482354322635177
10.0,4.820570513667911,1.0,ST,2.0,15000.0,0.0025253797788732046
10.0,5.0814165047902815,1.0,ST,2.0,15000.0,0.002692566422372418
10.0,5.356377138752477,1.0,ST,2.0,15000.0,0.0028481303495232237
10.0,5.389452332657201,1.0,ST,2.0,15000.0,0.0028654850866757253
10.0,5.646216173286171,1.0,ST,2.0,15000.0,0.002990734210040362
10.0,5.9517386938335095,1.0,ST,2.0,15000.0,0.00311936471596312
10.0,6.273793349831704,1.0,ST,2.0,15000.0,0.003233314031601726
10.0,6.613274712005288,1.0,ST,2.0,15000.0,0.0033321963106196935
10.0,6.971125757213828,1.0,ST,2.0,15000.0,0.003415823733301717
10.0,7.3483404877573175,1.0,ST,2.0,15000.0,0.003484332712065209
10.0,7.745966692414836,1.0,ST,2.0,15000.0,0.00353794331834395
10.0,8.165108856885828,1.0,ST,2.0,15000.0,0.003577103090691238
10.0,8.606931231718361,1.0,ST,2.0,15000.0,0.003602446142607676
10.0,9.072661066246061,1.0,ST,2.0,15000.0,0.0036146384681249233
10.0,9.563592017516726,1.0,ST,2.0,15000.0,0.003614462986348757
10.0,10.081087743681516,1.0,ST,2.0,15000.0,0.003602774478206146
10.0,10.626585691826111,1.0,ST,2.0,15000.0,0.0035804468829140975
10.0,11.20160109076529,1.0,ST,2.0,15000.0,0.0035483554316061024
10.0,11.807731159891665,1.0,ST,2.0,15000.0,0.0035074472610066034
10.0,12.446659545769569,1.0,ST,2.0,15000.0,0.003458589437487976
10.0,13.120160998797505,1.0,ST,2.0,15000.0,0.003402665355107525
10.0,13.830106302929654,1.0,ST,2.0,15000.0,0.0033405354657010705
10.0,14.578467472149546,1.0,ST,2.0,15000.0,0.0032730006794942086
10.0,15.367323228130308,1.0,ST,2.0,15000.0,0.0032008328033714495
10.0,16.198864774296695,1.0,ST,2.0,15000.0,0.0031247671297114925
10.0,17.07540188232742,1.0,ST,2.0,15000.0,0.0030454966372274093
10.0,17.999369308004486,1.0,ST,2.0,15000.0,0.002963625821427524
10.0,18.973333554230518,1.0,ST,2.0,15000.0,0.0028797647460696556
10.0,20.000000000000004,1.0,ST,2.0,15000.0,0.0027944509118732436
10.0,3.0,1.0,PS,0.5,8000.0,0.0006975793212944677
10.0,3.1623330622689494,1.0,PS,0.5,8000.0,0.0008678867014872037
10.0,3.33345013223977,1.0,PS,0.5,8000.0,0.001056993207438349
10.0,3.5138265215355418,1.0,PS,0.5,8000.0,0.001262610011624251
10.0,3.703963261376446,1.0,PS,0.5,8000.0,0.001481874604042934
10.0,3.9043884942934204,1.0,PS,0.5,8000.0,0.0017115158600972712
10.0,4.1156589411488556,1.0,PS,0.5,8000.0,0.001948017200073412
10.0,4.338361447539279,1.0,PS,0.5,8000.0,0.0021877338985477135
10.0,4.573114613875481,1.0,PS,0.5,8000.0,0.002427098616414569
10.0,4.820570513667911,1.0,PS,0.5,8000.0,0.0026626255658039927
10.0,5.0814165047902815,1.0,PS,0.5,8000.0,0.0028911673719947684
10.0,5.356377138752477,1.0,PS,0.5,8000.0,0.0031098638019001422
10.0,5.389452332657201,1.0,PS,0.5,8000.0,0.003134657061039612
10.0,5.646216173286171,1.0,PS,0.5,8000.0,0.0033162329285105516
10.0,5.9517386938335095,1.0,PS,0.5,8000.0,0.003508202771828518
10.0,6.273793349831704,1.0,PS,0.5,8000.0,0.0036840882898237434
10.0,6.613274712005288,1.0,PS,0.5,8000.0,0.0038426703603117334
10.0,6.971125757213828,1.0,PS,0.5,8000.0,0.00398302393138082
10.0,7.3483404877573175,1.0,PS,0.5,8000.0,0.0041047132431313044
10.0,7.745966692414836,1.0,PS,0.5,8000.0,0.004207476544011295
10.0,8.165108856885828,1.0,PS,0.5,8000.0,0.00429141503538064
10.0,8.606931231718361,1.0,PS,0.5,8000.0,0.004356935895925568
10.0,9.072661066246061,1.0,PS,0.5,8000.0,0.004404562027693598
10.0,9.563592017516726,1.0,PS,0.5,8000.0,0.004435035857555156
10.0,10.081087743681516,1.0,PS,0.5,8000.0,0.004449244776038692
10.0,10.626585691826111,1.0,PS,0.5,8000.0,0.004448154836989319
10.0,11.20160109076529,1.0,PS,0.5,8000.0,0.004432784987991408
10.0,11.807731159891665,1.0,PS,0.5,8000.0,0.004404286969369974
10.0,12.446659545769569,1.0,PS,0.5,8000.0,0.004363738718004945
10.0,13.120160998797505,1.0,PS,0.5,8000.0,0.0043122865856220745
10.0,13.830106302929654,1.0,PS,0.5,8000.0,0.0042510531544235255
10.0,14.578467472149546,1.0,PS,0.5,8000.0,0.0041811135887939235
10.0,15.367323228130308,1.0,PS,0.5,8000.0,0.004103521035787433
10.0,16.198864774296695,1.0,PS,0.5,8000.0,0.004019294868632489
10.0,17.07540188232742,1.0,PS,0.5,8000.0,0.003929407709823067
10.0,17.999369308004486,1.0,PS,0.5,8000.0,0.0038347190567413
10.0,18.973333554230518,1.0,PS,0.5,8000.0,0.0037361076926874315
10.0,20.000000000000004,1.0,PS,0.5,8000.0,0.0036343606530338537
10.0,3.0,1.0,PS,0.5,10000.0,0.0005659436597869213
10.0,3.1623330622689494,1.0,PS,0.5,10000.0,0.0007110430083114191
10.0,3.33345013223977,1.0,PS,0.5,10000.0,0.0008737999962053377
10.0,3.5138265215355418,1.0,PS,0.5,10000.0,0.0010524515154945984
10.0,3.703963261376446,1.0,PS,0.5,10000.0,0.0012446651798259476
10.0,3.9043884942934204,1.0,PS,0.5,10000.0,0.001447675564348676
10.0,4.1156589411488556,1.0,PS,0.5,10000.0,0.0016584292024378485
10.0,4.338361447539279,1.0,PS,0.5,10000.0,0.0018736906872332958
10.0,4.573114613875481,1.0,PS,0.5,10000.0,0.0020902331799571468
10.0,4.820570513667911,1.0,PS,0.5,10000.0,0.0023048494754892156
10.0,5.0814165047902815,1.0,PS,0.5,10000.0,0.0025145927701997048
10.0,5.356377138752477,1.0,PS,0.5,10000.0,0.002716744437399401
10.0,5.389452332657201,1.0,PS,0.5,10000.0,0.002739755687144813
10.0,5.646216173286171,1.0,PS,0.5,10000.0,0.0029089003423977116
10.0,5.9517386938335095,1.0,PS,0.5,10000.0,0.003089010642712066
10.0,6.273793349831704,1.0,PS,0.5,10000.0,0.0032553726228522458
10.0,6.613274712005288,1.0,PS,0.5,10000.0,0.0034067021175985686
10.0,6.971125757213828,1.0,PS,0.5,10000.0,0.003541987982565085
10.0,7.3483404877573175,1.0,PS,0.5,10000.0,0.0036606730114293376
10.0,7.745966692414836,1.0,PS,0.5,10000.0,0.0037623666022865644
10.0,8.165108856885828,1.0,PS,0.5,10000.0,0.003847024505429746
10.0,8.606931231718361,1.0,PS,0.5,10000.0,0.003914900473709729
10.0,9.072661066246061,1.0,PS,0.5,10000.0,0.003966364085523922
10.0,9.563592017516726,1.0,PS,0.5,10000.0,0.004002001144554604
10.0,10.081087743681516,1.0,PS,0.5,10000.0,0.004022547415077559
10.0,10.626585691826111,1.0,PS,0.5,10000.0,0.004028823662720841
10.0,11.20160109076529,1.0,PS,0.5,10000.0,0.004021709543846467
10.0,11.807731159891665,1.0,PS,0.5,10000.0,0.00400222355751784
10.0,12.446659545769569,1.0,PS,0.5,10000.0,0.003971323580639641
10.0,13.120160998797505,1.0,PS,0.5,10000.0,0.003930037801448874
10.0,13.830106302929654,1.0,PS,0.5,10000.0,0.0038793867811828756
10.0,14.578467472149546,1.0,PS,0.5,10000.0,0.0038203498486883577
10.0,15.367323228130308,1.0,PS,0.5,10000.0,0.0037538933392274694
10.0,16.198864774296695,1.0,PS,0.5,10000.0,0.003680958048334721
10.0,17.07540188232742,1.0,PS,0.5,10000.0,0.003602446684537836
10.0,17.999369308004486,1.0,PS,0.5,10000.0,0.003519159023928219
10.0,18.973333554230518,1.0,PS,0.5,10000.0,0.0034319180151507417
10.0,20.000000000000004,1.0,PS,0.5,10000.0,0.0033414620315655847
10.0,3.0,1.0,PS,0.5,15000.0,0.0003371879596647547
10.0,3.1623330622689494,1.0,PS,0.5,15000.0,0.0004340056659769339
10.0,3.33345013223977,1.0,PS,0.5,15000.0,0.0005453273217786777
10.0,3.5138265215355418,1.0,PS,0.5,15000.0,0.0006703744700938076
10.0,3.703963261376446,1.0,PS,0.5,15000.0,0.0008078564184651159
10.0,3.9043884942934204,1.0,PS,0.5,15000.0,0.0009560465880337453
10.0,4.1156589411488556,1.0,PS,0.5,15000.0,0.001112880801520721
10.0,4.338361447539279,1.0,PS,0.5,15000.0,0.0012760352602569432
10.0,4.573114613875481,1.0,PS,0.5,15000.0,0.0014430755891326362
10.0,4.820570513667911,1.0,PS,0.5,15000.0,0.0016114758048104254
10.0,5.0814165047902815,1.0,PS,0.5,15000.0,0.0017788181436886245
10.0,5.356377138752477,1.0,PS,0.5,15000.0,0.001942790253952648
10.0,5.389452332657201,1.0,PS,0.5,15000.0,0.0019616297202567556
10.0,5.646216173286171,1.0,PS,0.5,15000.0,0.0021012640450994557
10.0,5.9517386938335095,1.0,PS,0.5,15000.0,0.0022523416131150615
10.0,6.273793349831704,1.0,PS,0.5,15000.0,0.002394381038104183
10.0,6.613274712005288,1.0,PS,0.5,15000.0,0.0025260498984968163
10.0,6.971125757213828,1.0,PS,0.5,15000.0,0.0026462343913315925
10.0,7.3483404877573175,1.0,PS,0.5,15000.0,0.00275418796524521
10.0,7.745966692414836,1.0,PS,0.5,15000.0,0.0028493067752001513
10.0,8.165108856885828,1.0,PS,0.5,15000.0,0.0029312864421252344
10.0,8.606931231718361,1.0,PS,0.5,15000.0,0.003000092554996819
10.0,9.072661066246061,1.0,PS,0.5,15000.0,0.00305580048144824
10.0,9.563592017516726,1.0,PS,0.5,15000.0,0.003098686588796383
10.0,10.081087743681516,1.0,PS,0.5,15000.0,0.0031291804469007474
10.0,10.626585691826111,1.0,PS,0.5,15000.0,0.003147804231861466
10.0,11.20160109076529,1.0,PS,0.5,15000.0,0.0031551481034100184
10.0,11.807731159891665,1.0,PS,0.5,15000.0,0.0031519471247381313
10.0,12.446659545769569,1.0,PS,0.5,15000.0,0.0031389029826478995
10.0,13.120160998797505,1.0,PS,0.5,15000.0,0.003116788927561352
10.0,13.830106302929654,1.0,PS,0.5,15000.0,0.0030864000044351788
10.0,14.578467472149546,1.0,PS,0.5,15000.0,0.003048504633726264
10.0,15.367323228130308,1.0,PS,0.5,15000.0,0.003003875293992581
10.0,16.198864774296695,1.0,PS,0.5,15000.0,0.0029532754267894363
10.0,17.07540188232742,1.0,PS,0.5,15000.0,0.002897448280964081
10.0,17.999369308004486,1.0,PS,0.5,15000.0,0.0028370565615146275
10.0,18.973333554230518,1.0,PS,0.5,15000.0,0.0027727929288535015
10.0,20.000000000000004,1.0,PS,0.5,15000.0,0.0027052818253505864
10.0,3.0,1.0,PS,1.0,8000.0,0.0006982686046052899
10.0,3.1623330622689494,1.0,PS,1.0,8000.0,0.0008687586556024553
10.0,3.33345013223977,1.0,PS,1.0,8000.0,0.0010580751555358376
10.0,3.5138265215355418,1.0,PS,1.0,8000.0,0.0012639294399981015
10.0,3.703963261376446,1.0,PS,1.0,8000.0,0.0014834587257822258
10.0,3.9043884942934204,1.0,PS,1.0,8000.0,0.0017133912681773895
10.0,4.1156589411488556,1.0,PS,1.0,8000.0,0.0019502095953335087
10.0,4.338361447539279,1.0,PS,1.0,8000.0,0.002190267863480836
10.0,4.573114613875481,1.0,PS,1.0,8000.0,0.0024299975214402392
10.0,4.820570513667911,1.0,PS,1.0,8000.0,0.0026659114200828673
10.0,5.0814165047902815,1.0,PS,1.0,8000.0,0.0028948608912929977
10.0,5.356377138752477,1.0,PS,1.0,8000.0,0.0031139843625254625
10.0,5.389452332657201,1.0,PS,1.0,8000.0,0.00313882871769393
10.0,5.646216173286171,1.0,PS,1.0,8000.0,0.0033207986178646486
10.0,5.9517386938335095,1.0,PS,1.0,8000.0,0.0035132304368950262
10.0,6.273793349831704,1.0,PS,1.0,8000.0,0.0036895935269565814
10.0,6.613274712005288,1.0,PS,1.0,8000.0,0.0038486676312083643
10.0,6.971125757213828,1.0,PS,1.0,8000.0,0.003989526443747459
10.0,7.3483404877573175,1.0,PS,1.0,8000.0,0.004111733130062242
10.0,7.745966692414836,1.0,PS,1.0,8000.0,0.004215024609922106
10.0,8.165108856885828,1.0,PS,1.0,8000.0,0.004299500818711328
10.0,8.606931231718361,1.0,PS,1.0,8000.0,0.004365567704792977
10.0,9.072661066246061,1.0,PS,1.0,8000.0,0.0044137467063664676
10.0,9.563592017516726,1.0,PS,1.0,8000.0,0.004444778792735463
10.0,10.081087743681516,1.0,PS,1.0,8000.0,0.004459549881478412
10.0,10.626585691826111,1.0,PS,1.0,8000.0,0.004459024376962213
10.0,11.20160109076529,1.0,PS,1.0,8000.0,0.00444421949917938
10.0,11.807731159891665,1.0,PS,1.0,8000.0,0.004416285380575579
10.0,12.446659545769569,1.0,PS,1.0,8000.0,0.00437629813327258
10.0,13.120160998797505,1.0,PS,1.0,8000.0,0.00432540239912743
10.0,13.830106302929654,1.0,PS,1.0,8000.0,0.004264719056376707
10.0,14.578467472149546,1.0,PS,1.0,8000.0,0.004195321474360831
10.0,15.367323228130308,1.0,PS,1.0,8000.0,0.00411826115295021
10.0,16.198864774296695,1.0,PS,1.0,8000.0,0.004034555906859175
10.0,17.07540188232742,1.0,PS,1.0,8000.0,0.003945176909440815
10.0,17.999369308004486,1.0,PS,1.0,8000.0,0.00385098205193465
10.0,18.973333554230518,1.0,PS,1.0,8000.0,0.0037528489447586346
10.0,20.000000000000004,1.0,PS,1.0,8000.0,0.003651563467772445
10.0,3.0,1.0,PS,1.0,10000.0,0.0005662629981145204
10.0,3.1623330622689494,1.0,PS,1.0,10000.0,0.000711456801647981
10.0,3.33345013223977,1.0,PS,1.0,10000.0,0.0008743254018686022
10.0,3.5138265215355418,1.0,PS,1.0,10000.0,0.0010531065657580151
10.0,3.703963261376446,1.0,PS,1.0,10000.0,0.001245468551557268
10.0,3.9043884942934204,1.0,PS,1.0,10000.0,0.001448646373079487
10.0,4.1156589411488556,1.0,PS,1.0,10000.0,0.001659586823751843
10.0,4.338361447539279,1.0,PS,1.0,10000.0,0.0018750545859344315
10.0,4.573114613875481,1.0,PS,1.0,10000.0,0.002091822807509138
10.0,4.820570513667911,1.0,PS,1.0,10000.0,0.0023066841175667075
10.0,5.0814165047902815,1.0,PS,1.0,10000.0,0.0025166915219902654
10.0,5.356377138752477,1.0,PS,1.0,10000.0,0.002719126107304998
10.0,5.389452332657201,1.0,PS,1.0,10000.0,0.0027421716226267907
10.0,5.646216173286171,1.0,PS,1.0,10000.0,0.002911583397561917
10.0,5.9517386938335095,1.0,PS,1.0,10000.0,0.003092013149048079
10.0,6.273793349831704,1.0,PS,1.0,10000.0,0.0032587121629019827
10.0,6.613274712005288,1.0,PS,1.0,10000.0,0.003410395762162499
10.0,6.971125757213828,1.0,PS,1.0,10000.0,0.0035460521238290374
10.0,7.3483404877573175,1.0,PS,1.0,10000.0,0.003665123389723752
10.0,7.745966692414836,1.0,PS,1.0,10000.0,0.003767218021258457
10.0,8.165108856885828,1.0,PS,1.0,10000.0,0.00385229079200342
10.0,8.606931231718361,1.0,PS,1.0,10000.0,0.003920594437602046
10.0,9.072661066246061,1.0,PS,1.0,10000.0,0.00397249724313696
10.0,9.563592017516726,1.0,PS,1.0,10000.0,0.004008583646663411
10.0,10.081087743681516,1.0,PS,1.0,10000.0,0.00402958799678664
10.0,10.626585691826111,1.0,PS,1.0,10000.0,0.004036329436281101
10.0,11.20160109076529,1.0,PS,1.0,10000.0,0.004029685882252035
10.0,11.807731159891665,1.0,PS,1.0,10000.0,0.004010674171644956
10.0,12.446659545769569,1.0,PS,1.0,10000.0,0.003980250319166944
10.0,13.120160998797505,1.0,PS,1.0,10000.0,0.003939440684064856
10.0,13.830106302929654,1.0,PS,1.0,10000.0,0.0038892640545081375
10.0,14.578467472149546,1.0,PS,1.0,10000.0,0.0038306978575482617
10.0,15.367323228130308,1.0,PS,1.0,10000.0,0.0037647066677856675
10.0,16.198864774296695,1.0,PS,1.0,10000.0,0.0036922295987725662
10.0,17.07540188232742,1.0,PS,1.0,10000.0,0.003614167787488382
10.0,17.999369308004486,1.0,PS,1.0,10000.0,0.003531319310883852
10.0,18.973333554230518,1.0,PS,1.0,10000.0,0.003444505811778544
10.0,20.000000000000004,1.0,PS,1.0,10000.0,0.0033544643790013014
10.0,3.0,1.0,PS,1.0,15000.0,0.0003373283544899562
10.0,3.1623330622689494,1.0,PS,1.0,15000.0,0.00043419441723228057
10.0,3.33345013223977,1.0,PS,1.0,15000.0,0.0005455754615388957
10.0,3.5138265215355418,1.0,PS,1.0,15000.0,0.0006706941707650788
10.0,3.703963261376446,1.0,PS,1.0,15000.0,0.0008082608998442504
10.0,3.9043884942934204,1.0,PS,1.0,15000.0,0.0009565500175410671
10.0,4.1156589411488556,1.0,PS,1.0,15000.0,0.0011134981933146203
10.0,4.338361447539279,1.0,PS,1.0,15000.0,0.0012767823623832059
10.0,4.573114613875481,1.0,PS,1.0,15000.0,0.0014439687985558455
10.0,4.820570513667911,1.0,PS,1.0,15000.0,0.0016125320346431996
10.0,5.0814165047902815,1.0,PS,1.0,15000.0,0.001780054763853073
10.0,5.356377138752477,1.0,PS,1.0,15000.0,0.0019442249769572005
10.0,5.389452332657201,1.0,PS,1.0,15000.0,0.0019630887556322486
10.0,5.646216173286171,1.0,PS,1.0,15000.0,0.0021029148271419717
10.0,5.9517386938335095,1.0,PS,1.0,15000.0,0.002254226537187893
10.0,6.273793349831704,1.0,PS,1.0,15000.0,0.002396518196093228
10.0,6.613274712005288,1.0,PS,1.0,15000.0,0.002528457282479304
10.0,6.971125757213828,1.0,PS,1.0,15000.0,0.002648929701127524
10.0,7.3483404877573175,1.0,PS,1.0,15000.0,0.002757188544405648
10.0,7.745966692414836,1.0,PS,1.0,15000.0,0.0028526293104464626
10.0,8.165108856885828,1.0,PS,1.0,15000.0,0.002934946859010785
10.0,8.606931231718361,1.0,PS,1.0,15000.0,0.0030041059272333218
10.0,9.072661066246061,1.0,PS,1.0,15000.0,0.003060180730266674
10.0,9.563592017516726,1.0,PS,1.0,15000.0,0.0031034463601143513
10.0,10.081087743681516,1.0,PS,1.0,15000.0,0.003134331036139061
10.0,10.626585691826111,1.0,PS,1.0,15000.0,0.003153355354821308
10.0,11.20160109076529,1.0,PS,1.0,15000.0,0.0031611077561478026
10.0,11.807731159891665,1.0,PS,1.0,15000.0,0.003158321626431566
10.0,12.446659545769569,1.0,PS,1.0,15000.0,0.0031456967872951027
10.0,13.120160998797505,1.0,PS,1.0,15000.0,0.0031240046059168745
10.0,13.830106302929654,1.0,PS,1.0,15000.0,0.0030940383193089503
10.0,14.578467472149546,1.0,PS,1.0,15000.0,0.003056564393697752
10.0,15.367323228130308,1.0,PS,1.0,15000.0,0.0030123534854815644
10.0,16.198864774296695,1.0,PS,1.0,15000.0,0.002962167283746968
10.0,17.07540188232742,1.0,PS,1.0,15000.0,0.0029067473934084073
10.0,17.999369308004486,1.0,PS,1.0,15000.0,0.0028467547662967196
10.0,18.973333554230518,1.0,PS,1.0,15000.0,0.00278288067274878
10.0,20.000000000000004,1.0,PS,1.0,15000.0,0.002715748189995677
10.0,3.0,1.0,PS,2.0,8000.0,0.0006986142891475394
10.0,3.1623330622689494,1.0,PS,2.0,8000.0,0.0008691959844930779
10.0,3.33345013223977,1.0,PS,2.0,8000.0,0.0010586178506210026
10.0,3.5138265215355418,1.0,PS,2.0,8000.0,0.0012645913109285518
10.0,3.703963261376446,1.0,PS,2.0,8000.0,0.0014842534526105407
10.0,3.9043884942934204,1.0,PS,2.0,8000.0,0.0017143322292991732
10.0,4.1156589411488556,1.0,PS,2.0,8000.0,0.0019513097336673092
10.0,4.338361447539279,1.0,PS,2.0,8000.0,0.002191539576530779
10.0,4.573114613875481,1.0,PS,2.0,8000.0,0.002431452618920411
10.0,4.820570513667911,1.0,PS,2.0,8000.0,0.002667561054999284
10.0,5.0814165047902815,1.0,PS,2.0,8000.0,0.00289671560133812
10.0,5.356377138752477,1.0,PS,2.0,8000.0,0.003116054055686635
10.0,5.389452332657201,1.0,PS,2.0,8000.0,0.0031409241462575584
10.0,5.646216173286171,1.0,PS,2.0,8000.0,0.0033230926079060048
10.0,5.9517386938335095,1.0,PS,2.0,8000.0,0.003515757478788896
10.0,6.273793349831704,1.0,PS,2.0,8000.0,0.0036923618235585086
10.0,6.613274712005288,1.0,PS,2.0,8000.0,0.0038516849034227678
10.0,6.971125757213828,1.0,PS,2.0,8000.0,0.003992799882020878
10.0,7.3483404877573175,1.0,PS,2.0,8000.0,0.0041152694950649694
10.0,7.745966692414836,1.0,PS,2.0,8000.0,0.004218830112890333
10.0,8.165108856885828,1.0,PS,2.0,8000.0,0.0043035811591135694
10.0,8.606931231718361,1.0,PS,2.0,8000.0,0.004369928091944504
10.0,9.072661066246061,1.0,PS,2.0,8000.0,0.004418391741042684
10.0,9.563592017516726,1.0,PS,2.0,8000.0,0.004449712466082441
10.0,10.081087743681516,1.0,PS,2.0,8000.0,0.004464775561614479
10.0,10.626585691826111,1.0,PS,2.0,8000.0,0.004464544707736274
10.0,11.20160109076529,1.0,PS,2.0,8000.0,0.004450036346205946
10.0,11.807731159891665,1.0,PS,2.0,8000.0,0.0044223998759055074
10.0,12.446659545769569,1.0,PS,2.0,8000.0,0.0043827105473296345
10.0,13.120160998797505,1.0,PS,2.0,8000.0,0.004332112176439718
10.0,13.830106302929654,1.0,PS,2.0,8000.0,0.004271724799631519
10.0,14.578467472149546,1.0,PS,2.0,8000.0,0.004202620872831003
10.0,15.367323228130308,1.0,PS,2.0,8000.0,0.004125851039011724
10.0,16.198864774296695,1.0,PS,2.0,8000.0,0.004042432280287108
10.0,17.07540188232742,1.0,PS,2.0,8000.0,0.003953334974203214
10.0,17.999369308004486,1.0,PS,2.0,8000.0,0.0038594161143851147
10.0,18.973333554230518,1.0,PS,2.0,8000.0,0.0037615526243131585
10.0,20.000000000000004,1.0,PS,2.0,8000.0,0.003660529691417117
10.0,3.0,1.0,PS,2.0,10000.0,0.0005664228294946982
10.0,3.1623330622689494,1.0,PS,2.0,10000.0,0.0007116639162796004
10.0,3.33345013223977,1.0,PS,2.0,10000.0,0.0008745883930245662
10.0,3.5138265215355418,1.0,PS,2.0,10000.0,0.0010534344675961417
10.0,3.703963261376446,1.0,PS,2.0,10000.0,0.0012458707251306663
10.0,3.9043884942934204,1.0,PS,2.0,10000.0,0.0014491324051362677
10.0,4.1156589411488556,1.0,PS,2.0,10000.0,0.0016601664399531716
10.0,4.338361447539279,1.0,PS,2.0,10000.0,0.0018757375689110005
10.0,4.573114613875481,1.0,PS,2.0,10000.0,0.0020926189502448473
10.0,4.820570513667911,1.0,PS,2.0,10000.0,0.0023076031530900863
10.0,5.0814165047902815,1.0,PS,2.0,10000.0,0.002517743118466302
10.0,5.356377138752477,1.0,PS,2.0,10000.0,0.0027203198286568048
10.0,5.389452332657201,1.0,PS,2.0,10000.0,0.002743382567123563
10.0,5.646216173286171,1.0,PS,2.0,10000.0,0.002912928686378449
10.0,5.9517386938335095,1.0,PS,2.0,10000.0,0.003093519307689295
10.0,6.273793349831704,1.0,PS,2.0,10000.0,0.0032603883242355368
10.0,6.613274712005288,1.0,PS,2.0,10000.0,0.0034122508872556218
10.0,6.971125757213828,1.0,PS,2.0,10000.0,0.003548094929739747
10.0,7.3483404877573175,1.0,PS,2.0,10000.0,0.0036673623734319464
10.0,7.745966692414836,1.0,PS,2.0,10000.0,0.003769661324693503
10.0,8.165108856885828,1.0,PS,2.0,10000.0,0.0038549461880310484
10.0,8.606931231718361,1.0,PS,2.0,10000.0,0.0039234693133299615
10.0,9.072661066246061,1.0,PS,2.0,10000.0,0.003975598460130115
10.0,9.563592017516726,1.0,PS,2.0,10000.0,0.00401191750020464
10.0,10.081087743681516,1.0,PS,2.0,10000.0,0.004033160184994697
10.0,10.626585691826111,1.0,PS,2.0,10000.0,0.004040144943384166
10.0,11.20160109076529,1.0,PS,2.0,10000.0,0.004033748905234877
10.0,11.807731159891665,1.0,PS,2.0,10000.0,0.004014988143312658
10.0,12.446659545769569,1.0,PS,2.0,10000.0,0.003984817788556081
10.0,13.120160998797505,1.0,PS,2.0,10000.0,0.003944263310637635
10.0,13.830106302929654,1.0,PS,2.0,10000.0,0.0038943426175108396
10.0,14.578467472149546,1.0,PS,2.0,10000.0,0.0038360321652005256
10.0,15.367323228130308,1.0,PS,2.0,10000.0,0.0037702956102450094
10.0,16.198864774296695,1.0,PS,2.0,10000.0,0.0036980711671918804
10.0,17.07540188232742,1.0,PS,2.0,10000.0,0.0036202591111830712
10.0,17.999369308004486,1.0,PS,2.0,10000.0,0.003537656570377686
10.0,18.973333554230518,1.0,PS,2.0,10000.0,0.0034510844289308102
10.0,20.000000000000004,1.0,PS,2.0,10000.0,0.0033612790133103767
10.0,3.0,1.0,PS,2.0,15000.0,0.0003373985986499812
10.0,3.1623330622689494,1.0,PS,2.0,15000.0,0.00043428886001428506
10.0,3.33345013223977,1.0,PS,2.0,15000.0,0.0005456996266529081
10.0,3.5138265215355418,1.0,PS,2.0,15000.0,0.0006708541549575388
10.0,3.703963261376446,1.0,PS,2.0,15000.0,0.0008084633276813293
10.0,3.9043884942934204,1.0,PS,2.0,15000.0,0.0009568019933477227
10.0,4.1156589411488556,1.0,PS,2.0,15000.0,0.0011138072533085428
10.0,4.338361447539279,1.0,PS,2.0,15000.0,0.0012771564217738602
10.0,4.573114613875481,1.0,PS,2.0,15000.0,0.0014444161137559062
10.0,4.820570513667911,1.0,PS,2.0,15000.0,0.0016130611428424226
10.0,5.0814165047902815,1.0,PS,2.0,15000.0,0.0017806744607929393
10.0,5.356377138752477,1.0,PS,2.0,15000.0,0.0019449442686124893
10.0,5.389452332657201,1.0,PS,2.0,15000.0,0.0019638202788536956
10.0,5.646216173286171,1.0,PS,2.0,15000.0,0.0021037428904154324
10.0,5.9517386938335095,1.0,PS,2.0,15000.0,0.002255172672540065
10.0,6.273793349831704,1.0,PS,2.0,15000.0,0.0023975917804055316
10.0,6.613274712005288,1.0,PS,2.0,15000.0,0.0025296677265337682
10.0,6.971125757213828,1.0,PS,2.0,15000.0,0.0026502863646210902
10.0,7.3483404877573175,1.0,PS,2.0,15000.0,0.002758700714423217
10.0,7.745966692414836,1.0,PS,2.0,15000.0,0.002854306058633654
10.0,8.165108856885828,1.0,PS,2.0,15000.0,0.00293679699535664
10.0,8.606931231718361,1.0,PS,2.0,15000.0,0.003006137958234577
10.0,9.072661066246061,1.0,PS,2.0,15000.0,0.0030624027068585093
10.0,9.563592017516726,1.0,PS,2.0,15000.0,0.0031058658116062494
10.0,10.081087743681516,1.0,PS,2.0,15000.0,0.0031369549267280493
10.0,10.626585691826111,1.0,PS,2.0,15000.0,0.0031561899558599205
10.0,11.20160109076529,1.0,PS,2.0,15000.0,0.003164158560884005
10.0,11.807731159891665,1.0,PS,2.0,15000.0,0.0031615933558625745
10.0,12.446659545769569,1.0,PS,2.0,15000.0,0.003149193276474019
10.0,13.120160998797505,1.0,PS,2.0,15000.0,0.003127728772385135
10.0,13.830106302929654,1.0,PS,2.0,15000.0,0.0030979921821571
10.0,14.578467472149546,1.0,PS,2.0,15000.0,0.0030607489739049227
10.0,15.367323228130308,1.0,PS,2.0,15000.0,0.00301676885429133
10.0,16.198864774296695,1.0,PS,2.0,15000.0,0.002966812577165978
10.0,17.07540188232742,1.0,PS,2.0,15000.0,0.0029116208483716275
10.0,17.999369308004486,1.0,PS,2.0,15000.0,0.002851853642894423
10.0,18.973333554230518,1.0,PS,2.0,15000.0,0.002788201429105028
10.0,20.000000000000004,1.0,PS,2.0,15000.0,0.0027212864803390032
10.0,3.0,1.2,ST,0.5,8000.0,0.0027338536203894612
10.0,3.1623330622689494,1.2,ST,0.5,8000.0,0.003096965383107164
10.0,3.33345013223977,1.2,ST,0.5,8000.0,0.0034619645397821457
10.0,3.5138265215355418,1.2,ST,0.5,8000.0,0.0038233342429432396
10.0,3.703963261376446,1.2,ST,0.5,8000.0,0.0041758989960346314
10.0,3.9043884942934204,1.2,ST,0.5,8000.0,0.004514985007496881
10.0,4.1156589411488556,1.2,ST,0.5,8000.0,0.00483651493344071
10.0,4.338361447539279,1.2,ST,0.5,8000.0,0.005137001534668552
10.0,4.573114613875481,1.2,ST,0.5,8000.0,0.0054136747325303925
10.0,4.820570513667911,1.2,ST,0.5,8000.0,0.005664300964563193
10.0,5.0814165047902815,1.2,ST,0.5,8000.0,0.005887393483193369
10.0,5.356377138752477,1.2,ST,0.5,8000.0,0.006081987097824357
10.0,5.389452332657201,1.2,ST,0.5,8000.0,0.006102843155403231
10.0,5.646216173286171,1.2,ST,0.5,8000.0,0.006247648534266751
10.0,5.9517386938335095,1.2,ST,0.5,8000.0,0.006384421577812135
10.0,6.273793349831704,1.2,ST,0.5,8000.0,0.006492726008528294
10.0,6.613274712005288,1.2,ST,0.5,8000.0,0.00657339664950714
10.0,6.971125757213828,1.2,ST,0.5,8000.0,0.006627443513066536
10.0,7.3483404877573175,1.2,ST,0.5,8000.0,0.0066562487824869815
10.0,7.745966692414836,1.2,ST,0.5,8000.0,0.006661199750847332
10.0,8.165108856885828,1.2,ST,0.5,8000.0,0.0066438931793148075
10.0,8.606931231718361,1.2,ST,0.5,8000.0,0.006606065823442946
10.0,9.072661066246061,1.2,ST,0.5,8000.0,0.0065494018305215585
10.0,9.563592017516726,1.2,ST,0.5,8000.0,0.006475648659473046
10.0,10.081087743681516,1.2,ST,0.5,8000.0,0.006386547727046979
10.0,10.626585691826111,1.2,ST,0.5,8000.0,0.006283781389461593
10.0,11.20160109076529,1.2,ST,0.5,8000.0,0.006168959854329941
10.0,11.807731159891665,1.2,ST,0.5,8000.0,0.0060437073272234295
10.0,12.446659545769569,1.2,ST,0.5,8000.0,0.005909477237175357
10.0,13.120160998797505,1.2,ST,0.5,8000.0,0.00576769846365304
10.0,13.830106302929654,1.2,ST,0.5,8000.0,0.005619697407932888
10.0,14.578467472149546,1.2,ST,0.5,8000.0,0.005466688314938953
10.0,15.367323228130308,1.2,ST,0.5,8000.0,0.005309803858803972
10.0,16.198864774296695,1.2,ST,0.5,8000.0,0.005150092948651305
10.0,17.07540188232742,1.2,ST,0.5,8000.0,0.004988516125271923
10.0,17.999369308004486,1.2,ST,0.5,8000.0,0.00482589505975626
10.0,18.973333554230518,1.2,ST,0.5,8000.0,0.004663033144424998
10.0,20.000000000000004,1.2,ST,0.5,8000.0,0.004500624292813841
10.0,3.0,1.2,ST,0.5,10000.0,0.0023937436805784784
10.0,3.1623330622689494,1.2,ST,0.5,10000.0,0.002727511726182819
10.0,3.33345013223977,1.2,ST,0.5,10000.0,0.0030653264654050038
10.0,3.5138265215355418,1.2,ST,0.5,10000.0,0.0034020058263125237
10.0,3.703963261376446,1.2,ST,0.5,10000.0,0.003732616212275225
10.0,3.9043884942934204,1.2,ST,0.5,10000.0,0.004052632512073157
10.0,4.1156589411488556,1.2,ST,0.5,10000.0,0.004358045893456966
10.0,4.338361447539279,1.2,ST,0.5,10000.0,0.0046453696684192304
10.0,4.573114613875481,1.2,ST,0.5,10000.0,0.004911773003235267
10.0,4.820570513667911,1.2,ST,0.5,10000.0,0.005154919750124278
10.0,5.0814165047902815,1.2,ST,0.5,10000.0,0.005373176740291973
10.0,5.356377138752477,1.2,ST,0.5,10000.0,0.0055654130686650935
10.0,5.389452332657201,1.2,ST,0.5,10000.0,0.005586146598250216
10.0,5.646216173286171,1.2,ST,0.5,10000.0,0.005731007203649144
10.0,5.9517386938335095,1.2,ST,0.5,10000.0,0.005869802222707357
10.0,6.273793349831704,1.2,ST,0.5,10000.0,0.00598201974017217
10.0,6.613274712005288,1.2,ST,0.5,10000.0,0.006068288742635942
10.0,6.971125757213828,1.2,ST,0.5,10000.0,0.006129425694956781
10.0,7.3483404877573175,1.2,ST,0.5,10000.0,0.00616661869299326
10.0,7.745966692414836,1.2,ST,0.5,10000.0,0.006181076091873038
10.0,8.165108856885828,1.2,ST,0.5,10000.0,0.006174224445561274
10.0,8.606931231718361,1.2,ST,0.5,10000.0,0.006147643142607821
10.0,9.072661066246061,1.2,ST,0.5,10000.0,0.006102871303176264
10.0,9.563592017516726,1.2,ST,0.5,10000.0,0.006041521620860875
10.0,10.081087743681516,1.2,ST,0.5,10000.0,0.005965215324700959
10.0,10.626585691826111,1.2,ST,0.5,10000.0,0.005875526922344038
10.0,11.20160109076529,1.2,ST,0.5,10000.0,0.0057739689202999074
10.0,11.807731159891665,1.2,ST,0.5,10000.0,0.005662079213771872
10.0,12.446659545769569,1.2,ST,0.5,10000.0,0.005541236860737109
10.0,13.120160998797505,1.2,ST,0.5,10000.0,0.005412800652417633
10.0,13.830106302929654,1.2,ST,0.5,10000.0,0.0052780419049838195
10.0,14.578467472149546,1.2,ST,0.5,10000.0,0.005138124383283953
10.0,15.367323228130308,1.2,ST,0.5,10000.0,0.004994137970096066
10.0,16.198864774296695,1.2,ST,0.5,10000.0,0.004847095229844388
10.0,17.07540188232742,1.2,ST,0.5,10000.0,0.004697926748110986
10.0,17.999369308004486,1.2,ST,0.5,10000.0,0.00454743050566618
10.0,18.973333554230518,1.2,ST,0.5,10000.0,0.004396389514349925
10.0,20.000000000000004,1.2,ST,0.5,10000.0,0.004245481222988087
10.0,3.0,1.2,ST,0.5,15000.0,0.0017247622582896322
10.0,3.1623330622689494,1.2,ST,0.5,15000.0,0.0019936628555968774
10.0,3.33345013223977,1.2,ST,0.5,15000.0,0.0022703424528060486
10.0,3.5138265215355418,1.2,ST,0.5,15000.0,0.002550479100985735
10.0,3.703963261376446,1.2,ST,0.5,15000.0,0.0028298057605419718
10.0,3.9043884942934204,1.2,ST,0.5,15000.0,0.0031042655971624763
10.0,4.1156589411488556,1.2,ST,0.5,15000.0,0.0033701359447125662
10.0,4.338361447539279,1.2,ST,0.5,15000.0,0.0036240615116372695
10.0,4.573114613875481,1.2,ST,0.5,15000.0,0.0038631949289777584
10.0,4.820570513667911,1.2,ST,0.5,15000.0,0.004085079653884685
10.0,5.0814165047902815,1.2,ST,0.5,15000.0,0.0042878519041584595
10.0,5.356377138752477,1.2,ST,0.5,15000.0,0.004470089587085742
10.0,5.389452332657201,1.2,ST,0.5,15000.0,0.004489996623757847
10.0,5.646216173286171,1.2,ST,0.5,15000.0,0.004630822620870222
10.0,5.9517386938335095,1.2,ST,0.5,15000.0,0.004769501315640153
10.0,6.273793349831704,1.2,ST,0.5,15000.0,0.0048859502761776485
10.0,6.613274712005288,1.2,ST,0.5,15000.0,0.004980373474317901
10.0,6.971125757213828,1.2,ST,0.5,15000.0,0.0050531817361800496
10.0,7.3483404877573175,1.2,ST,0.5,15000.0,0.0051051471569347065
10.0,7.745966692414836,1.2,ST,0.5,15000.0,0.005137091681803708
10.0,8.165108856885828,1.2,ST,0.5,15000.0,0.005150068039580241
10.0,8.606931231718361,1.2,ST,0.5,15000.0,0.005145304915327239
10.0,9.072661066246061,1.2,ST,0.5,15000.0,0.005124016527574423
10.0,9.563592017516726,1.2,ST,0.5,15000.0,0.005087510337079222
10.0,10.081087743681516,1.2,ST,0.5,15000.0,0.005037132496420235
10.0,10.626585691826111,1.2,ST,0.5,15000.0,0.004974208186434887
10.0,11.20160109076529,1.2,ST,0.5,15000.0,0.0049000231323656105
10.0,11.807731159891665,1.2,ST,0.5,15000.0,0.0048159111566534315
10.0,12.446659545769569,1.2,ST,0.5,15000.0,0.004723075527369884
10.0,13.120160998797505,1.2,ST,0.5,15000.0,0.004622708455125899
10.0,13.830106302929654,1.2,ST,0.5,15000.0,0.004515945986641193
10.0,14.578467472149546,1.2,ST,0.5,15000.0,0.00440382957952769
10.0,15.367323228130308,1.2,ST,0.5,15000.0,0.004287343433509658
10.0,16.198864774296695,1.2,ST,0.5,15000.0,0.004167409056721212
10.0,17.07540188232742,1.2,ST,0.5,15000.0,0.00404488071081807
10.0,17.999369308004486,1.2,ST,0.5,15000.0,0.003920495042926493
10.0,18.973333554230518,1.2,ST,0.5,15000.0,0.003794980699905922
10.0,20.000000000000004,1.2,ST,0.5,15000.0,0.003668970670087472
10.0,3.0,1.2,ST,1.0,8000.0,0.002736144889136662
10.0,3.1623330622689494,1.2,ST,1.0,8000.0,0.0030996523544925157
10.0,3.33345013223977,1.2,ST,1.0,8000.0,0.003465086865206765
10.0,3.5138265215355418,1.2,ST,1.0,8000.0,0.003826933939706509
10.0,3.703963261376446,1.2,ST,1.0,8000.0,0.0041800208407360715
10.0,3.9043884942934204,1.2,ST,1.0,8000.0,0.004519676914232496
10.0,4.1156589411488556,1.2,ST,1.0,8000.0,0.004841828190201037
10.0,4.338361447539279,1.2,ST,1.0,8000.0,0.005142990821680944
10.0,4.573114613875481,1.2,ST,1.0,8000.0,0.0054203980393632435
10.0,4.820570513667911,1.2,ST,1.0,8000.0,0.005671819055240215
10.0,5.0814165047902815,1.2,ST,1.0,8000.0,0.00589576944669934
10.0,5.356377138752477,1.2,ST,1.0,8000.0,0.0060912853943341306
10.0,5.389452332657201,1.2,ST,1.0,8000.0,0.006112253435248294
10.0,5.646216173286171,1.2,ST,1.0,8000.0,0.0062579340327496595
10.0,5.9517386938335095,1.2,ST,1.0,8000.0,0.006395758331403296
10.0,6.273793349831704,1.2,ST,1.0,8000.0,0.006505175988213393
10.0,6.613274712005288,1.2,ST,1.0,8000.0,0.006587018509025361
10.0,6.971125757213828,1.2,ST,1.0,8000.0,0.006642291164979804
10.0,7.3483404877573175,1.2,ST,1.0,8000.0,0.0066723705028533566
10.0,7.745966692414836,1.2,ST,1.0,8000.0,0.006678636624040454
10.0,8.165108856885828,1.2,ST,1.0,8000.0,0.006662678438685324
10.0,8.606931231718361,1.2,ST,1.0,8000.0,0.0066262244046426414
10.0,9.072661066246061,1.2,ST,1.0,8000.0,0.0065709494236395665
10.0,9.563592017516726,1.2,ST,1.0,8000.0,0.0064985915091912245
10.0,10.081087743681516,1.2,ST,1.0,8000.0,0.006410882925663968
10.0,10.626585691826111,1.2,ST,1.0,8000.0,0.00630949654900557
10.0,11.20160109076529,1.2,ST,1.0,8000.0,0.00619603337954079
10.0,11.807731159891665,1.2,ST,1.0,8000.0,0.006072109200552432
10.0,12.446659545769569,1.2,ST,1.0,8000.0,0.005939169382299219
10.0,13.120160998797505,1.2,ST,1.0,8000.0,0.005798635396968818
10.0,13.830106302929654,1.2,ST,1.0,8000.0,0.0056518272751881265
10.0,14.578467472149546,1.2,ST,1.0,8000.0,0.005499953217907366
10.0,15.367323228130308,1.2,ST,1.0,8000.0,0.005344141080827986
10.0,16.198864774296695,1.2,ST,1.0,8000.0,0.005185435797238327
10.0,17.07540188232742,1.2,ST,1.0,8000.0,0.005024794830826245
10.0,17.999369308004486,1.2,ST,1.0,8000.0,0.0048630370468089445
10.0,18.973333554230518,1.2,ST,1.0,8000.0,0.004700964488446245
10.0,20.000000000000004,1.2,ST,1.0,8000.0,0.0045392702226863
10.0,3.0,1.2,ST,1.0,10000.0,0.0023950861270686137
10.0,3.1623330622689494,1.2,ST,1.0,10000.0,0.0027291269658923454
10.0,3.33345013223977,1.2,ST,1.0,10000.0,0.0030672517253266377
10.0,3.5138265215355418,1.2,ST,1.0,10000.0,0.003404281881462796
10.0,3.703963261376446,1.2,ST,1.0,10000.0,0.003735287691701129
10.0,3.9043884942934204,1.2,ST,1.0,10000.0,0.004055748152829817
10.0,4.1156589411488556,1.2,ST,1.0,10000.0,0.004361658656460492
10.0,4.338361447539279,1.2,ST,1.0,10000.0,0.0046495366392525685
10.0,4.573114613875481,1.2,ST,1.0,10000.0,0.004916555178176856
10.0,4.820570513667911,1.2,ST,1.0,10000.0,0.005160381406728014
10.0,5.0814165047902815,1.2,ST,1.0,10000.0,0.0053793848533888015
10.0,5.356377138752477,1.2,ST,1.0,10000.0,0.005572436291020821
10.0,5.389452332657201,1.2,ST,1.0,10000.0,0.0055932695609217445
10.0,5.646216173286171,1.2,ST,1.0,10000.0,0.005738914800592278
10.0,5.9517386938335095,1.2,ST,1.0,10000.0,0.005878662765243316
10.0,6.273793349831704,1.2,ST,1.0,10000.0,0.005991899808875513
10.0,6.613274712005288,1.2,ST,1.0,10000.0,0.006079251601235528
10.0,6.971125757213828,1.2,ST,1.0,10000.0,0.006141529862783469
10.0,7.3483404877573175,1.2,ST,1.0,10000.0,0.006179916973427487
10.0,7.745966692414836,1.2,ST,1.0,10000.0,0.00619561401900639
10.0,8.165108856885828,1.2,ST,1.0,10000.0,0.006190039591165568
10.0,8.606931231718361,1.2,ST,1.0,10000.0,0.006164764659107065
10.0,9.072661066246061,1.2,ST,1.0,10000.0,0.006121318964236032
10.0,9.563592017516726,1.2,ST,1.0,10000.0,0.0060613055983391
10.0,10.081087743681516,1.2,ST,1.0,10000.0,0.005986336491757553
10.0,10.626585691826111,1.2,ST,1.0,10000.0,0.005897976527141039
10.0,11.20160109076529,1.2,ST,1.0,10000.0,0.00579772884930254
10.0,11.807731159891665,1.2,ST,1.0,10000.0,0.005687122783037106
10.0,12.446659545769569,1.2,ST,1.0,10000.0,0.005567529198769264
10.0,13.120160998797505,1.2,ST,1.0,10000.0,0.005440299309338768
10.0,13.830106302929654,1.2,ST,1.0,10000.0,0.005306697952527552
10.0,14.578467472149546,1.2,ST,1.0,10000.0,0.005167882716098379
10.0,15.367323228130308,1.2,ST,1.0,10000.0,0.005024938541427863
10.0,16.198864774296695,1.2,ST,1.0,10000.0,0.004878873898726031
10.0,17.07540188232742,1.2,ST,1.0,10000.0,0.004730616189600826
10.0,17.999369308004486,1.2,ST,1.0,10000.0,0.004580960501024835
10.0,18.973333554230518,1.2,ST,1.0,10000.0,0.004430688397819689
10.0,20.000000000000004,1.2,ST,1.0,10000.0,0.004280476385192583
10.0,3.0,1.2,ST,1.0,15000.0,0.00172558944225887
10.0,3.1623330622689494,1.2,ST,1.0,15000.0,0.001994690655634239
10.0,3.33345013223977,1.2,ST,1.0,15000.0,0.0022716059249123705
10.0,3.5138265215355418,1.2,ST,1.0,15000.0,0.002552017567912043
10.0,3.703963261376446,1.2,ST,1.0,15000.0,0.0028316630805850927
10.0,3.9043884942934204,1.2,ST,1.0,15000.0,0.003106490358354007
10.0,4.1156589411488556,1.2,ST,1.0,15000.0,0.003372781514627074
10.0,4.338361447539279,1.2,ST,1.0,15000.0,0.0036271858754397326
10.0,4.573114613875481,1.2,ST,1.0,15000.0,0.0038668603976995735
10.0,4.820570513667911,1.2,ST,1.0,15000.0,0.00408935218002776
10.0,5.0814165047902815,1.2,ST,1.0,15000.0,0.004292800415940758
10.0,5.356377138752477,1.2,ST,1.0,15000.0,0.0044757849230669415
10.0,5.389452332657201,1.2,ST,1.0,15000.0,0.004495783873461526
10.0,5.646216173286171,1.2,ST,1.0,15000.0,0.004637336405304015
10.0,5.9517386938335095,1.2,ST,1.0,15000.0,0.004776904593571118
10.0,6.273793349831704,1.2,ST,1.0,15000.0,0.004894312197035277
10.0,6.613274712005288,1.2,ST,1.0,15000.0,0.0049897599046674675
10.0,6.971125757213828,1.2,ST,1.0,15000.0,0.0050636538271527295
10.0,7.3483404877573175,1.2,ST,1.0,15000.0,0.005116760319942307
10.0,7.745966692414836,1.2,ST,1.0,15000.0,0.005149894035832599
10.0,8.165108856885828,1.2,ST,1.0,15000.0,0.005164099691934861
10.0,8.606931231718361,1.2,ST,1.0,15000.0,0.005160597493057954
10.0,9.072661066246061,1.2,ST,1.0,15000.0,0.005140592210768805
10.0,9.563592017516726,1.2,ST,1.0,15000.0,0.005105381618003422
10.0,10.081087743681516,1.2,ST,1.0,15000.0,0.00505630248593651
10.0,10.626585691826111,1.2,ST,1.0,15000.0,0.004994670285975494
10.0,11.20160109076529,1.2,ST,1.0,15000.0,0.004921761291147141
10.0,11.807731159891665,1.2,ST,1.0,15000.0,0.0048389006609091435
10.0,12.446659545769569,1.2,ST,1.0,15000.0,0.004747283397733292
10.0,13.120160998797505,1.2,ST,1.0,15000.0,0.004648094028087647
10.0,13.830106302929654,1.2,ST,1.0,15000.0,0.004542462046790931
10.0,14.578467472149546,1.2,ST,1.0,15000.0,0.004431422650184547
10.0,15.367323228130308,1.2,ST,1.0,15000.0,0.004315955015536369
10.0,16.198864774296695,1.2,ST,1.0,15000.0,0.004196976477182182
10.0,17.07540188232742,1.2,ST,1.0,15000.0,0.0040753380394884225
10.0,17.999369308004486,1.2,ST,1.0,15000.0,0.003951773395128265
10.0,18.973333554230518,1.2,ST,1.0,15000.0,0.0038270096733660215
10.0,20.000000000000004,1.2,ST,1.0,15000.0,0.0037016788503064983
10.0,3.0,1.2,ST,2.0,8000.0,0.002737294122600872
10.0,3.1623330622689494,1.2,ST,2.0,8000.0,0.003101000587475795
10.0,3.33345013223977,1.2,ST,2.0,8000.0,0.003466654401381817
10.0,3.5138265215355418,1.2,ST,2.0,8000.0,0.003828742493480029
10.0,3.703963261376446,1.2,ST,2.0,8000.0,0.004182093820204811
10.0,3.9043884942934204,1.2,ST,2.0,8000.0,0.004522039713329959
10.0,4.1156589411488556,1.2,ST,2.0,8000.0,0.004844508423592658
10.0,4.338361447539279,1.2,ST,2.0,8000.0,0.005146018458714169
10.0,4.573114613875481,1.2,ST,2.0,8000.0,0.005423805489515021
10.0,4.820570513667911,1.2,ST,2.0,8000.0,0.0056756410179665566
10.0,5.0814165047902815,1.2,ST,2.0,8000.0,0.0059000427893419185
10.0,5.356377138752477,1.2,ST,2.0,8000.0,0.006096048748972132
10.0,5.389452332657201,1.2,ST,2.0,8000.0,0.006117076620221619
10.0,5.646216173286171,1.2,ST,2.0,8000.0,0.006263227357492304
10.0,5.9517386938335095,1.2,ST,2.0,8000.0,0.006401622293250793
10.0,6.273793349831704,1.2,ST,2.0,8000.0,0.006511651285990473
10.0,6.613274712005288,1.2,ST,2.0,8000.0,0.00659414516169144
10.0,6.971125757213828,1.2,ST,2.0,8000.0,0.0066501076598238645
10.0,7.3483404877573175,1.2,ST,2.0,8000.0,0.006680913182636073
10.0,7.745966692414836,1.2,ST,2.0,8000.0,0.006687938677020614
10.0,8.165108856885828,1.2,ST,2.0,8000.0,0.006672769344667099
10.0,8.606931231718361,1.2,ST,2.0,8000.0,0.006637129481088669
10.0,9.072661066246061,1.2,ST,2.0,8000.0,0.006582689078030292
10.0,9.563592017516726,1.2,ST,2.0,8000.0,0.00651118088357242
10.0,10.081087743681516,1.2,ST,2.0,8000.0,0.006424331851460183
10.0,10.626585691826111,1.2,ST,2.0,8000.0,0.006323809136598825
10.0,11.20160109076529,1.2,ST,2.0,8000.0,0.00621120796194435
10.0,11.807731159891665,1.2,ST,2.0,8000.0,0.006088138599635157
10.0,12.446659545769569,1.2,ST,2.0,8000.0,0.005956040970242144
10.0,13.120160998797505,1.2,ST,2.0,8000.0,0.005816331315776391
10.0,13.830106302929654,1.2,ST,2.0,8000.0,0.00567032494453927
10.0,14.578467472149546,1.2,ST,2.0,8000.0,0.005519225433452605
10.0,15.367323228130308,1.2,ST,2.0,8000.0,0.005364156689271444
10.0,16.198864774296695,1.2,ST,2.0,8000.0,0.005206160160359087
10.0,17.07540188232742,1.2,ST,2.0,8000.0,0.0050461903463496355
10.0,17.999369308004486,1.2,ST,2.0,8000.0,0.004885063325125612
10.0,18.973333554230518,1.2,ST,2.0,8000.0,0.004723579255852982
10.0,20.000000000000004,1.2,ST,2.0,8000.0,0.004562429672101138
10.0,3.0,1.2,ST,2.0,10000.0,0.002395758704912292
10.0,3.1623330622689494,1.2,ST,2.0,10000.0,0.0027299366964982984
10.0,3.33345013223977,1.2,ST,2.0,10000.0,0.003068217664557478
10.0,3.5138265215355418,1.2,ST,2.0,10000.0,0.0034054250871029335
10.0,3.703963261376446,1.2,ST,2.0,10000.0,0.003736631462758791
10.0,3.9043884942934204,1.2,ST,2.0,10000.0,0.004057318259513489
10.0,4.1156589411488556,1.2,ST,2.0,10000.0,0.004363483514730513
10.0,4.338361447539279,1.2,ST,2.0,10000.0,0.0046516473859141635
10.0,4.573114613875481,1.2,ST,2.0,10000.0,0.004918985690627634
10.0,4.820570513667911,1.2,ST,2.0,10000.0,0.0051631681054548195
10.0,5.0814165047902815,1.2,ST,2.0,10000.0,0.005382566512364905
10.0,5.356377138752477,1.2,ST,2.0,10000.0,0.0055760536017050175
10.0,5.389452332657201,1.2,ST,2.0,10000.0,0.0055969404905542525
10.0,5.646216173286171,1.2,ST,2.0,10000.0,0.005743009881494641
10.0,5.9517386938335095,1.2,ST,2.0,10000.0,0.005883278503445259
10.0,6.273793349831704,1.2,ST,2.0,10000.0,0.005997079168023331
10.0,6.613274712005288,1.2,ST,2.0,10000.0,0.006085036863863558
10.0,6.971125757213828,1.2,ST,2.0,10000.0,0.006147961776700907
10.0,7.3483404877573175,1.2,ST,2.0,10000.0,0.006187034100401887
10.0,7.745966692414836,1.2,ST,2.0,10000.0,0.006203451725684655
10.0,8.165108856885828,1.2,ST,2.0,10000.0,0.006198629478063567
10.0,8.606931231718361,1.2,ST,2.0,10000.0,0.006174134101425139
10.0,9.072661066246061,1.2,ST,2.0,10000.0,0.006131490358297706
10.0,9.563592017516726,1.2,ST,2.0,10000.0,0.006072295994298317
10.0,10.081087743681516,1.2,ST,2.0,10000.0,0.005998157553390653
10.0,10.626585691826111,1.2,ST,2.0,10000.0,0.00591063412210243
10.0,11.20160109076529,1.2,ST,2.0,10000.0,0.00581122298775253
10.0,11.807731159891665,1.2,ST,2.0,10000.0,0.005701447886899555
10.0,12.446659545769569,1.2,ST,2.0,10000.0,0.005582674172843658
10.0,13.120160998797505,1.2,ST,2.0,10000.0,0.00545624773915176
10.0,13.830106302929654,1.2,ST,2.0,10000.0,0.005323428644188259
10.0,14.578467472149546,1.2,ST,2.0,10000.0,0.005185369781532196
10.0,15.367323228130308,1.2,ST,2.0,10000.0,0.005043152078430153
10.0,16.198864774296695,1.2,ST,2.0,10000.0,0.004897780457130596
10.0,17.07540188232742,1.2,ST,2.0,10000.0,0.004750179297825517
10.0,17.999369308004486,1.2,ST,2.0,10000.0,0.0046011408522794095
10.0,18.973333554230518,1.2,ST,2.0,10000.0,0.00445144474805269
10.0,20.000000000000004,1.2,ST,2.0,10000.0,0.004301765904081783
10.0,3.0,1.2,ST,2.0,15000.0,0.0017260040613449041
10.0,3.1623330622689494,1.2,ST,2.0,15000.0,0.001995206278346541
10.0,3.33345013223977,1.2,ST,2.0,15000.0,0.002272240515597159
10.0,3.5138265215355418,1.2,ST,2.0,15000.0,0.002552791452178035
10.0,3.703963261376446,1.2,ST,2.0,15000.0,0.0028325991660127408
10.0,3.9043884942934204,1.2,ST,2.0,15000.0,0.003107614334574997
10.0,4.1156589411488556,1.2,ST,2.0,15000.0,0.003374121994845176
10.0,4.338361447539279,1.2,ST,2.0,15000.0,0.003628774440135631
10.0,4.573114613875481,1.2,ST,2.0,15000.0,0.0038687315754771575
10.0,4.820570513667911,1.2,ST,2.0,15000.0,0.0040915432226116865
10.0,5.0814165047902815,1.2,ST,2.0,15000.0,0.004295351067655016
10.0,5.356377138752477,1.2,ST,2.0,15000.0,0.004478736961803025
10.0,5.389452332657201,1.2,ST,2.0,15000.0,0.004498785603150069
10.0,5.646216173286171,1.2,ST,2.0,15000.0,0.004640733122414344
10.0,5.9517386938335095,1.2,ST,2.0,15000.0,0.004780790106340065
10.0,6.273793349831704,1.2,ST,2.0,15000.0,0.00489873074651548
10.0,6.613274712005288,1.2,ST,2.0,15000.0,0.004994755067527891
10.0,6.971125757213828,1.2,ST,2.0,15000.0,0.005069267659554523
10.0,7.3483404877573175,1.2,ST,2.0,15000.0,0.005123032679792368
10.0,7.745966692414836,1.2,ST,2.0,15000.0,0.005156861574015031
10.0,8.165108856885828,1.2,ST,2.0,15000.0,0.005171795268145217
10.0,8.606931231718361,1.2,ST,2.0,15000.0,0.005169049710817831
10.0,9.072661066246061,1.2,ST,2.0,15000.0,0.005149824660187938
10.0,9.563592017516726,1.2,ST,2.0,15000.0,0.0051154124995342765
10.0,10.081087743681516,1.2,ST,2.0,15000.0,0.0050671445718007396
10.0,10.626585691826111,1.2,ST,2.0,15000.0,0.005006330509527322
10.0,11.20160109076529,1.2,ST,2.0,15000.0,0.004934240682416792
10.0,11.807731159891665,1.2,ST,2.0,15000.0,0.004852194614796027
10.0,12.446659545769569,1.2,ST,2.0,15000.0,0.004761381752374525
10.0,13.120160998797505,1.2,ST,2.0,15000.0,0.004662981248757437
10.0,13.830106302929654,1.2,ST,2.0,15000.0,0.004558117781907298
10.0,14.578467472149546,1.2,ST,2.0,15000.0,0.004447821811140754
10.0,15.367323228130308,1.2,ST,2.0,15000.0,0.004333068458281305
10.0,16.198864774296695,1.2,ST,2.0,15000.0,0.004214771469079261
10.0,17.07540188232742,1.2,ST,2.0,15000.0,0.004093778788960961
10.0,17.999369308004486,1.2,ST,2.0,15000.0,0.003970821244181033
10.0,18.973333554230518,1.2,ST,2.0,15000.0,0.0038466239904915754
10.0,20.000000000000004,1.2,ST,2.0,15000.0,0.003721817382405979
10.0,3.0,1.2,PS,0.5,8000.0,0.0015858599632772993
10.0,3.1623330622689494,1.2,PS,0.5,8000.0,0.0018960586175219897
10.0,3.33345013223977,1.2,PS,0.5,8000.0,0.0022264822420337903
10.0,3.5138265215355418,1.2,PS,0.5,8000.0,0.0025720375478927647
10.0,3.703963261376446,1.2,PS,0.5,8000.0,0.002927253173945961
10.0,3.9043884942934204,1.2,PS,0.5,8000.0,0.0032865465698684393
10.0,4.1156589411488556,1.2,PS,0.5,8000.0,0.0036444473149119926
10.0,4.338361447539279,1.2,PS,0.5,8000.0,0.003995722030123171
10.0,4.573114613875481,1.2,PS,0.5,8000.0,0.004335623439194732
10.0,4.820570513667911,1.2,PS,0.5,8000.0,0.004659817201016232
10.0,5.0814165047902815,1.2,PS,0.5,8000.0,0.004964695058289139
10.0,5.356377138752477,1.2,PS,0.5,8000.0,0.005247220517985707
10.0,5.389452332657201,1.2,PS,0.5,8000.0,0.005278658686538653
10.0,5.646216173286171,1.2,PS,0.5,8000.0,0.0055050002568154295
10.0,5.9517386938335095,1.2,PS,0.5,8000.0,0.00573627297315944
10.0,6.273793349831704,1.2,PS,0.5,8000.0,0.005939830581638496
10.0,6.613274712005288,1.2,PS,0.5,8000.0,0.006115089390367476
10.0,6.971125757213828,1.2,PS,0.5,8000.0,0.0062618243032689066
10.0,7.3483404877573175,1.2,PS,0.5,8000.0,0.006380411491117843
10.0,7.745966692414836,1.2,PS,0.5,8000.0,0.006471388271556095
10.0,8.165108856885828,1.2,PS,0.5,8000.0,0.006535696771469355
10.0,8.606931231718361,1.2,PS,0.5,8000.0,0.006574597827962441
10.0,9.072661066246061,1.2,PS,0.5,8000.0,0.00658942099113983
10.0,9.563592017516726,1.2,PS,0.5,8000.0,0.006581699714766213
10.0,10.081087743681516,1.2,PS,0.5,8000.0,0.006553075603872779
10.0,10.626585691826111,1.2,PS,0.5,8000.0,0.00650521790140467
10.0,11.20160109076529,1.2,PS,0.5,8000.0,0.006439795769630996
10.0,11.807731159891665,1.2,PS,0.5,8000.0,0.006358581771167249
10.0,12.446659545769569,1.2,PS,0.5,8000.0,0.006263199715303717
10.0,13.120160998797505,1.2,PS,0.5,8000.0,0.006155306791759216
10.0,13.830106302929654,1.2,PS,0.5,8000.0,0.006036483926527443
10.0,14.578467472149546,1.2,PS,0.5,8000.0,0.005908212822388688
10.0,15.367323228130308,1.2,PS,0.5,8000.0,0.005771911302408717
10.0,16.198864774296695,1.2,PS,0.5,8000.0,0.005628923387675163
10.0,17.07540188232742,1.2,PS,0.5,8000.0,0.005480507555647908
10.0,17.999369308004486,1.2,PS,0.5,8000.0,0.0053277616089408165
10.0,18.973333554230518,1.2,PS,0.5,8000.0,0.0051717840932231605
10.0,20.000000000000004,1.2,PS,0.5,8000.0,0.005013544783494268
10.0,3.0,1.2,PS,0.5,10000.0,0.0013288672925751397
10.0,3.1623330622689494,1.2,PS,0.5,10000.0,0.001601855959037737
10.0,3.33345013223977,1.2,PS,0.5,10000.0,0.001895209376624116
10.0,3.5138265215355418,1.2,PS,0.5,10000.0,0.0022045487057837107
10.0,3.703963261376446,1.2,PS,0.5,10000.0,0.0025250475597875
10.0,3.9043884942934204,1.2,PS,0.5,10000.0,0.0028516740926504748
10.0,4.1156589411488556,1.2,PS,0.5,10000.0,0.0031794073084362193
10.0,4.338361447539279,1.2,PS,0.5,10000.0,0.003503362232739689
10.0,4.573114613875481,1.2,PS,0.5,10000.0,0.0038190339667951703
10.0,4.820570513667911,1.2,PS,0.5,10000.0,0.0041222444140377595
10.0,5.0814165047902815,1.2,PS,0.5,10000.0,0.004409445519017641
10.0,5.356377138752477,1.2,PS,0.5,10000.0,0.004677596581320235
10.0,5.389452332657201,1.2,PS,0.5,10000.0,0.004707567772409712
10.0,5.646216173286171,1.2,PS,0.5,10000.0,0.004924233481545222
10.0,5.9517386938335095,1.2,PS,0.5,10000.0,0.0051474718526331
10.0,6.273793349831704,1.2,PS,0.5,10000.0,0.0053459504669739295
10.0,6.613274712005288,1.2,PS,0.5,10000.0,0.0055188930744979135
10.0,6.971125757213828,1.2,PS,0.5,10000.0,0.0056658742558527144
10.0,7.3483404877573175,1.2,PS,0.5,10000.0,0.005787045544851228
10.0,7.745966692414836,1.2,PS,0.5,10000.0,0.0058827249309326484
10.0,8.165108856885828,1.2,PS,0.5,10000.0,0.005953630701101972
10.0,8.606931231718361,1.2,PS,0.5,10000.0,0.0060008041535471865
10.0,9.072661066246061,1.2,PS,0.5,10000.0,0.006025365011496527
10.0,9.563592017516726,1.2,PS,0.5,10000.0,0.006028643060557987
10.0,10.081087743681516,1.2,PS,0.5,10000.0,0.0060120905986557295
10.0,10.626585691826111,1.2,PS,0.5,10000.0,0.005977201363166894
10.0,11.20160109076529,1.2,PS,0.5,10000.0,0.005925481099574255
10.0,11.807731159891665,1.2,PS,0.5,10000.0,0.00585855175808129
10.0,12.446659545769569,1.2,PS,0.5,10000.0,0.005777904128778772
10.0,13.120160998797505,1.2,PS,0.5,10000.0,0.0056850677353266045
10.0,13.830106302929654,1.2,PS,0.5,10000.0,0.005581516977208016
10.0,14.578467472149546,1.2,PS,0.5,10000.0,0.00546863501833701
10.0,15.367323228130308,1.2,PS,0.5,10000.0,0.005347752785314246
10.0,16.198864774296695,1.2,PS,0.5,10000.0,0.005220137623377552
10.0,17.07540188232742,1.2,PS,0.5,10000.0,0.005086981669814391
10.0,17.999369308004486,1.2,PS,0.5,10000.0,0.004949327441705769
10.0,18.973333554230518,1.2,PS,0.5,10000.0,0.0048082233849669545
10.0,20.000000000000004,1.2,PS,0.5,10000.0,0.004664596652486469
10.0,3.0,1.2,PS,0.5,15000.0,0.0008579434578286572
10.0,3.1623330622689494,1.2,PS,0.5,15000.0,0.0010552970140264158
10.0,3.33345013223977,1.2,PS,0.5,15000.0,0.0012719492638657555
10.0,3.5138265215355418,1.2,PS,0.5,15000.0,0.0015050360399033937
10.0,3.703963261376446,1.2,PS,0.5,15000.0,0.0017511537761343435
10.0,3.9043884942934204,1.2,PS,0.5,15000.0,0.0020065413820693407
10.0,4.1156589411488556,1.2,PS,0.5,15000.0,0.0022672636266610345
10.0,4.338361447539279,1.2,PS,0.5,15000.0,0.0025293296227981888
10.0,4.573114613875481,1.2,PS,0.5,15000.0,0.0027889116497340663
10.0,4.820570513667911,1.2,PS,0.5,15000.0,0.0030423283817510305
10.0,5.0814165047902815,1.2,PS,0.5,15000.0,0.0032863191316755943
10.0,5.356377138752477,1.2,PS,0.5,15000.0,0.003517978407564271
10.0,5.389452332657201,1.2,PS,0.5,15000.0,0.0035441244488704916
10.0,5.646216173286171,1.2,PS,0.5,15000.0,0.0037348280366628836
10.0,5.9517386938335095,1.2,PS,0.5,15000.0,0.003934838310441991
10.0,6.273793349831704,1.2,PS,0.5,15000.0,0.004116422947028871
10.0,6.613274712005288,1.2,PS,0.5,15000.0,0.004278479332439165
10.0,6.971125757213828,1.2,PS,0.5,15000.0,0.004420224421367783
10.0,7.3483404877573175,1.2,PS,0.5,15000.0,0.004541383284665164
10.0,7.745966692414836,1.2,PS,0.5,15000.0,0.004641848970897743
10.0,8.165108856885828,1.2,PS,0.5,15000.0,0.004721891252385311
10.0,8.606931231718361,1.2,PS,0.5,15000.0,0.004782100080458401
10.0,9.072661066246061,1.2,PS,0.5,15000.0,0.00482315880622502
10.0,9.563592017516726,1.2,PS,0.5,15000.0,0.004845965997476673
10.0,10.081087743681516,1.2,PS,0.5,15000.0,0.004851567066635435
10.0,10.626585691826111,1.2,PS,0.5,15000.0,0.004841073576494802
10.0,11.20160109076529,1.2,PS,0.5,15000.0,0.004815632718215747
10.0,11.807731159891665,1.2,PS,0.5,15000.0,0.004776529422389594
10.0,12.446659545769569,1.2,PS,0.5,15000.0,0.004724956284452021
10.0,13.120160998797505,1.2,PS,0.5,15000.0,0.004662154229817598
10.0,13.830106302929654,1.2,PS,0.5,15000.0,0.004589350595040772
10.0,14.578467472149546,1.2,PS,0.5,15000.0,0.004507701600750955
10.0,15.367323228130308,1.2,PS,0.5,15000.0,0.004418334955621384
10.0,16.198864774296695,1.2,PS,0.5,15000.0,0.004322336653662431
10.0,17.07540188232742,1.2,PS,0.5,15000.0,0.00422074006665915
10.0,17.999369308004486,1.2,PS,0.5,15000.0,0.00411445426021714
10.0,18.973333554230518,1.2,PS,0.5,15000.0,0.004004404393960068
10.0,20.000000000000004,1.2,PS,0.5,15000.0,0.0038914121911218153
10.0,3.0,1.2,PS,1.0,8000.0,0.0015873107001393
10.0,3.1623330622689494,1.2,PS,1.0,8000.0,0.001897828240038836
10.0,3.33345013223977,1.2,PS,1.0,8000.0,0.002228607513291327
10.0,3.5138265215355418,1.2,PS,1.0,8000.0,0.002574554738849087
10.0,3.703963261376446,1.2,PS,1.0,8000.0,0.0029301978233027813
10.0,3.9043884942934204,1.2,PS,1.0,8000.0,0.003289953393552575
10.0,4.1156589411488556,1.2,PS,1.0,8000.0,0.0036483502034315605
10.0,4.338361447539279,1.2,PS,1.0,8000.0,0.004000154071846518
10.0,4.573114613875481,1.2,PS,1.0,8000.0,0.004340617079729906
10.0,4.820570513667911,1.2,PS,1.0,8000.0,0.00466540423885903
10.0,5.0814165047902815,1.2,PS,1.0,8000.0,0.0049709068847339395
10.0,5.356377138752477,1.2,PS,1.0,8000.0,0.005254088090392857
10.0,5.389452332657201,1.2,PS,1.0,8000.0,0.005285604870617063
10.0,5.646216173286171,1.2,PS,1.0,8000.0,0.005512554142148357
10.0,5.9517386938335095,1.2,PS,1.0,8000.0,0.0057445432868736355
10.0,6.273793349831704,1.2,PS,1.0,8000.0,0.005948846799060165
10.0,6.613274712005288,1.2,PS,1.0,8000.0,0.006124880250680272
10.0,6.971125757213828,1.2,PS,1.0,8000.0,0.006272417364921379
10.0,7.3483404877573175,1.2,PS,1.0,8000.0,0.006391833068181665
10.0,7.745966692414836,1.2,PS,1.0,8000.0,0.006483662721843529
10.0,8.165108856885828,1.2,PS,1.0,8000.0,0.006548846278614626
10.0,8.606931231718361,1.2,PS,1.0,8000.0,0.00658864217380631
10.0,9.072661066246061,1.2,PS,1.0,8000.0,0.006604376906399717
10.0,9.563592017516726,1.2,PS,1.0,8000.0,0.006597580643652899
10.0,10.081087743681516,1.2,PS,1.0,8000.0,0.006569891564780012
10.0,10.626585691826111,1.2,PS,1.0,8000.0,0.006522975020211505
10.0,11.20160109076529,1.2,PS,1.0,8000.0,0.006458496083561573
10.0,11.807731159891665,1.2,PS,1.0,8000.0,0.006378223368324465
10.0,12.446659545769569,1.2,PS,1.0,8000.0,0.006283776456143345
10.0,13.120160998797505,1.2,PS,1.0,8000.0,0.006176808444561778
10.0,13.830106302929654,1.2,PS,1.0,8000.0,0.00605889634287617
10.0,14.578467472149546,1.2,PS,1.0,8000.0,0.005931517819730526
10.0,15.367323228130308,1.2,PS,1.0,8000.0,0.005796087077829284
10.0,16.198864774296695,1.2,PS,1.0,8000.0,0.005653944780856389
10.0,17.07540188232742,1.2,PS,1.0,8000.0,0.0055063463751406985
10.0,17.999369308004486,1.2,PS,1.0,8000.0,0.005354386528477441
10.0,18.973333554230518,1.2,PS,1.0,8000.0,0.005199161494939443
10.0,20.000000000000004,1.2,PS,1.0,8000.0,0.005041638930707244
10.0,3.0,1.2,PS,1.0,10000.0,0.0013295980738675555
10.0,3.1623330622689494,1.2,PS,1.0,10000.0,0.0016027687650583405
10.0,3.33345013223977,1.2,PS,1.0,10000.0,0.0018963311220275133
10.0,3.5138265215355418,1.2,PS,1.0,10000.0,0.0022059073204095795
10.0,3.703963261376446,1.2,PS,1.0,10000.0,0.002526671844038208
10.0,3.9043884942934204,1.2,PS,1.0,10000.0,0.0028535936373673917
10.0,4.1156589411488556,1.2,PS,1.0,10000.0,0.0031816524574043038
10.0,4.338361447539279,1.2,PS,1.0,10000.0,0.0035059640394035714
10.0,4.573114613875481,1.2,PS,1.0,10000.0,0.0038220242286226996
10.0,4.820570513667911,1.2,PS,1.0,10000.0,0.0041256555703990255
10.0,5.0814165047902815,1.2,PS,1.0,10000.0,0.004413310706149093
10.0,5.356377138752477,1.2,PS,1.0,10000.0,0.00468194949611711
10.0,5.389452332657201,1.2,PS,1.0,10000.0,0.004711979887686519
10.0,5.646216173286171,1.2,PS,1.0,10000.0,0.0049291082596852635
10.0,5.9517386938335095,1.2,PS,1.0,10000.0,0.005152902856237985
10.0,6.273793349831704,1.2,PS,1.0,10000.0,0.005351972005757219
10.0,6.613274712005288,1.2,PS,1.0,10000.0,0.005525539137520521
10.0,6.971125757213828,1.2,PS,1.0,10000.0,0.005673178018330669
10.0,7.3483404877573175,1.2,PS,1.0,10000.0,0.005795039143007652
10.0,7.745966692414836,1.2,PS,1.0,10000.0,0.005891438723290132
10.0,8.165108856885828,1.2,PS,1.0,10000.0,0.005963092954591532
10.0,8.606931231718361,1.2,PS,1.0,10000.0,0.00601104075487183
10.0,9.072661066246061,1.2,PS,1.0,10000.0,0.006036398780854267
10.0,9.563592017516726,1.2,PS,1.0,10000.0,0.00604049344900157
10.0,10.081087743681516,1.2,PS,1.0,10000.0,0.006024773532527268
10.0,10.626585691826111,1.2,PS,1.0,10000.0,0.005990728759408826
10.0,11.20160109076529,1.2,PS,1.0,10000.0,0.005939860640072063
10.0,11.807731159891665,1.2,PS,1.0,10000.0,0.005873787007665092
10.0,12.446659545769569,1.2,PS,1.0,10000.0,0.005793994281851233
10.0,13.120160998797505,1.2,PS,1.0,10000.0,0.005702007674530079
10.0,13.830106302929654,1.2,PS,1.0,10000.0,0.0055992975237231695
10.0,14.578467472149546,1.2,PS,1.0,10000.0,0.005487242776588097
10.0,15.367323228130308,1.2,PS,1.0,10000.0,0.005367170561432833
10.0,16.198864774296695,1.2,PS,1.0,10000.0,0.005240344687244867
10.0,17.07540188232742,1.2,PS,1.0,10000.0,0.005107954091791426
10.0,17.999369308004486,1.2,PS,1.0,10000.0,0.004971038021242491
10.0,18.973333554230518,1.2,PS,1.0,10000.0,0.0048306424649860995
10.0,20.000000000000004,1.2,PS,1.0,10000.0,0.004687692296873872
10.0,3.0,1.2,PS,1.0,15000.0,0.0008583083007801319
10.0,3.1623330622689494,1.2,PS,1.0,15000.0,0.0010557686366241738
10.0,3.33345013223977,1.2,PS,1.0,15000.0,0.0012725480650733721
10.0,3.5138265215355418,1.2,PS,1.0,15000.0,0.0015057842007568244
10.0,3.703963261376446,1.2,PS,1.0,15000.0,0.001752075205059698
10.0,3.9043884942934204,1.2,PS,1.0,15000.0,0.0020076616769624444
10.0,4.1156589411488556,1.2,PS,1.0,15000.0,0.00226861004538245
10.0,4.338361447539279,1.2,PS,1.0,15000.0,0.0025309310292569226
10.0,4.573114613875481,1.2,PS,1.0,15000.0,0.0027907984950305627
10.0,4.820570513667911,1.2,PS,1.0,15000.0,0.0030445325628243257
10.0,5.0814165047902815,1.2,PS,1.0,15000.0,0.0032888739506623656
10.0,5.356377138752477,1.2,PS,1.0,15000.0,0.0035209183746845937
10.0,5.389452332657201,1.2,PS,1.0,15000.0,0.0035471117117635937
10.0,5.646216173286171,1.2,PS,1.0,15000.0,0.003738188662688828
10.0,5.9517386938335095,1.2,PS,1.0,15000.0,0.003938655802820313
10.0,6.273793349831704,1.2,PS,1.0,15000.0,0.004120733878504036
10.0,6.613274712005288,1.2,PS,1.0,15000.0,0.004283320268102521
10.0,6.971125757213828,1.2,PS,1.0,15000.0,0.004425631394571572
10.0,7.3483404877573175,1.2,PS,1.0,15000.0,0.004547391468893919
10.0,7.745966692414836,1.2,PS,1.0,15000.0,0.004648491924886385
10.0,8.165108856885828,1.2,PS,1.0,15000.0,0.0047292005411074525
10.0,8.606931231718361,1.2,PS,1.0,15000.0,0.004790104941683388
10.0,9.072661066246061,1.2,PS,1.0,15000.0,0.004831885441327369
10.0,9.563592017516726,1.2,PS,1.0,15000.0,0.004855437222328497
10.0,10.081087743681516,1.2,PS,1.0,15000.0,0.004861802140485751
10.0,10.626585691826111,1.2,PS,1.0,15000.0,0.004852087701576799
10.0,11.20160109076529,1.2,PS,1.0,15000.0,0.004827436794935584
10.0,11.807731159891665,1.2,PS,1.0,15000.0,0.004789130144052663
10.0,12.446659545769569,1.2,PS,1.0,15000.0,0.004738355901651315
10.0,13.120160998797505,1.2,PS,1.0,15000.0,0.004676350559382906
10.0,13.830106302929654,1.2,PS,1.0,15000.0,0.004604337304348345
10.0,14.578467472149546,1.2,PS,1.0,15000.0,0.004523468035589412
10.0,15.367323228130308,1.2,PS,1.0,15000.0,0.004434866556053149
10.0,16.198864774296695,1.2,PS,1.0,15000.0,0.004339615212536886
10.0,17.07540188232742,1.2,PS,1.0,15000.0,0.004238744070423593
10.0,17.999369308004486,1.2,PS,1.0,15000.0,0.0041331588382879855
10.0,18.973333554230518,1.2,PS,1.0,15000.0,0.004023782108951798
10.0,20.000000000000004,1.2,PS,1.0,15000.0,0.003911433220934049
10.0,3.0,1.2,PS,2.0,8000.0,0.0015880381551231012
10.0,3.1623330622689494,1.2,PS,2.0,8000.0,0.0018987156690235
10.0,3.33345013223977,1.2,PS,2.0,8000.0,0.00222967339478891
10.0,3.5138265215355418,1.2,PS,2.0,8000.0,0.0025758173237702747
10.0,3.703963261376446,1.2,PS,2.0,8000.0,0.002931675022833073
10.0,3.9043884942934204,1.2,PS,2.0,8000.0,0.003291662745372223
10.0,4.1156589411488556,1.2,PS,2.0,8000.0,0.003650308886021149
10.0,4.338361447539279,1.2,PS,2.0,8000.0,0.004002378936399965
10.0,4.573114613875481,1.2,PS,2.0,8000.0,0.0043431247552826995
10.0,4.820570513667911,1.2,PS,2.0,8000.0,0.0046682111599860064
10.0,5.0814165047902815,1.2,PS,2.0,8000.0,0.0049740294461722125
10.0,5.356377138752477,1.2,PS,2.0,8000.0,0.005257542670779821
10.0,5.389452332657201,1.2,PS,2.0,8000.0,0.00528909931050895
10.0,5.646216173286171,1.2,PS,2.0,8000.0,0.005516357164784411
10.0,5.9517386938335095,1.2,PS,2.0,8000.0,0.005748711226758913
10.0,6.273793349831704,1.2,PS,2.0,8000.0,0.005953396123404136
10.0,6.613274712005288,1.2,PS,2.0,8000.0,0.006129827399926462
10.0,6.971125757213828,1.2,PS,2.0,8000.0,0.006277778550693203
10.0,7.3483404877573175,1.2,PS,2.0,8000.0,0.006397624254343669
10.0,7.745966692414836,1.2,PS,2.0,8000.0,0.006489899263721615
10.0,8.165108856885828,1.2,PS,2.0,8000.0,0.006555542802010339
10.0,8.606931231718361,1.2,PS,2.0,8000.0,0.006595812438619027
10.0,9.072661066246061,1.2,PS,2.0,8000.0,0.006612033439224837
10.0,9.563592017516726,1.2,PS,2.0,8000.0,0.006605734569286898
10.0,10.081087743681516,1.2,PS,2.0,8000.0,0.006578552486622981
10.0,10.626585691826111,1.2,PS,2.0,8000.0,0.006532150713604062
10.0,11.20160109076529,1.2,PS,2.0,8000.0,0.006468192324614108
10.0,11.807731159891665,1.2,PS,2.0,8000.0,0.006388443937176035
10.0,12.446659545769569,1.2,PS,2.0,8000.0,0.006294522923969678
10.0,13.120160998797505,1.2,PS,2.0,8000.0,0.006188080164888921
10.0,13.830106302929654,1.2,PS,2.0,8000.0,0.006070690483383549
10.0,14.578467472149546,1.2,PS,2.0,8000.0,0.005943829227869338
10.0,15.367323228130308,1.2,PS,2.0,8000.0,0.0058089084483974405
10.0,16.198864774296695,1.2,PS,2.0,8000.0,0.00566726674317712
10.0,17.07540188232742,1.2,PS,2.0,8000.0,0.0055201576227670085
10.0,17.999369308004486,1.2,PS,2.0,8000.0,0.00536867372256505
10.0,18.973333554230518,1.2,PS,2.0,8000.0,0.0052139096947576595
10.0,20.000000000000004,1.2,PS,2.0,8000.0,0.005056831665821721
10.0,3.0,1.2,PS,2.0,10000.0,0.0013299638418298673
10.0,3.1623330622689494,1.2,PS,2.0,10000.0,0.0016032256707915983
10.0,3.33345013223977,1.2,PS,2.0,10000.0,0.0018968926635624956
10.0,3.5138265215355418,1.2,PS,2.0,10000.0,0.0022065875203266484
10.0,3.703963261376446,1.2,PS,2.0,10000.0,0.0025274851855242846
10.0,3.9043884942934204,1.2,PS,2.0,10000.0,0.002854555035919433
10.0,4.1156589411488556,1.2,PS,2.0,10000.0,0.0031827772579284624
10.0,4.338361447539279,1.2,PS,2.0,10000.0,0.0035072680150131964
10.0,4.573114613875481,1.2,PS,2.0,10000.0,0.0038235236232660947
10.0,4.820570513667911,1.2,PS,2.0,10000.0,0.004127367077763983
10.0,5.0814165047902815,1.2,PS,2.0,10000.0,0.0044152515315996465
10.0,5.356377138752477,1.2,PS,2.0,10000.0,0.0046841373256999224
10.0,5.389452332657201,1.2,PS,2.0,10000.0,0.0047141977495919595
10.0,5.646216173286171,1.2,PS,2.0,10000.0,0.0049315612379547185
10.0,5.9517386938335095,1.2,PS,2.0,10000.0,0.005155639517438682
10.0,6.273793349831704,1.2,PS,2.0,10000.0,0.00535501116916427
10.0,6.613274712005288,1.2,PS,2.0,10000.0,0.0055288998019023695
10.0,6.971125757213828,1.2,PS,2.0,10000.0,0.005676879135606852
10.0,7.3483404877573175,1.2,PS,2.0,10000.0,0.005799099518012064
10.0,7.745966692414836,1.2,PS,2.0,10000.0,0.0058958766395822305
10.0,8.165108856885828,1.2,PS,2.0,10000.0,0.00596792600511979
10.0,8.606931231718361,1.2,PS,2.0,10000.0,0.006016285674828055
10.0,9.072661066246061,1.2,PS,2.0,10000.0,0.006042071061620959
10.0,9.563592017516726,1.2,PS,2.0,10000.0,0.00604660713563188
10.0,10.081087743681516,1.2,PS,2.0,10000.0,0.00603134109586709
10.0,10.626585691826111,1.2,PS,2.0,10000.0,0.005997760780252717
10.0,11.20160109076529,1.2,PS,2.0,10000.0,0.005947365622938515
10.0,11.807731159891665,1.2,PS,2.0,10000.0,0.005881771373007055
10.0,12.446659545769569,1.2,PS,2.0,10000.0,0.00580246216567414
10.0,13.120160998797505,1.2,PS,2.0,10000.0,0.005710960880538251
10.0,13.830106302929654,1.2,PS,2.0,10000.0,0.005608735592924661
10.0,14.578467472149546,1.2,PS,2.0,10000.0,0.005497162833479131
10.0,15.367323228130308,1.2,PS,2.0,10000.0,0.005377567483732911
10.0,16.198864774296695,1.2,PS,2.0,10000.0,0.005251211192369411
10.0,17.07540188232742,1.2,PS,2.0,10000.0,0.005119280871636196
10.0,17.999369308004486,1.2,PS,2.0,10000.0,0.004982813661802934
10.0,18.973333554230518,1.2,PS,2.0,10000.0,0.004842853861915836
10.0,20.000000000000004,1.2,PS,2.0,10000.0,0.004700324729796811
10.0,3.0,1.2,PS,2.0,15000.0,0.0008584908649580229
10.0,3.1623330622689494,1.2,PS,2.0,15000.0,0.0010560046568049506
10.0,3.33345013223977,1.2,PS,2.0,15000.0,0.0012728477724572509
10.0,3.5138265215355418,1.2,PS,2.0,15000.0,0.0015061587341864422
10.0,3.703963261376446,1.2,PS,2.0,15000.0,0.0017525365921196299
10.0,3.9043884942934204,1.2,PS,2.0,15000.0,0.002008222826838764
10.0,4.1156589411488556,1.2,PS,2.0,15000.0,0.0022692847499989088
10.0,4.338361447539279,1.2,PS,2.0,15000.0,0.0025317339567933785
10.0,4.573114613875481,1.2,PS,2.0,15000.0,0.0027917452059489215
10.0,4.820570513667911,1.2,PS,2.0,15000.0,0.0030456394691799186
10.0,5.0814165047902815,1.2,PS,2.0,15000.0,0.003290158330211521
10.0,5.356377138752477,1.2,PS,2.0,15000.0,0.003522398309439107
10.0,5.389452332657201,1.2,PS,2.0,15000.0,0.003548615707187928
10.0,5.646216173286171,1.2,PS,2.0,15000.0,0.0037398829738861813
10.0,5.9517386938335095,1.2,PS,2.0,15000.0,0.0039405839362966
10.0,6.273793349831704,1.2,PS,2.0,15000.0,0.004122915773764336
10.0,6.613274712005288,1.2,PS,2.0,15000.0,0.00428577620035761
10.0,6.971125757213828,1.2,PS,2.0,15000.0,0.004428381732949224
10.0,7.3483404877573175,1.2,PS,2.0,15000.0,0.004550456524617793
10.0,7.745966692414836,1.2,PS,2.0,15000.0,0.004651891569000555
10.0,8.165108856885828,1.2,PS,2.0,15000.0,0.004732954002511596
10.0,8.606931231718361,1.2,PS,2.0,15000.0,0.004794230617530548
10.0,9.072661066246061,1.2,PS,2.0,15000.0,0.004836400499482589
10.0,9.563592017516726,1.2,PS,2.0,15000.0,0.004860357375539616
10.0,10.081087743681516,1.2,PS,2.0,15000.0,0.004867141510690331
10.0,10.626585691826111,1.2,PS,2.0,15000.0,0.004857858496162861
10.0,11.20160109076529,1.2,PS,2.0,15000.0,0.004833649110882493
10.0,11.807731159891665,1.2,PS,2.0,15000.0,0.004795791948431853
10.0,12.446659545769569,1.2,PS,2.0,15000.0,0.004745472840123024
10.0,13.120160998797505,1.2,PS,2.0,15000.0,0.004683925883341206
10.0,13.830106302929654,1.2,PS,2.0,15000.0,0.004612371957557381
10.0,14.578467472149546,1.2,PS,2.0,15000.0,0.004531960491860552
10.0,15.367323228130308,1.2,PS,2.0,15000.0,0.004443812987617696
10.0,16.198864774296695,1.2,PS,2.0,15000.0,0.00434900957468422
10.0,17.07540188232742,1.2,PS,2.0,15000.0,0.004248578238270428
10.0,17.999369308004486,1.2,PS,2.0,15000.0,0.004143422536769229
10.0,18.973333554230518,1.2,PS,2.0,15000.0,0.004034463316164667
10.0,20.000000000000004,1.2,PS,2.0,15000.0,0.00392251824467945
8.0,3.0,0.8,ST,0.5,8000.0,0.0023491394785588485
8.0,3.1623330622689494,0.8,ST,0.5,8000.0,0.0026788373726395476
8.0,3.33345013223977,0.8,ST,0.5,8000.0,0.0030128354456615786
8.0,3.5138265215355418,0.8,ST,0.5,8000.0,0.0033459996980810766
8.0,3.703963261376446,0.8,ST,0.5,8000.0,0.0036734300573040076
8.0,3.9043884942934204,0.8,ST,0.5,8000.0,0.00399062834021858
8.0,4.1156589411488556,0.8,ST,0.5,8000.0,0.0042935989738944694
8.0,4.338361447539279,0.8,ST,0.5,8000.0,0.004578859996654882
8.0,4.573114613875481,0.8,ST,0.5,8000.0,0.004843578463459784
8.0,4.820570513667911,0.8,ST,0.5,8000.0,0.005085409743085806
8.0,5.0814165047902815,0.8,ST,0.5,8000.0,0.005302703569193909
8.0,5.356377138752477,0.8,ST,0.5,8000.0,0.005494313135000641
8.0,5.389452332657201,0.8,ST,0.5,8000.0,0.005514994878612863
8.0,5.646216173286171,0.8,ST,0.5,8000.0,0.005659594667781493
8.0,5.9517386938335095,0.8,ST,0.5,8000.0,0.005798368001264763
8.0,6.273793349831704,0.8,ST,0.5,8000.0,0.0059108305428551555
8.0,6.613274712005288,0.8,ST,0.5,8000.0,0.00599758525863487
8.0,6.971125757213828,0.8,ST,0.5,8000.0,0.0060594241893155605
8.0,7.3483404877573175,0.8,ST,0.5,8000.0,0.006097509864973885
8.0,7.745966692414836,0.8,ST,0.5,8000.0,0.0061130220090795774
8.0,8.165108856885828,0.8,ST,0.5,8000.0,0.006107378285827761
8.0,8.606931231718361,0.8,ST,0.5,8000.0,0.006082120932218151
8.0,9.072661066246061,0.8,ST,0.5,8000.0,0.0060387746433034906
8.0,9.563592017516726,0.8,ST,0.5,8000.0,0.005978927683603639
8.0,10.081087743681516,0.8,ST,0.5,8000.0,0.0059041921347554914
8.0,10.626585691826111,0.8,ST,0.5,8000.0,0.005816121423757907
8.0,11.20160109076529,0.8,ST,0.5,8000.0,0.005716216436855039
8.0,11.807731159891665,0.8,ST,0.5,8000.0,0.005605994650518958
8.0,12.446659545769569,0.8,ST,0.5,8000.0,0.005486827158238815
8.0,13.120160998797505,0.8,ST,0.5,8000.0,0.005360061971059529
8.0,13.830106302929654,0.8,ST,0.5,8000.0,0.005226960896915399
8.0,14.578467472149546,0.8,ST,0.5,8000.0,0.005088678389007428
8.0,15.367323228130308,0.8,ST,0.5,8000.0,0.0049463014678341665
8.0,16.198864774296695,0.8,ST,0.5,8000.0,0.004800832558724753
8.0,17.07540188232742,0.8,ST,0.5,8000.0,0.004653195545193835
8.0,17.999369308004486,0.8,ST,0.5,8000.0,0.004504194271200989
8.0,18.973333554230518,0.8,ST,0.5,8000.0,0.004354598914419195
8.0,20.000000000000004,0.8,ST,0.5,8000.0,0.004205087685706366
8.0,3.0,0.8,ST,0.5,10000.0,0.0019749390117972426
8.0,3.1623330622689494,0.8,ST,0.5,10000.0,0.0022693710446355883
8.0,3.33345013223977,0.8,ST,0.5,10000.0,0.0025702867183549872
8.0,3.5138265215355418,0.8,ST,0.5,10000.0,0.0028730057389338847
8.0,3.703963261376446,0.8,ST,0.5,10000.0,0.0031729749393896514
8.0,3.9043884942934204,0.8,ST,0.5,10000.0,0.003465931956393305
8.0,4.1156589411488556,0.8,ST,0.5,10000.0,0.0037480187753062763
8.0,4.338361447539279,0.8,ST,0.5,10000.0,0.004015806891197686
8.0,4.573114613875481,0.8,ST,0.5,10000.0,0.004266437236317702
8.0,4.820570513667911,0.8,ST,0.5,10000.0,0.004497483779197134
8.0,5.0814165047902815,0.8,ST,0.5,10000.0,0.004707157262333561
8.0,5.356377138752477,0.8,ST,0.5,10000.0,0.0048941403447978595
8.0,5.389452332657201,0.8,ST,0.5,10000.0,0.00491446739187927
8.0,5.646216173286171,0.8,ST,0.5,10000.0,0.005057588712664996
8.0,5.9517386938335095,0.8,ST,0.5,10000.0,0.005197100001940093
8.0,6.273793349831704,0.8,ST,0.5,10000.0,0.005312648444996947
8.0,6.613274712005288,0.8,ST,0.5,10000.0,0.005404600217190286
8.0,6.971125757213828,0.8,ST,0.5,10000.0,0.005473522175553506
8.0,7.3483404877573175,0.8,ST,0.5,10000.0,0.0055203474592272084
8.0,7.745966692414836,0.8,ST,0.5,10000.0,0.005546043268031653
8.0,8.165108856885828,0.8,ST,0.5,10000.0,0.005551822190074639
8.0,8.606931231718361,0.8,ST,0.5,10000.0,0.005539035349247649
8.0,9.072661066246061,0.8,ST,0.5,10000.0,0.0055090303993662335
8.0,9.563592017516726,0.8,ST,0.5,10000.0,0.005463229956376884
8.0,10.081087743681516,0.8,ST,0.5,10000.0,0.005403096818506101
8.0,10.626585691826111,0.8,ST,0.5,10000.0,0.005330049927106848
8.0,11.20160109076529,0.8,ST,0.5,10000.0,0.005245467803121045
8.0,11.807731159891665,0.8,ST,0.5,10000.0,0.005150758544636959
8.0,12.446659545769569,0.8,ST,0.5,10000.0,0.005047198693594586
8.0,13.120160998797505,0.8,ST,0.5,10000.0,0.004936047052960311
8.0,13.830106302929654,0.8,ST,0.5,10000.0,0.004818493548020995
8.0,14.578467472149546,0.8,ST,0.5,10000.0,0.00469562745286001
8.0,15.367323228130308,0.8,ST,0.5,10000.0,0.004568479647591191
8.0,16.198864774296695,0.8,ST,0.5,10000.0,0.004438004553956445
8.0,17.07540188232742,0.8,ST,0.5,10000.0,0.004305085932206926
8.0,17.999369308004486,0.8,ST,0.5,10000.0,0.004170495274541639
8.0,18.973333554230518,0.8,ST,0.5,10000.0,0.0040349747056496335
8.0,20.000000000000004,0.8,ST,0.5,10000.0,0.003899179341550459
8.0,3.0,0.8,ST,0.5,15000.0,0.0014370688635362316
8.0,3.1623330622689494,0.8,ST,0.5,15000.0,0.0016745325808551015
8.0,3.33345013223977,0.8,ST,0.5,15000.0,0.0019210726833172246
8.0,3.5138265215355418,0.8,ST,0.5,15000.0,0.0021728413756371585
8.0,3.703963261376446,0.8,ST,0.5,15000.0,0.0024259584315204598
8.0,3.9043884942934204,0.8,ST,0.5,15000.0,0.002676665852272779
8.0,4.1156589411488556,0.8,ST,0.5,15000.0,0.002921449109912092
8.0,4.338361447539279,0.8,ST,0.5,15000.0,0.003157084255452114
8.0,4.573114613875481,0.8,ST,0.5,15000.0,0.0033807786980386166
8.0,4.820570513667911,0.8,ST,0.5,15000.0,0.0035900741923575604
8.0,5.0814165047902815,0.8,ST,0.5,15000.0,0.0037830442695799956
8.0,5.356377138752477,0.8,ST,0.5,15000.0,0.003958166851979127
8.0,5.389452332657201,0.8,ST,0.5,15000.0,0.003977411943184901
8.0,5.646216173286171,0.8,ST,0.5,15000.0,0.004114338365941776
8.0,5.9517386938335095,0.8,ST,0.5,15000.0,0.004250846395052567
8.0,6.273793349831704,0.8,ST,0.5,15000.0,0.004367343936917239
8.0,6.613274712005288,0.8,ST,0.5,15000.0,0.004463843720694692
8.0,6.971125757213828,0.8,ST,0.5,15000.0,0.004540570375830157
8.0,7.3483404877573175,0.8,ST,0.5,15000.0,0.004598099246144116
8.0,7.745966692414836,0.8,ST,0.5,15000.0,0.0046370635021109495
8.0,8.165108856885828,0.8,ST,0.5,15000.0,0.004658346295453415
8.0,8.606931231718361,0.8,ST,0.5,15000.0,0.004662987800101769
8.0,9.072661066246061,0.8,ST,0.5,15000.0,0.0046520450449909784
8.0,9.563592017516726,0.8,ST,0.5,15000.0,0.00462666642438939
8.0,10.081087743681516,0.8,ST,0.5,15000.0,0.00458806408039638
8.0,10.626585691826111,0.8,ST,0.5,15000.0,0.004537428904877974
8.0,11.20160109076529,0.8,ST,0.5,15000.0,0.004475931274396135
8.0,11.807731159891665,0.8,ST,0.5,15000.0,0.004404789594886575
8.0,12.446659545769569,0.8,ST,0.5,15000.0,0.004325116356943628
8.0,13.120160998797505,0.8,ST,0.5,15000.0,0.00423801490809414
8.0,13.830106302929654,0.8,ST,0.5,15000.0,0.004144545927720169
8.0,14.578467472149546,0.8,ST,0.5,15000.0,0.004045682680822703
8.0,15.367323228130308,0.8,ST,0.5,15000.0,0.003942354430600841
8.0,16.198864774296695,0.8,ST,0.5,15000.0,0.0038354276692773187
8.0,17.07540188232742,0.8,ST,0.5,15000.0,0.0037257115005062216
8.0,17.999369308004486,0.8,ST,0.5,15000.0,0.0036139160251474553
8.0,18.973333554230518,0.8,ST,0.5,15000.0,0.003500729298046508
8.0,20.000000000000004,0.8,ST,0.5,15000.0,0.0033867612140073447
8.0,3.0,0.8,ST,1.0,8000.0,0.0023519169098911706
8.0,3.1623330622689494,0.8,ST,1.0,8000.0,0.002682096322725689
8.0,3.33345013223977,0.8,ST,1.0,8000.0,0.0030166198266566614
8.0,3.5138265215355418,0.8,ST,1.0,8000.0,0.0033503543434640947
8.0,3.703963261376446,0.8,ST,1.0,8000.0,0.00367840099949137
8.0,3.9043884942934204,0.8,ST,1.0,8000.0,0.003996263142696523
8.0,4.1156589411488556,0.8,ST,1.0,8000.0,0.004299946973738626
8.0,4.338361447539279,0.8,ST,1.0,8000.0,0.004585972373419467
8.0,4.573114613875481,0.8,ST,1.0,8000.0,0.004851508290462334
8.0,4.820570513667911,0.8,ST,1.0,8000.0,0.005094211599113895
8.0,5.0814165047902815,0.8,ST,1.0,8000.0,0.005312433315092975
8.0,5.356377138752477,0.8,ST,1.0,8000.0,0.005505027207542099
8.0,5.389452332657201,0.8,ST,1.0,8000.0,0.005525827628677103
8.0,5.646216173286171,0.8,ST,1.0,8000.0,0.005671349361867244
8.0,5.9517386938335095,0.8,ST,1.0,8000.0,0.005811218543205783
8.0,6.273793349831704,0.8,ST,1.0,8000.0,0.005924830064036486
8.0,6.613274712005288,0.8,ST,1.0,8000.0,0.006012783848166997
8.0,6.971125757213828,0.8,ST,1.0,8000.0,0.0060758676659559635
8.0,7.3483404877573175,0.8,ST,1.0,8000.0,0.006115239114693895
8.0,7.745966692414836,0.8,ST,1.0,8000.0,0.0061320715717023844
8.0,8.165108856885828,0.8,ST,1.0,8000.0,0.0061277758489797175
8.0,8.606931231718361,0.8,ST,1.0,8000.0,0.0061038869183673
8.0,9.072661066246061,0.8,ST,1.0,8000.0,0.006061921354754318
8.0,9.563592017516726,0.8,ST,1.0,8000.0,0.0060034591000183045
8.0,10.081087743681516,0.8,ST,1.0,8000.0,0.0059301041611533835
8.0,10.626585691826111,0.8,ST,1.0,8000.0,0.005843401526267768
8.0,11.20160109076529,0.8,ST,1.0,8000.0,0.005744843845621944
8.0,11.807731159891665,0.8,ST,1.0,8000.0,0.005635941038468086
8.0,12.446659545769569,0.8,ST,1.0,8000.0,0.005518056881595843
8.0,13.120160998797505,0.8,ST,1.0,8000.0,0.005392532648904473
8.0,13.830106302929654,0.8,ST,1.0,8000.0,0.005260624283117122
8.0,14.578467472149546,0.8,ST,1.0,8000.0,0.005123480614075325
8.0,15.367323228130308,0.8,ST,1.0,8000.0,0.0049821841274970665
8.0,16.198864774296695,0.8,ST,1.0,8000.0,0.004837733436793249
8.0,17.07540188232742,0.8,ST,1.0,8000.0,0.004691049407424548
8.0,17.999369308004486,0.8,ST,1.0,8000.0,0.00454293308809152
8.0,18.973333554230518,0.8,ST,1.0,8000.0,0.004394153169830204
8.0,20.000000000000004,0.8,ST,1.0,8000.0,0.00424538684043228
8.0,3.0,0.8,ST,1.0,10000.0,0.0019763590619856363
8.0,3.1623330622689494,0.8,ST,1.0,10000.0,0.0022710861216059643
8.0,3.33345013223977,0.8,ST,1.0,10000.0,0.00257233571097041
8.0,3.5138265215355418,0.8,ST,1.0,10000.0,0.002875430326078451
8.0,3.703963261376446,0.8,ST,1.0,10000.0,0.0031758197643962276
8.0,3.9043884942934204,0.8,ST,1.0,10000.0,0.0034692447883836004
8.0,4.1156589411488556,0.8,ST,1.0,10000.0,0.0037518505790017716
8.0,4.338361447539279,0.8,ST,1.0,10000.0,0.0040202117276138165
8.0,4.573114613875481,0.8,ST,1.0,10000.0,0.004271472109759389
8.0,4.820570513667911,0.8,ST,1.0,10000.0,0.004503208104494152
8.0,5.0814165047902815,0.8,ST,1.0,10000.0,0.0047136324343870425
8.0,5.356377138752477,0.8,ST,1.0,10000.0,0.004901428912059377
8.0,5.389452332657201,0.8,ST,1.0,10000.0,0.004921855085658048
8.0,5.646216173286171,0.8,ST,1.0,10000.0,0.005065753505632881
8.0,5.9517386938335095,0.8,ST,1.0,10000.0,0.005206203062441135
8.0,6.273793349831704,0.8,ST,1.0,10000.0,0.005322749948259379
8.0,6.613274712005288,0.8,ST,1.0,10000.0,0.005415757371797505
8.0,6.971125757213828,0.8,ST,1.0,10000.0,0.005485787983406548
8.0,7.3483404877573175,0.8,ST,1.0,10000.0,0.005533769922392563
8.0,7.745966692414836,0.8,ST,1.0,10000.0,0.005560663978350489
8.0,8.165108856885828,0.8,ST,1.0,10000.0,0.0055676757566143825
8.0,8.606931231718361,0.8,ST,1.0,10000.0,0.005556148963032751
8.0,9.072661066246061,0.8,ST,1.0,10000.0,0.005527422958545722
8.0,9.563592017516726,0.8,ST,1.0,10000.0,0.005482911822472132
8.0,10.081087743681516,0.8,ST,1.0,10000.0,0.005424070071317922
8.0,10.626585691826111,0.8,ST,1.0,10000.0,0.005352308002561133
8.0,11.20160109076529,0.8,ST,1.0,10000.0,0.005268995679754807
8.0,11.807731159891665,0.8,ST,1.0,10000.0,0.005175533423476869
8.0,12.446659545769569,0.8,ST,1.0,10000.0,0.005073190271006019
8.0,13.120160998797505,0.8,ST,1.0,10000.0,0.004963218034161852
8.0,13.830106302929654,0.8,ST,1.0,10000.0,0.004846800605573104
8.0,14.578467472149546,0.8,ST,1.0,10000.0,0.004725021439061449
8.0,15.367323228130308,0.8,ST,1.0,10000.0,0.004598906692504255
8.0,16.198864774296695,0.8,ST,1.0,10000.0,0.004469406796194112
8.0,17.07540188232742,0.8,ST,1.0,10000.0,0.004337402329004539
8.0,17.999369308004486,0.8,ST,1.0,10000.0,0.004203661852865551
8.0,18.973333554230518,0.8,ST,1.0,10000.0,0.004068925855291358
8.0,20.000000000000004,0.8,ST,1.0,10000.0,0.003933848279528461
8.0,3.0,0.8,ST,1.0,15000.0,0.001437959580875635
8.0,3.1623330622689494,0.8,ST,1.0,15000.0,0.0016756391269176728
8.0,3.33345013223977,0.8,ST,1.0,15000.0,0.0019224308678139066
8.0,3.5138265215355418,0.8,ST,1.0,15000.0,0.002174490608961902
8.0,3.703963261376446,0.8,ST,1.0,15000.0,0.002427941874433864
8.0,3.9043884942934204,0.8,ST,1.0,15000.0,0.002679030524689498
8.0,4.1156589411488556,0.8,ST,1.0,15000.0,0.002924245895744705
8.0,4.338361447539279,0.8,ST,1.0,15000.0,0.0031603677410667135
8.0,4.573114613875481,0.8,ST,1.0,15000.0,0.0033846069339697935
8.0,4.820570513667911,0.8,ST,1.0,15000.0,0.003594508101650847
8.0,5.0814165047902815,0.8,ST,1.0,15000.0,0.0037881471269914225
8.0,5.356377138752477,0.8,ST,1.0,15000.0,0.003964003397066753
8.0,5.389452332657201,0.8,ST,1.0,15000.0,0.003983338457316027
8.0,5.646216173286171,0.8,ST,1.0,15000.0,0.0041209738699555425
8.0,5.9517386938335095,0.8,ST,1.0,15000.0,0.0042583455167753605
8.0,6.273793349831704,0.8,ST,1.0,15000.0,0.0043757696191026344
8.0,6.613274712005288,0.8,ST,1.0,15000.0,0.004473256016664788
8.0,6.971125757213828,0.8,ST,1.0,15000.0,0.004551025200564101
8.0,7.3483404877573175,0.8,ST,1.0,15000.0,0.004609647517527168
8.0,7.745966692414836,0.8,ST,1.0,15000.0,0.004649749731934969
8.0,8.165108856885828,0.8,ST,1.0,15000.0,0.004672207978235317
8.0,8.606931231718361,0.8,ST,1.0,15000.0,0.004678054963346018
8.0,9.072661066246061,0.8,ST,1.0,15000.0,0.004668339363217852
8.0,9.563592017516726,0.8,ST,1.0,15000.0,0.004644200954490483
8.0,10.081087743681516,0.8,ST,1.0,15000.0,0.004606843513896783
8.0,10.626585691826111,0.8,ST,1.0,15000.0,0.004557449203558631
8.0,11.20160109076529,0.8,ST,1.0,15000.0,0.004497179849821829
8.0,11.807731159891665,0.8,ST,1.0,15000.0,0.004427245980721182
8.0,12.446659545769569,0.8,ST,1.0,15000.0,0.004348752499229279
8.0,13.120160998797505,0.8,ST,1.0,15000.0,0.00426279564765363
8.0,13.830106302929654,0.8,ST,1.0,15000.0,0.0041704299885239994
8.0,14.578467472149546,0.8,ST,1.0,15000.0,0.004072622874733017
8.0,15.367323228130308,0.8,ST,1.0,15000.0,0.003970298755894883
8.0,16.198864774296695,0.8,ST,1.0,15000.0,0.003864320043824968
8.0,17.07540188232742,0.8,ST,1.0,15000.0,0.003755492577858699
8.0,17.999369308004486,0.8,ST,1.0,15000.0,0.003644523457852229
8.0,18.973333554230518,0.8,ST,1.0,15000.0,0.0035320990218487003
8.0,20.000000000000004,0.8,ST,1.0,15000.0,0.003418827912901437
8.0,3.0,0.8,ST,2.0,8000.0,0.0023533113471469716
8.0,3.1623330622689494,0.8,ST,2.0,8000.0,0.002683732961435287
8.0,3.33345013223977,0.8,ST,2.0,8000.0,0.0030185210422670823
8.0,3.5138265215355418,0.8,ST,2.0,8000.0,0.003352543144903035
8.0,3.703963261376446,0.8,ST,2.0,8000.0,0.0036809012351110538
8.0,3.9043884942934204,0.8,ST,2.0,8000.0,0.0039990997480944725
8.0,4.1156589411488556,0.8,ST,2.0,8000.0,0.004303146187291631
8.0,4.338361447539279,0.8,ST,2.0,8000.0,0.004589561873645253
8.0,4.573114613875481,0.8,ST,2.0,8000.0,0.004855517328898686
8.0,4.820570513667911,0.8,ST,2.0,8000.0,0.005098670908262743
8.0,5.0814165047902815,0.8,ST,2.0,8000.0,0.005317375089834022
8.0,5.356377138752477,0.8,ST,2.0,8000.0,0.005510484823889711
8.0,5.389452332657201,0.8,ST,2.0,8000.0,0.00553134772928798
8.0,5.646216173286171,0.8,ST,2.0,8000.0,0.005677357066349336
8.0,5.9517386938335095,0.8,ST,2.0,8000.0,0.005817811000576341
8.0,6.273793349831704,0.8,ST,2.0,8000.0,0.0059320418229005314
8.0,6.613274712005288,0.8,ST,2.0,8000.0,0.006020648804956848
8.0,6.971125757213828,0.8,ST,2.0,8000.0,0.006084418349037878
8.0,7.3483404877573175,0.8,ST,2.0,8000.0,0.00612450622840825
8.0,7.745966692414836,0.8,ST,2.0,8000.0,0.0061420831078589375
8.0,8.165108856885828,0.8,ST,2.0,8000.0,0.006138556653946959
8.0,8.606931231718361,0.8,ST,2.0,8000.0,0.006115458298169107
8.0,9.072661066246061,0.8,ST,2.0,8000.0,0.006074300422705737
8.0,9.563592017516726,0.8,ST,2.0,8000.0,0.006016658459764331
8.0,10.081087743681516,0.8,ST,2.0,8000.0,0.005944131865350051
8.0,10.626585691826111,0.8,ST,2.0,8000.0,0.005858260682267473
8.0,11.20160109076529,0.8,ST,2.0,8000.0,0.005760532547274712
8.0,11.807731159891665,0.8,ST,2.0,8000.0,0.005652452587847349
8.0,12.446659545769569,0.8,ST,2.0,8000.0,0.005535379796803265
8.0,13.120160998797505,0.8,ST,2.0,8000.0,0.005410650851983137
8.0,13.830106302929654,0.8,ST,2.0,8000.0,0.005279517513966438
8.0,14.578467472149546,0.8,ST,2.0,8000.0,0.0051431244831613866
8.0,15.367323228130308,0.8,ST,2.0,8000.0,0.005002550698197982
8.0,16.198864774296695,0.8,ST,2.0,8000.0,0.0048587916104079
8.0,17.07540188232742,0.8,ST,2.0,8000.0,0.004712765367248734
8.0,17.999369308004486,0.8,ST,2.0,8000.0,0.004565270435650704
8.0,18.973333554230518,0.8,ST,2.0,8000.0,0.004417073714736828
8.0,20.000000000000004,0.8,ST,2.0,8000.0,0.004268850906075714
8.0,3.0,0.8,ST,2.0,10000.0,0.001977070444727306
8.0,3.1623330622689494,0.8,ST,2.0,10000.0,0.0022719456634183086
8.0,3.33345013223977,0.8,ST,2.0,10000.0,0.0025733631985423162
8.0,3.5138265215355418,0.8,ST,2.0,10000.0,0.002876647113947576
8.0,3.703963261376446,0.8,ST,2.0,10000.0,0.0031772489294846023
8.0,3.9043884942934204,0.8,ST,2.0,10000.0,0.003470911292368511
8.0,4.1156589411488556,0.8,ST,2.0,10000.0,0.003753781397410908
8.0,4.338361447539279,0.8,ST,2.0,10000.0,0.004022435902982161
8.0,4.573114613875481,0.8,ST,2.0,10000.0,0.004274020782054181
8.0,4.820570513667911,0.8,ST,2.0,10000.0,0.004506114346695525
8.0,5.0814165047902815,0.8,ST,2.0,10000.0,0.0047169311299005996
8.0,5.356377138752477,0.8,ST,2.0,10000.0,0.004905156413108205
8.0,5.389452332657201,0.8,ST,2.0,10000.0,0.004925635106748059
8.0,5.646216173286171,0.8,ST,2.0,10000.0,0.005069947245367756
8.0,5.9517386938335095,0.8,ST,2.0,10000.0,0.005210901030192659
8.0,6.273793349831704,0.8,ST,2.0,10000.0,0.005327990129311657
8.0,6.613274712005288,0.8,ST,2.0,10000.0,0.005421577134332603
8.0,6.971125757213828,0.8,ST,2.0,10000.0,0.0054922233566684275
8.0,7.3483404877573175,0.8,ST,2.0,10000.0,0.0055408550746344236
8.0,7.745966692414836,0.8,ST,2.0,10000.0,0.0055684303298286116
8.0,8.165108856885828,0.8,ST,2.0,10000.0,0.005576151512962652
8.0,8.606931231718361,0.8,ST,2.0,10000.0,0.005565358708972037
8.0,9.072661066246061,0.8,ST,2.0,10000.0,0.005537386995353522
8.0,9.563592017516726,0.8,ST,2.0,10000.0,0.00549364582991667
8.0,10.081087743681516,0.8,ST,2.0,10000.0,0.005435585069661757
8.0,10.626585691826111,0.8,ST,2.0,10000.0,0.005364609959117173
8.0,11.20160109076529,0.8,ST,2.0,10000.0,0.005282085432111846
8.0,11.807731159891665,0.8,ST,2.0,10000.0,0.005189406901551349
8.0,12.446659545769569,0.8,ST,2.0,10000.0,0.005087838521080686
8.0,13.120160998797505,0.8,ST,2.0,10000.0,0.004978627372823561
8.0,13.830106302929654,0.8,ST,2.0,10000.0,0.004862953077548729
8.0,14.578467472149546,0.8,ST,2.0,10000.0,0.0047418948546113
8.0,15.367323228130308,0.8,ST,2.0,10000.0,0.004616475214319339
8.0,16.198864774296695,0.8,ST,2.0,10000.0,0.00448764132817695
8.0,17.07540188232742,0.8,ST,2.0,10000.0,0.004356270968381423
8.0,17.999369308004486,0.8,ST,2.0,10000.0,0.004223130040723216
8.0,18.973333554230518,0.8,ST,2.0,10000.0,0.004088957158224713
8.0,20.000000000000004,0.8,ST,2.0,10000.0,0.0039544046954932245
8.0,3.0,0.8,ST,2.0,15000.0,0.001438405879455384
8.0,3.1623330622689494,0.8,ST,2.0,15000.0,0.0016761939040487975
8.0,3.33345013223977,0.8,ST,2.0,15000.0,0.0019231123618481804
8.0,3.5138265215355418,0.8,ST,2.0,15000.0,0.0021753190313491834
8.0,3.703963261376446,0.8,ST,2.0,15000.0,0.002428939551913644
8.0,3.9043884942934204,0.8,ST,2.0,15000.0,0.002680222035392334
8.0,4.1156589411488556,0.8,ST,2.0,15000.0,0.002925658165799876
8.0,4.338361447539279,0.8,ST,2.0,15000.0,0.0031620300666363467
8.0,4.573114613875481,0.8,ST,2.0,15000.0,0.0033865509690030513
8.0,4.820570513667911,0.8,ST,2.0,15000.0,0.003596767664008675
8.0,5.0814165047902815,0.8,ST,2.0,15000.0,0.003790758030635126
8.0,5.356377138752477,0.8,ST,2.0,15000.0,0.003967003080230319
8.0,5.389452332657201,0.8,ST,2.0,15000.0,0.003986386061029093
8.0,5.646216173286171,0.8,ST,2.0,15000.0,0.004124400976415653
8.0,5.9517386938335095,0.8,ST,2.0,15000.0,0.004262239334322359
8.0,6.273793349831704,0.8,ST,2.0,15000.0,0.004380169506487437
8.0,6.613274712005288,0.8,ST,2.0,15000.0,0.00447820075378328
8.0,6.971125757213828,0.8,ST,2.0,15000.0,0.004556552262182344
8.0,7.3483404877573175,0.8,ST,2.0,15000.0,0.004615792518336427
8.0,7.745966692414836,0.8,ST,2.0,15000.0,0.0046565455402399125
8.0,8.165108856885828,0.8,ST,2.0,15000.0,0.004679684229942932
8.0,8.606931231718361,0.8,ST,2.0,15000.0,0.004686237648401888
8.0,9.072661066246061,0.8,ST,2.0,15000.0,0.004677250157467239
8.0,9.563592017516726,0.8,ST,2.0,15000.0,0.004653856871101577
8.0,10.081087743681516,0.8,ST,2.0,15000.0,0.004617256864006327
8.0,10.626585691826111,0.8,ST,2.0,15000.0,0.004568627201677957
8.0,11.20160109076529,0.8,ST,2.0,15000.0,0.00450912453352924
8.0,11.807731159891665,0.8,ST,2.0,15000.0,0.004439954428872113
8.0,12.446659545769569,0.8,ST,2.0,15000.0,0.004362216864704943
8.0,13.120160998797505,0.8,ST,2.0,15000.0,0.0042770032956123555
8.0,13.830106302929654,0.8,ST,2.0,15000.0,0.004185363969199562
8.0,14.578467472149546,0.8,ST,2.0,15000.0,0.004088261956923722
8.0,15.367323228130308,0.8,ST,2.0,15000.0,0.003986618014049764
8.0,16.198864774296695,0.8,ST,2.0,15000.0,0.003881291247960936
8.0,17.07540188232742,0.8,ST,2.0,15000.0,0.003773084648631831
8.0,17.999369308004486,0.8,ST,2.0,15000.0,0.0036627026231704917
8.0,18.973333554230518,0.8,ST,2.0,15000.0,0.003550829593970131
8.0,20.000000000000004,0.8,ST,2.0,15000.0,0.003438072594533176
8.0,3.0,0.8,PS,0.5,8000.0,0.0012961286769748752
8.0,3.1623330622689494,0.8,PS,0.5,8000.0,0.0015641523505609994
8.0,3.33345013223977,0.8,PS,0.5,8000.0,0.0018525068892839183
8.0,3.5138265215355418,0.8,PS,0.5,8000.0,0.002156906219602788
8.0,3.703963261376446,0.8,PS,0.5,8000.0,0.0024726066136228787
8.0,3.9043884942934204,0.8,PS,0.5,8000.0,0.0027946524030016233
8.0,4.1156589411488556,0.8,PS,0.5,8000.0,0.0031180838056379203
8.0,4.338361447539279,0.8,PS,0.5,8000.0,0.003438064998807862
8.0,4.573114613875481,0.8,PS,0.5,8000.0,0.0037501283287674735
8.0,4.820570513667911,0.8,PS,0.5,8000.0,0.0040501216132814225
8.0,5.0814165047902815,0.8,PS,0.5,8000.0,0.004334507797746012
8.0,5.356377138752477,0.8,PS,0.5,8000.0,0.004600253213554434
8.0,5.389452332657201,0.8,PS,0.5,8000.0,0.0046299704444920965
8.0,5.646216173286171,0.8,PS,0.5,8000.0,0.004844889092807616
8.0,5.9517386938335095,0.8,PS,0.5,8000.0,0.005066520776137531
8.0,6.273793349831704,0.8,PS,0.5,8000.0,0.005263771794910508
8.0,6.613274712005288,0.8,PS,0.5,8000.0,0.005435844970695897
8.0,6.971125757213828,0.8,PS,0.5,8000.0,0.005582293244066571
8.0,7.3483404877573175,0.8,PS,0.5,8000.0,0.005703242265928177
8.0,7.745966692414836,0.8,PS,0.5,8000.0,0.005798979000803121
8.0,8.165108856885828,0.8,PS,0.5,8000.0,0.005870212673460647
8.0,8.606931231718361,0.8,PS,0.5,8000.0,0.005917939687204406
8.0,9.072661066246061,0.8,PS,0.5,8000.0,0.005943261823031435
8.0,9.563592017516726,0.8,PS,0.5,8000.0,0.00594747755209274
8.0,10.081087743681516,0.8,PS,0.5,8000.0,0.005932026213419623
8.0,10.626585691826111,0.8,PS,0.5,8000.0,0.0058983732346354015
8.0,11.20160109076529,0.8,PS,0.5,8000.0,0.0058480076542379794
8.0,11.807731159891665,0.8,PS,0.5,8000.0,0.0057825227070105985
8.0,12.446659545769569,0.8,PS,0.5,8000.0,0.005703396467205416
8.0,13.120160998797505,0.8,PS,0.5,8000.0,0.005612141797672521
8.0,13.830106302929654,0.8,PS,0.5,8000.0,0.005510217850669751
8.0,14.578467472149546,0.8,PS,0.5,8000.0,0.005398992797256723
8.0,15.367323228130308,0.8,PS,0.5,8000.0,0.0052797908809143505
8.0,16.198864774296695,0.8,PS,0.5,8000.0,0.005153863015875108
8.0,17.07540188232742,0.8,PS,0.5,8000.0,0.005022389341049104
8.0,17.999369308004486,0.8,PS,0.5,8000.0,0.004886417478599146
8.0,18.973333554230518,0.8,PS,0.5,8000.0,0.004746975553855991
8.0,20.000000000000004,0.8,PS,0.5,8000.0,0.004604988783628522
8.0,3.0,0.8,PS,0.5,10000.0,0.0010282925582753989
8.0,3.1623330622689494,0.8,PS,0.5,10000.0,0.001254327882178077
8.0,3.33345013223977,0.8,PS,0.5,10000.0,0.0015002963996776392
8.0,3.5138265215355418,0.8,PS,0.5,10000.0,0.001762749553986381
8.0,3.703963261376446,0.8,PS,0.5,10000.0,0.002037723382015919
8.0,3.9043884942934204,0.8,PS,0.5,10000.0,0.002320949753448427
8.0,4.1156589411488556,0.8,PS,0.5,10000.0,0.002608050507170384
8.0,4.338361447539279,0.8,PS,0.5,10000.0,0.002894662093651404
8.0,4.573114613875481,0.8,PS,0.5,10000.0,0.003176667512364978
8.0,4.820570513667911,0.8,PS,0.5,10000.0,0.0034501649340129385
8.0,5.0814165047902815,0.8,PS,0.5,10000.0,0.0037117535008770767
8.0,5.356377138752477,0.8,PS,0.5,10000.0,0.003958452601598186
8.0,5.389452332657201,0.8,PS,0.5,10000.0,0.003986188204931887
8.0,5.646216173286171,0.8,PS,0.5,10000.0,0.0041877654902953716
8.0,5.9517386938335095,0.8,PS,0.5,10000.0,0.004397699909337985
8.0,6.273793349831704,0.8,PS,0.5,10000.0,0.004586739934481173
8.0,6.613274712005288,0.8,PS,0.5,10000.0,0.004753895609621952
8.0,6.971125757213828,0.8,PS,0.5,10000.0,0.004898511789880435
8.0,7.3483404877573175,0.8,PS,0.5,10000.0,0.0050204707069372604
8.0,7.745966692414836,0.8,PS,0.5,10000.0,0.005119818417648052
8.0,8.165108856885828,0.8,PS,0.5,10000.0,0.005197011269662426
8.0,8.606931231718361,0.8,PS,0.5,10000.0,0.005252794515580783
8.0,9.072661066246061,0.8,PS,0.5,10000.0,0.005288026986783587
8.0,9.563592017516726,0.8,PS,0.5,10000.0,0.005303768806253539
8.0,10.081087743681516,0.8,PS,0.5,10000.0,0.005301234473223963
8.0,10.626585691826111,0.8,PS,0.5,10000.0,0.005281679889877749
8.0,11.20160109076529,0.8,PS,0.5,10000.0,0.005246397503263002
8.0,11.807731159891665,0.8,PS,0.5,10000.0,0.005196797260961286
8.0,12.446659545769569,0.8,PS,0.5,10000.0,0.005134194462765338
8.0,13.120160998797505,0.8,PS,0.5,10000.0,0.00505994522774055
8.0,13.830106302929654,0.8,PS,0.5,10000.0,0.004975375367731223
8.0,14.578467472149546,0.8,PS,0.5,10000.0,0.004881730416477288
8.0,15.367323228130308,0.8,PS,0.5,10000.0,0.004780225005959878
8.0,16.198864774296695,0.8,PS,0.5,10000.0,0.004672012952106485
8.0,17.07540188232742,0.8,PS,0.5,10000.0,0.004558189528510808
8.0,17.999369308004486,0.8,PS,0.5,10000.0,0.004439730614131557
8.0,18.973333554230518,0.8,PS,0.5,10000.0,0.00431759935357274
8.0,20.000000000000004,0.8,PS,0.5,10000.0,0.004192664919824473
8.0,3.0,0.8,PS,0.5,15000.0,0.0006719725500937837
8.0,3.1623330622689494,0.8,PS,0.5,15000.0,0.0008359616966725836
8.0,3.33345013223977,0.8,PS,0.5,15000.0,0.0010181211732762576
8.0,3.5138265215355418,0.8,PS,0.5,15000.0,0.0012162730121287363
8.0,3.703963261376446,0.8,PS,0.5,15000.0,0.001427685528320282
8.0,3.9043884942934204,0.8,PS,0.5,15000.0,0.0016492271002855967
8.0,4.1156589411488556,0.8,PS,0.5,15000.0,0.0018775231614371708
8.0,4.338361447539279,0.8,PS,0.5,15000.0,0.0021090683151949573
8.0,4.573114613875481,0.8,PS,0.5,15000.0,0.0023404272682068204
8.0,4.820570513667911,0.8,PS,0.5,15000.0,0.0025682304327830758
8.0,5.0814165047902815,0.8,PS,0.5,15000.0,0.0027894300868238553
8.0,5.356377138752477,0.8,PS,0.5,15000.0,0.0030012582784486445
8.0,5.389452332657201,0.8,PS,0.5,15000.0,0.0030252839873472596
8.0,5.646216173286171,0.8,PS,0.5,15000.0,0.0032013005966009768
8.0,5.9517386938335095,0.8,PS,0.5,15000.0,0.0033875220401009738
8.0,6.273793349831704,0.8,PS,0.5,15000.0,0.003558285002021315
8.0,6.613274712005288,0.8,PS,0.5,15000.0,0.0037123799816127807
8.0,6.971125757213828,0.8,PS,0.5,15000.0,0.0038488951115334407
8.0,7.3483404877573175,0.8,PS,0.5,15000.0,0.003967385410787295
8.0,7.745966692414836,0.8,PS,0.5,15000.0,0.004067564917734375
8.0,8.165108856885828,0.8,PS,0.5,15000.0,0.004149525069106923
8.0,8.606931231718361,0.8,PS,0.5,15000.0,0.004213638851164342
8.0,9.072661066246061,0.8,PS,0.5,15000.0,0.004260398830742642
8.0,9.563592017516726,0.8,PS,0.5,15000.0,0.004290499502701005
8.0,10.081087743681516,0.8,PS,0.5,15000.0,0.0043048035051347355
8.0,10.626585691826111,0.8,PS,0.5,15000.0,0.004304234364053381
8.0,11.20160109076529,0.8,PS,0.5,15000.0,0.00428977027369301
8.0,11.807731159891665,0.8,PS,0.5,15000.0,0.0042625218607243755
8.0,12.446659545769569,0.8,PS,0.5,15000.0,0.004223537857805233
8.0,13.120160998797505,0.8,PS,0.5,15000.0,0.004173915642014868
8.0,13.830106302929654,0.8,PS,0.5,15000.0,0.004114755164198991
8.0,14.578467472149546,0.8,PS,0.5,15000.0,0.004047095229565942
8.0,15.367323228130308,0.8,PS,0.5,15000.0,0.0039719629967788946
8.0,16.198864774296695,0.8,PS,0.5,15000.0,0.0038903445272050687
8.0,17.07540188232742,0.8,PS,0.5,15000.0,0.003803186723312505
8.0,17.999369308004486,0.8,PS,0.5,15000.0,0.003711338523195127
8.0,18.973333554230518,0.8,PS,0.5,15000.0,0.003615646769026366
8.0,20.000000000000004,0.8,PS,0.5,15000.0,0.003516879459667337
8.0,3.0,0.8,PS,1.0,8000.0,0.0012978416470123464
8.0,3.1623330622689494,0.8,PS,1.0,8000.0,0.001566256263097387
8.0,3.33345013223977,0.8,PS,1.0,8000.0,0.0018550485288202079
8.0,3.5138265215355418,0.8,PS,1.0,8000.0,0.002159931430714412
8.0,3.703963261376446,0.8,PS,1.0,8000.0,0.0024761598012578907
8.0,3.9043884942934204,0.8,PS,1.0,8000.0,0.0027987762315113663
8.0,4.1156589411488556,0.8,PS,1.0,8000.0,0.0031228190233318497
8.0,4.338361447539279,0.8,PS,1.0,8000.0,0.003443450316569157
8.0,4.573114613875481,0.8,PS,1.0,8000.0,0.003756200512488726
8.0,4.820570513667911,0.8,PS,1.0,8000.0,0.004056915406739498
8.0,5.0814165047902815,0.8,PS,1.0,8000.0,0.004342056183375587
8.0,5.356377138752477,0.8,PS,1.0,8000.0,0.004608587424269378
8.0,5.389452332657201,0.8,PS,1.0,8000.0,0.004638398425472391
8.0,5.646216173286171,0.8,PS,1.0,8000.0,0.004854038708117951
8.0,5.9517386938335095,0.8,PS,1.0,8000.0,0.005076513779089659
8.0,6.273793349831704,0.8,PS,1.0,8000.0,0.005274634481719668
8.0,6.613274712005288,0.8,PS,1.0,8000.0,0.005447602029356324
8.0,6.971125757213828,0.8,PS,1.0,8000.0,0.005594967416446881
8.0,7.3483404877573175,0.8,PS,1.0,8000.0,0.00571685450068109
8.0,7.745966692414836,0.8,PS,1.0,8000.0,0.005813547831115627
8.0,8.165108856885828,0.8,PS,1.0,8000.0,0.005885754217590596
8.0,8.606931231718361,0.8,PS,1.0,8000.0,0.005934467526983766
8.0,9.072661066246061,0.8,PS,1.0,8000.0,0.005960786501393774
8.0,9.563592017516726,0.8,PS,1.0,8000.0,0.005966006452335363
8.0,10.081087743681516,0.8,PS,1.0,8000.0,0.005951563534788662
8.0,10.626585691826111,0.8,PS,1.0,8000.0,0.005918919585877969
8.0,11.20160109076529,0.8,PS,1.0,8000.0,0.005869559926100342
8.0,11.807731159891665,0.8,PS,1.0,8000.0,0.005805074270365361
8.0,12.446659545769569,0.8,PS,1.0,8000.0,0.005726936889767569
8.0,13.120160998797505,0.8,PS,1.0,8000.0,0.005636657038091455
8.0,13.830106302929654,0.8,PS,1.0,8000.0,0.005535690400416506
8.0,14.578467472149546,0.8,PS,1.0,8000.0,0.005425401557272811
8.0,15.367323228130308,0.8,PS,1.0,8000.0,0.005307111558591496
8.0,16.198864774296695,0.8,PS,1.0,8000.0,0.005182068338113834
8.0,17.07540188232742,0.8,PS,1.0,8000.0,0.005051449348225865
8.0,17.999369308004486,0.8,PS,1.0,8000.0,0.004916299406254603
8.0,18.973333554230518,0.8,PS,1.0,8000.0,0.004777644586326314
8.0,20.000000000000004,0.8,PS,1.0,8000.0,0.004636408219279898
8.0,3.0,0.8,PS,1.0,10000.0,0.0010290276143987685
8.0,3.1623330622689494,0.8,PS,1.0,10000.0,0.0012552564020554297
8.0,3.33345013223977,0.8,PS,1.0,10000.0,0.0015014488407104614
8.0,3.5138265215355418,0.8,PS,1.0,10000.0,0.0017641575257736112
8.0,3.703963261376446,0.8,PS,1.0,10000.0,0.0020394193638392337
8.0,3.9043884942934204,0.8,PS,1.0,10000.0,0.0023229668752507327
8.0,4.1156589411488556,0.8,PS,1.0,10000.0,0.002610422379643812
8.0,4.338361447539279,0.8,PS,1.0,10000.0,0.002897422640580086
8.0,4.573114613875481,0.8,PS,1.0,10000.0,0.0031798509089572837
8.0,4.820570513667911,0.8,PS,1.0,10000.0,0.0034538054144475287
8.0,5.0814165047902815,0.8,PS,1.0,10000.0,0.00371588536590774
8.0,5.356377138752477,0.8,PS,1.0,10000.0,0.003963110062432448
8.0,5.389452332657201,0.8,PS,1.0,10000.0,0.003990909294633468
8.0,5.646216173286171,0.8,PS,1.0,10000.0,0.0041929825356945985
8.0,5.9517386938335095,0.8,PS,1.0,10000.0,0.004403510125599432
8.0,6.273793349831704,0.8,PS,1.0,10000.0,0.004593176276844156
8.0,6.613274712005288,0.8,PS,1.0,10000.0,0.004760990211174734
8.0,6.971125757213828,0.8,PS,1.0,10000.0,0.004906295542983477
8.0,7.3483404877573175,0.8,PS,1.0,10000.0,0.005028973154743841
8.0,7.745966692414836,0.8,PS,1.0,10000.0,0.0051290670915228025
8.0,8.165108856885828,0.8,PS,1.0,10000.0,0.005207031518580411
8.0,8.606931231718361,0.8,PS,1.0,10000.0,0.005263609285183925
8.0,9.072661066246061,0.8,PS,1.0,10000.0,0.0052996562515167855
8.0,9.563592017516726,0.8,PS,1.0,10000.0,0.005316229337634302
8.0,10.081087743681516,0.8,PS,1.0,10000.0,0.0053145397713716975
8.0,10.626585691826111,0.8,PS,1.0,10000.0,0.005295839748555739
8.0,11.20160109076529,0.8,PS,1.0,10000.0,0.005261417830610503
8.0,11.807731159891665,0.8,PS,1.0,10000.0,0.005212680230423897
8.0,12.446659545769569,0.8,PS,1.0,10000.0,0.0051509382666776165
8.0,13.120160998797505,0.8,PS,1.0,10000.0,0.005077544151610076
8.0,13.830106302929654,0.8,PS,1.0,10000.0,0.004993820026526745
8.0,14.578467472149546,0.8,PS,1.0,10000.0,0.004901007585597307
8.0,15.367323228130308,0.8,PS,1.0,10000.0,0.004800318012775146
8.0,16.198864774296695,0.8,PS,1.0,10000.0,0.0046929018887759775
8.0,17.07540188232742,0.8,PS,1.0,10000.0,0.0045798515569294845
8.0,17.999369308004486,0.8,PS,1.0,10000.0,0.004462139891387191
8.0,18.973333554230518,0.8,PS,1.0,10000.0,0.004340727744685556
8.0,20.000000000000004,0.8,PS,1.0,10000.0,0.004216482164914516
8.0,3.0,0.8,PS,1.0,15000.0,0.000672354364199749
8.0,3.1623330622689494,0.8,PS,1.0,15000.0,0.0008364592508026829
8.0,3.33345013223977,0.8,PS,1.0,15000.0,0.001018757182409275
8.0,3.5138265215355418,0.8,PS,1.0,15000.0,0.001217072065543391
8.0,3.703963261376446,0.8,PS,1.0,15000.0,0.0014286739378465611
8.0,3.9043884942934204,0.8,PS,1.0,15000.0,0.0016504327606549599
8.0,4.1156589411488556,0.8,PS,1.0,15000.0,0.0018789754188622825
8.0,4.338361447539279,0.8,PS,1.0,15000.0,0.0021107978160301395
8.0,4.573114613875481,0.8,PS,1.0,15000.0,0.00234246585998939
8.0,4.820570513667911,0.8,PS,1.0,15000.0,0.0025706109482072762
8.0,5.0814165047902815,0.8,PS,1.0,15000.0,0.002792186262502675
8.0,5.356377138752477,0.8,PS,1.0,15000.0,0.0030044245342847856
8.0,5.389452332657201,0.8,PS,1.0,15000.0,0.0030285004222190895
8.0,5.646216173286171,0.8,PS,1.0,15000.0,0.003204911823284027
8.0,5.9517386938335095,0.8,PS,1.0,15000.0,0.003391613317409515
8.0,6.273793349831704,0.8,PS,1.0,15000.0,0.0035628913133011033
8.0,6.613274712005288,0.8,PS,1.0,15000.0,0.0037175359060599754
8.0,6.971125757213828,0.8,PS,1.0,15000.0,0.0038546343694343776
8.0,7.3483404877573175,0.8,PS,1.0,15000.0,0.0039737406352047516
8.0,7.745966692414836,0.8,PS,1.0,15000.0,0.004074566975849696
8.0,8.165108856885828,0.8,PS,1.0,15000.0,0.004157202806173416
8.0,8.606931231718361,0.8,PS,1.0,15000.0,0.0042220188192837104
8.0,9.072661066246061,0.8,PS,1.0,15000.0,0.004269504689440889
8.0,9.563592017516726,0.8,PS,1.0,15000.0,0.004300351734187437
8.0,10.081087743681516,0.8,PS,1.0,15000.0,0.004315419316993761
8.0,10.626585691826111,0.8,PS,1.0,15000.0,0.004315627236394557
8.0,11.20160109076529,0.8,PS,1.0,15000.0,0.004301949756219601
8.0,11.807731159891665,0.8,PS,1.0,15000.0,0.0042754936897224805
8.0,12.446659545769569,0.8,PS,1.0,15000.0,0.004237303728448937
8.0,13.120160998797505,0.8,PS,1.0,15000.0,0.0041884732267967704
8.0,13.830106302929654,0.8,PS,1.0,15000.0,0.004130098376232997
8.0,14.578467472149546,0.8,PS,1.0,15000.0,0.004063214040043891
8.0,15.367323228130308,0.8,PS,1.0,15000.0,0.003988843817486552
8.0,16.198864774296695,0.8,PS,1.0,15000.0,0.003907970420322187
8.0,17.07540188232742,0.8,PS,1.0,15000.0,0.003821537707988114
8.0,17.999369308004486,0.8,PS,1.0,15000.0,0.003730391519242545
8.0,18.973333554230518,0.8,PS,1.0,15000.0,0.003635376287267451
8.0,20.000000000000004,0.8,PS,1.0,15000.0,0.0035372577698962746
8.0,3.0,0.8,PS,2.0,8000.0,0.0012987017564808734
8.0,3.1623330622689494,0.8,PS,2.0,8000.0,0.001567312784311468
8.0,3.33345013223977,0.8,PS,2.0,8000.0,0.0018563250144231992
8.0,3.5138265215355418,0.8,PS,2.0,8000.0,0.0021614509815829326
8.0,3.703963261376446,0.8,PS,2.0,8000.0,0.0024779448218392014
8.0,3.9043884942934204,0.8,PS,2.0,8000.0,0.002800848287345166
8.0,4.1156589411488556,0.8,PS,2.0,8000.0,0.003125198764551704
8.0,4.338361447539279,0.8,PS,2.0,8000.0,0.0034461574320527166
8.0,4.573114613875481,0.8,PS,2.0,8000.0,0.0037592537952645913
8.0,4.820570513667911,0.8,PS,2.0,8000.0,0.004060332738074991
8.0,5.0814165047902815,0.8,PS,2.0,8000.0,0.00434585469031671
8.0,5.356377138752477,0.8,PS,2.0,8000.0,0.0046127835148705625
8.0,5.389452332657201,0.8,PS,2.0,8000.0,0.004642642006827038
8.0,5.646216173286171,0.8,PS,2.0,8000.0,0.0048586481510737405
8.0,5.9517386938335095,0.8,PS,2.0,8000.0,0.00508155176356762
8.0,6.273793349831704,0.8,PS,2.0,8000.0,0.005280115601814149
8.0,6.613274712005288,0.8,PS,2.0,8000.0,0.005453540349842861
8.0,6.971125757213828,0.8,PS,2.0,8000.0,0.0056013763233895425
8.0,7.3483404877573175,0.8,PS,2.0,8000.0,0.005723746793043183
8.0,7.745966692414836,0.8,PS,2.0,8000.0,0.005820935410423889
8.0,8.165108856885828,0.8,PS,2.0,8000.0,0.005893648084022931
8.0,8.606931231718361,0.8,PS,2.0,8000.0,0.0059428777056838595
8.0,9.072661066246061,0.8,PS,2.0,8000.0,0.005969721762274215
8.0,9.563592017516726,0.8,PS,2.0,8000.0,0.005975474213722575
8.0,10.081087743681516,0.8,PS,2.0,8000.0,0.005961569814988096
8.0,10.626585691826111,0.8,PS,2.0,8000.0,0.0059294687443133785
8.0,11.20160109076529,0.8,PS,2.0,8000.0,0.00588065454331652
8.0,11.807731159891665,0.8,PS,2.0,8000.0,0.005816715194885511
8.0,12.446659545769569,0.8,PS,2.0,8000.0,0.005739123037054983
8.0,13.120160998797505,0.8,PS,2.0,8000.0,0.005649385426010959
8.0,13.830106302929654,0.8,PS,2.0,8000.0,0.005548956173009991
8.0,14.578467472149546,0.8,PS,2.0,8000.0,0.00543919785961676
8.0,15.367323228130308,0.8,PS,2.0,8000.0,0.00532142970018723
8.0,16.198864774296695,0.8,PS,2.0,8000.0,0.005196897859948877
8.0,17.07540188232742,0.8,PS,2.0,8000.0,0.005066778138214795
8.0,17.999369308004486,0.8,PS,2.0,8000.0,0.004932113599156143
8.0,18.973333554230518,0.8,PS,2.0,8000.0,0.0047939289430352396
8.0,20.000000000000004,0.8,PS,2.0,8000.0,0.00465314619277375
8.0,3.0,0.8,PS,2.0,10000.0,0.001029395606140492
8.0,3.1623330622689494,0.8,PS,2.0,10000.0,0.0012557212783984328
8.0,3.33345013223977,0.8,PS,2.0,10000.0,0.001502025873829748
8.0,3.5138265215355418,0.8,PS,2.0,10000.0,0.001764862578079083
8.0,3.703963261376446,0.8,PS,2.0,10000.0,0.0020402687528980634
8.0,3.9043884942934204,0.8,PS,2.0,10000.0,0.0023239772729936213
8.0,4.1156589411488556,0.8,PS,2.0,10000.0,0.0026116107392146312
8.0,4.338361447539279,0.8,PS,2.0,10000.0,0.0028988061278454767
8.0,4.573114613875481,0.8,PS,2.0,10000.0,0.0031814468909891922
8.0,4.820570513667911,0.8,PS,2.0,10000.0,0.0034556313862666604
8.0,5.0814165047902815,0.8,PS,2.0,10000.0,0.0037179589811431038
8.0,5.356377138752477,0.8,PS,2.0,10000.0,0.003965449084622573
8.0,5.389452332657201,0.8,PS,2.0,10000.0,0.003993280487191461
8.0,5.646216173286171,0.8,PS,2.0,10000.0,0.004195604803096231
8.0,5.9517386938335095,0.8,PS,2.0,10000.0,0.004406433492086277
8.0,6.273793349831704,0.8,PS,2.0,10000.0,0.004596418527216086
8.0,6.613274712005288,0.8,PS,2.0,10000.0,0.004764568991194119
8.0,6.971125757213828,0.8,PS,2.0,10000.0,0.004910228169737028
8.0,7.3483404877573175,0.8,PS,2.0,10000.0,0.005033276576452119
8.0,7.745966692414836,0.8,PS,2.0,10000.0,0.005133757557165998
8.0,8.165108856885828,0.8,PS,2.0,10000.0,0.005212124487625537
8.0,8.606931231718361,0.8,PS,2.0,10000.0,0.00526911930371869
8.0,9.072661066246061,0.8,PS,2.0,10000.0,0.00530559663905323
8.0,9.563592017516726,0.8,PS,2.0,10000.0,0.005322612034505381
8.0,10.081087743681516,0.8,PS,2.0,10000.0,0.0053213752679317685
8.0,10.626585691826111,0.8,PS,2.0,10000.0,0.0053031368118033875
8.0,11.20160109076529,0.8,PS,2.0,10000.0,0.0052691833577790045
8.0,11.807731159891665,0.8,PS,2.0,10000.0,0.005220919271669142
8.0,12.446659545769569,0.8,PS,2.0,10000.0,0.005159653842666316
8.0,13.120160998797505,0.8,PS,2.0,10000.0,0.005086737227626769
8.0,13.830106302929654,0.8,PS,2.0,10000.0,0.005003489584203298
8.0,14.578467472149546,0.8,PS,2.0,10000.0,0.004911150474172496
8.0,15.367323228130308,0.8,PS,2.0,10000.0,0.0048109291094155585
8.0,16.198864774296695,0.8,PS,2.0,10000.0,0.004703974165195019
8.0,17.07540188232742,0.8,PS,2.0,10000.0,0.004591376200139251
8.0,17.999369308004486,0.8,PS,2.0,10000.0,0.004474106225824191
8.0,18.973333554230518,0.8,PS,2.0,10000.0,0.004353123590209946
8.0,20.000000000000004,0.8,PS,2.0,10000.0,0.004229293903405407
8.0,3.0,0.8,PS,2.0,15000.0,0.0006725454541332106
8.0,3.1623330622689494,0.8,PS,2.0,15000.0,0.0008367082882835172
8.0,3.33345013223977,0.8,PS,2.0,15000.0,0.0010190755560289615
8.0,3.5138265215355418,0.8,PS,2.0,15000.0,0.0012174721145600238
8.0,3.703963261376446,0.8,PS,2.0,15000.0,0.0014291688825969913
8.0,3.9043884942934204,0.8,PS,2.0,15000.0,0.0016510366415334091
8.0,4.1156589411488556,0.8,PS,2.0,15000.0,0.001879703042485934
8.0,4.338361447539279,0.8,PS,2.0,15000.0,0.0021116646949733745
8.0,4.573114613875481,0.8,PS,2.0,15000.0,0.0023434881826453506
8.0,4.820570513667911,0.8,PS,2.0,15000.0,0.00257180549379161
8.0,5.0814165047902815,0.8,PS,2.0,15000.0,0.002793570387270856
8.0,5.356377138752477,0.8,PS,2.0,15000.0,0.0030060160905841064
8.0,5.389452332657201,0.8,PS,2.0,15000.0,0.0030301173975236045
8.0,5.646216173286171,0.8,PS,2.0,15000.0,0.0032067290845433287
8.0,5.9517386938335095,0.8,PS,2.0,15000.0,0.0033936748681462287
8.0,6.273793349831704,0.8,PS,2.0,15000.0,0.003565215935963392
8.0,6.613274712005288,0.8,PS,2.0,15000.0,0.003720142452656422
8.0,6.971125757213828,0.8,PS,2.0,15000.0,0.0038575415538098273
8.0,7.3483404877573175,0.8,PS,2.0,15000.0,0.003976966932802582
8.0,7.745966692414836,0.8,PS,2.0,15000.0,0.004078130285312403
8.0,8.165108856885828,0.8,PS,2.0,15000.0,0.004161120316241244
8.0,8.606931231718361,0.8,PS,2.0,15000.0,0.0042263068597222205
8.0,9.072661066246061,0.8,PS,2.0,15000.0,0.0042741784020194264
8.0,9.563592017516726,0.8,PS,2.0,15000.0,0.004305424893472472
8.0,10.081087743681516,0.8,PS,2.0,15000.0,0.004320904245065347
8.0,10.626585691826111,0.8,PS,2.0,15000.0,0.004321534520470267
8.0,11.20160109076529,0.8,PS,2.0,15000.0,0.004308288090337499
8.0,11.807731159891665,0.8,PS,2.0,15000.0,0.0042822698803480115
8.0,12.446659545769569,0.8,PS,2.0,15000.0,0.004244522521427718
8.0,13.120160998797505,0.8,PS,2.0,15000.0,0.0041961372533441885
8.0,13.830106302929654,0.8,PS,2.0,15000.0,0.004138208238184223
8.0,14.578467472149546,0.8,PS,2.0,15000.0,0.004071768154257671
8.0,15.367323228130308,0.8,PS,2.0,15000.0,0.003997838571556635
8.0,16.198864774296695,0.8,PS,2.0,15000.0,0.003917400237600162
8.0,17.07540188232742,0.8,PS,2.0,15000.0,0.003831395169069318
8.0,17.999369308004486,0.8,PS,2.0,15000.0,0.003740667293187394
8.0,18.973333554230518,0.8,PS,2.0,15000.0,0.0036460594782325266
8.0,20.000000000000004,0.8,PS,2.0,15000.0,0.003548335984023458
8.0,3.0,1.0,ST,0.5,8000.0,0.00453735193879407
8.0,3.1623330622689494,1.0,ST,0.5,8000.0,0.005021825069703499
8.0,3.33345013223977,1.0,ST,0.5,8000.0,0.005495117657347591
8.0,3.5138265215355418,1.0,ST,0.5,8000.0,0.005950816330156847
8.0,3.703963261376446,1.0,ST,0.5,8000.0,0.00638327015334997
8.0,3.9043884942934204,1.0,ST,0.5,8000.0,0.006787712662623086
8.0,4.1156589411488556,1.0,ST,0.5,8000.0,0.007160291256526431
8.0,4.338361447539279,1.0,ST,0.5,8000.0,0.007497985374788184
8.0,4.573114613875481,1.0,ST,0.5,8000.0,0.0077987114300329214
8.0,4.820570513667911,1.0,ST,0.5,8000.0,0.008061037529462113
8.0,5.0814165047902815,1.0,ST,0.5,8000.0,0.008284408314396892
8.0,5.356377138752477,1.0,ST,0.5,8000.0,0.008468848080011792
8.0,5.389452332657201,1.0,ST,0.5,8000.0,0.00848788652736629
8.0,5.646216173286171,1.0,ST,0.5,8000.0,0.008614933430922612
8.0,5.9517386938335095,1.0,ST,0.5,8000.0,0.00872372262022234
8.0,6.273793349831704,1.0,ST,0.5,8000.0,0.008796633121307766
8.0,6.613274712005288,1.0,ST,0.5,8000.0,0.008835469504857415
8.0,6.971125757213828,1.0,ST,0.5,8000.0,0.008842151273176264
8.0,7.3483404877573175,1.0,ST,0.5,8000.0,0.008818937723788592
8.0,7.745966692414836,1.0,ST,0.5,8000.0,0.008767999253614286
8.0,8.165108856885828,1.0,ST,0.5,8000.0,0.00869169218109025
8.0,8.606931231718361,1.0,ST,0.5,8000.0,0.008592425021847969
8.0,9.072661066246061,1.0,ST,0.5,8000.0,0.008472497299964203
8.0,9.563592017516726,1.0,ST,0.5,8000.0,0.008334203902804399
8.0,10.081087743681516,1.0,ST,0.5,8000.0,0.00817979323215605
8.0,10.626585691826111,1.0,ST,0.5,8000.0,0.008011379603043345
8.0,11.20160109076529,1.0,ST,0.5,8000.0,0.00783095728060088
8.0,11.807731159891665,1.0,ST,0.5,8000.0,0.007640486392243753
8.0,12.446659545769569,1.0,ST,0.5,8000.0,0.0074417107039967045
8.0,13.120160998797505,1.0,ST,0.5,8000.0,0.0072363067685117
8.0,13.830106302929654,1.0,ST,0.5,8000.0,0.007025814859141
8.0,14.578467472149546,1.0,ST,0.5,8000.0,0.0068116216869174556
8.0,15.367323228130308,1.0,ST,0.5,8000.0,0.006595008765201176
8.0,16.198864774296695,1.0,ST,0.5,8000.0,0.006377137580975305
8.0,17.07540188232742,1.0,ST,0.5,8000.0,0.006159059930678453
8.0,17.999369308004486,1.0,ST,0.5,8000.0,0.005941675222172391
8.0,18.973333554230518,1.0,ST,0.5,8000.0,0.005725829066285352
8.0,20.000000000000004,1.0,ST,0.5,8000.0,0.005512251335938425
8.0,3.0,1.0,ST,0.5,10000.0,0.003932300279584467
8.0,3.1623330622689494,1.0,ST,0.5,10000.0,0.004378995200433581
8.0,3.33345013223977,1.0,ST,0.5,10000.0,0.0048188576720771285
8.0,3.5138265215355418,1.0,ST,0.5,10000.0,0.005245695688686521
8.0,3.703963261376446,1.0,ST,0.5,10000.0,0.0056539544262837055
8.0,3.9043884942934204,1.0,ST,0.5,10000.0,0.0060388453780233844
8.0,4.1156589411488556,1.0,ST,0.5,10000.0,0.0063964021753131345
8.0,4.338361447539279,1.0,ST,0.5,10000.0,0.006723420436888459
8.0,4.573114613875481,1.0,ST,0.5,10000.0,0.007017572363824672
8.0,4.820570513667911,1.0,ST,0.5,10000.0,0.00727714849645583
8.0,5.0814165047902815,1.0,ST,0.5,10000.0,0.007501282197994549
8.0,5.356377138752477,1.0,ST,0.5,10000.0,0.007689679539892042
8.0,5.389452332657201,1.0,ST,0.5,10000.0,0.0077093731595709
8.0,5.646216173286171,1.0,ST,0.5,10000.0,0.007842590622530302
8.0,5.9517386938335095,1.0,ST,0.5,10000.0,0.007960745973305386
8.0,6.273793349831704,1.0,ST,0.5,10000.0,0.008045255879771453
8.0,6.613274712005288,1.0,ST,0.5,10000.0,0.008097619832742311
8.0,6.971125757213828,1.0,ST,0.5,10000.0,0.00811947964590392
8.0,7.3483404877573175,1.0,ST,0.5,10000.0,0.008112825906188578
8.0,7.745966692414836,1.0,ST,0.5,10000.0,0.008079587115484425
8.0,8.165108856885828,1.0,ST,0.5,10000.0,0.008021895508146436
8.0,8.606931231718361,1.0,ST,0.5,10000.0,0.007941957941549206
8.0,9.072661066246061,1.0,ST,0.5,10000.0,0.00784189141070071
8.0,9.563592017516726,1.0,ST,0.5,10000.0,0.007723824835725108
8.0,10.081087743681516,1.0,ST,0.5,10000.0,0.007589861851707438
8.0,10.626585691826111,1.0,ST,0.5,10000.0,0.007441989467054917
8.0,11.20160109076529,1.0,ST,0.5,10000.0,0.007282088693613291
8.0,11.807731159891665,1.0,ST,0.5,10000.0,0.007112022179799039
8.0,12.446659545769569,1.0,ST,0.5,10000.0,0.0069334515101557624
8.0,13.120160998797505,1.0,ST,0.5,10000.0,0.00674797689734379
8.0,13.830106302929654,1.0,ST,0.5,10000.0,0.006557081048048519
8.0,14.578467472149546,1.0,ST,0.5,10000.0,0.006362099130983366
8.0,15.367323228130308,1.0,ST,0.5,10000.0,0.00616427037003036
8.0,16.198864774296695,1.0,ST,0.5,10000.0,0.005964721886874351
8.0,17.07540188232742,1.0,ST,0.5,10000.0,0.005764478788675226
8.0,17.999369308004486,1.0,ST,0.5,10000.0,0.005564420807132835
8.0,18.973333554230518,1.0,ST,0.5,10000.0,0.00536537801038589
8.0,20.000000000000004,1.0,ST,0.5,10000.0,0.005168068894230216
8.0,3.0,1.0,ST,0.5,15000.0,0.0030262100670660603
8.0,3.1623330622689494,1.0,ST,0.5,15000.0,0.003408051082946142
8.0,3.33345013223977,1.0,ST,0.5,15000.0,0.0037893237084209923
8.0,3.5138265215355418,1.0,ST,0.5,15000.0,0.0041643717754996
8.0,3.703963261376446,1.0,ST,0.5,15000.0,0.004527961902129431
8.0,3.9043884942934204,1.0,ST,0.5,15000.0,0.004875427119513789
8.0,4.1156589411488556,1.0,ST,0.5,15000.0,0.005202753018389043
8.0,4.338361447539279,1.0,ST,0.5,15000.0,0.0055065574712297935
8.0,4.573114613875481,1.0,ST,0.5,15000.0,0.00578421607470053
8.0,4.820570513667911,1.0,ST,0.5,15000.0,0.0060336521396849195
8.0,5.0814165047902815,1.0,ST,0.5,15000.0,0.006253559776574528
8.0,5.356377138752477,1.0,ST,0.5,15000.0,0.006443173710451969
8.0,5.389452332657201,1.0,ST,0.5,15000.0,0.006463341159166205
8.0,5.646216173286171,1.0,ST,0.5,15000.0,0.006602253714428629
8.0,5.9517386938335095,1.0,ST,0.5,15000.0,0.006731020122560202
8.0,6.273793349831704,1.0,ST,0.5,15000.0,0.006830098650181481
8.0,6.613274712005288,1.0,ST,0.5,15000.0,0.0069004979445823926
8.0,6.971125757213828,1.0,ST,0.5,15000.0,0.006943408268859516
8.0,7.3483404877573175,1.0,ST,0.5,15000.0,0.006960375863381947
8.0,7.745966692414836,1.0,ST,0.5,15000.0,0.00695292751137458
8.0,8.165108856885828,1.0,ST,0.5,15000.0,0.006922816840483015
8.0,8.606931231718361,1.0,ST,0.5,15000.0,0.006871906695490298
8.0,9.072661066246061,1.0,ST,0.5,15000.0,0.006802000450203512
8.0,9.563592017516726,1.0,ST,0.5,15000.0,0.0067149401173497185
8.0,10.081087743681516,1.0,ST,0.5,15000.0,0.006612575582005078
8.0,10.626585691826111,1.0,ST,0.5,15000.0,0.006496668469455398
8.0,11.20160109076529,1.0,ST,0.5,15000.0,0.006368898920510404
8.0,11.807731159891665,1.0,ST,0.5,15000.0,0.006230952798262704
8.0,12.446659545769569,1.0,ST,0.5,15000.0,0.00608434260675409
8.0,13.120160998797505,1.0,ST,0.5,15000.0,0.005930529580517958
8.0,13.830106302929654,1.0,ST,0.5,15000.0,0.005770886880454491
8.0,14.578467472149546,1.0,ST,0.5,15000.0,0.005606653039392415
8.0,15.367323228130308,1.0,ST,0.5,15000.0,0.005438985936173086
8.0,16.198864774296695,1.0,ST,0.5,15000.0,0.0052689452034319646
8.0,17.07540188232742,1.0,ST,0.5,15000.0,0.005097501878452131
8.0,17.999369308004486,1.0,ST,0.5,15000.0,0.004925493963620915
8.0,18.973333554230518,1.0,ST,0.5,15000.0,0.004753717186237525
8.0,20.000000000000004,1.0,ST,0.5,15000.0,0.004582863473424
8.0,3.0,1.0,ST,1.0,8000.0,0.004542599766448712
8.0,3.1623330622689494,1.0,ST,1.0,8000.0,0.005027897779148145
8.0,3.33345013223977,1.0,ST,1.0,8000.0,0.005502100444620703
8.0,3.5138265215355418,1.0,ST,1.0,8000.0,0.005958802127597375
8.0,3.703963261376446,1.0,ST,1.0,8000.0,0.006392360031543811
8.0,3.9043884942934204,1.0,ST,1.0,8000.0,0.006798015915437453
8.0,4.1156589411488556,1.0,ST,1.0,8000.0,0.0071719249190391006
8.0,4.338361447539279,1.0,ST,1.0,8000.0,0.0075110731005757735
8.0,4.573114613875481,1.0,ST,1.0,8000.0,0.007813382057006952
8.0,4.820570513667911,1.0,ST,1.0,8000.0,0.008077422685753963
8.0,5.0814165047902815,1.0,ST,1.0,8000.0,0.008302640263253367
8.0,5.356377138752477,1.0,ST,1.0,8000.0,0.008489056741123014
8.0,5.389452332657201,1.0,ST,1.0,8000.0,0.008508334375548224
8.0,5.646216173286171,1.0,ST,1.0,8000.0,0.008637243578995238
8.0,5.9517386938335095,1.0,ST,1.0,8000.0,0.008748250815987057
8.0,6.273793349831704,1.0,ST,1.0,8000.0,0.008823484946421552
8.0,6.613274712005288,1.0,ST,1.0,8000.0,0.008864737062702428
8.0,6.971125757213828,1.0,ST,1.0,8000.0,0.008873910735857148
8.0,7.3483404877573175,1.0,ST,1.0,8000.0,0.008853248104846792
8.0,7.745966692414836,1.0,ST,1.0,8000.0,0.008804900147653916
8.0,8.165108856885828,1.0,ST,1.0,8000.0,0.00873120346625092
8.0,8.606931231718361,1.0,ST,1.0,8000.0,0.008634547019128375
8.0,9.072661066246061,1.0,ST,1.0,8000.0,0.008517210136061541
8.0,9.563592017516726,1.0,ST,1.0,8000.0,0.008381468187305362
8.0,10.081087743681516,1.0,ST,1.0,8000.0,0.008229551814032442
8.0,10.626585691826111,1.0,ST,1.0,8000.0,0.008063557961047043
8.0,11.20160109076529,1.0,ST,1.0,8000.0,0.007885465010756062
8.0,11.807731159891665,1.0,ST,1.0,8000.0,0.007697219489598125
8.0,12.446659545769569,1.0,ST,1.0,8000.0,0.007500553064171019
8.0,13.120160998797505,1.0,ST,1.0,8000.0,0.0072971319166231
8.0,13.830106302929654,1.0,ST,1.0,8000.0,0.007088488375717687
8.0,14.578467472149546,1.0,ST,1.0,8000.0,0.0068760021786332635
8.0,15.367323228130308,1.0,ST,1.0,8000.0,0.006660950349396553
8.0,16.198864774296695,1.0,ST,1.0,8000.0,0.006444491527794011
8.0,17.07540188232742,1.0,ST,1.0,8000.0,0.006227676312107009
8.0,17.999369308004486,1.0,ST,1.0,8000.0,0.006011403504257337
8.0,18.973333554230518,1.0,ST,1.0,8000.0,0.005796520460419229
8.0,20.000000000000004,1.0,ST,1.0,8000.0,0.005583759595561702
8.0,3.0,1.0,ST,1.0,10000.0,0.003935360921292234
8.0,3.1623330622689494,1.0,ST,1.0,10000.0,0.004382652108222713
8.0,3.33345013223977,1.0,ST,1.0,10000.0,0.004823196888338191
8.0,3.5138265215355418,1.0,ST,1.0,10000.0,0.005250812792076125
8.0,3.703963261376446,1.0,ST,1.0,10000.0,0.005659954700475473
8.0,3.9043884942934204,1.0,ST,1.0,10000.0,0.00604584361748044
8.0,4.1156589411488556,1.0,ST,1.0,10000.0,0.006404521963121785
8.0,4.338361447539279,1.0,ST,1.0,10000.0,0.006732792810567741
8.0,4.573114613875481,1.0,ST,1.0,10000.0,0.00702833415516182
8.0,4.820570513667911,1.0,ST,1.0,10000.0,0.0072894397863517745
8.0,5.0814165047902815,1.0,ST,1.0,10000.0,0.007515243964144501
8.0,5.356377138752477,1.0,ST,1.0,10000.0,0.007705450581505941
8.0,5.389452332657201,1.0,ST,1.0,10000.0,0.007725364407864243
8.0,5.646216173286171,1.0,ST,1.0,10000.0,0.007860304624569936
8.0,5.9517386938335095,1.0,ST,1.0,10000.0,0.007980528318052838
8.0,6.273793349831704,1.0,ST,1.0,10000.0,0.008067220874279109
8.0,6.613274712005288,1.0,ST,1.0,10000.0,0.008121868080311527
8.0,6.971125757213828,1.0,ST,1.0,10000.0,0.00814609561685894
8.0,7.3483404877573175,1.0,ST,1.0,10000.0,0.008141876611882965
8.0,7.745966692414836,1.0,ST,1.0,10000.0,0.00811111987092664
8.0,8.165108856885828,1.0,ST,1.0,10000.0,0.008055937602069161
8.0,8.606931231718361,1.0,ST,1.0,10000.0,0.007978516804298943
8.0,9.072661066246061,1.0,ST,1.0,10000.0,0.007880953969646063
8.0,9.563592017516726,1.0,ST,1.0,10000.0,0.007765358171374855
8.0,10.081087743681516,1.0,ST,1.0,10000.0,0.0076338149862838585
8.0,10.626585691826111,1.0,ST,1.0,10000.0,0.007488293768912004
8.0,11.20160109076529,1.0,ST,1.0,10000.0,0.007330659357599406
8.0,11.807731159891665,1.0,ST,1.0,10000.0,0.0071627605333955315
8.0,12.446659545769569,1.0,ST,1.0,10000.0,0.006986246550382465
8.0,13.120160998797505,1.0,ST,1.0,10000.0,0.006802706959163947
8.0,13.830106302929654,1.0,ST,1.0,10000.0,0.006613616336934916
8.0,14.578467472149546,1.0,ST,1.0,10000.0,0.006420302660798875
8.0,15.367323228130308,1.0,ST,1.0,10000.0,0.006224000466045206
8.0,16.198864774296695,1.0,ST,1.0,10000.0,0.00602583384086731
8.0,17.07540188232742,1.0,ST,1.0,10000.0,0.005826826530591672
8.0,17.999369308004486,1.0,ST,1.0,10000.0,0.005627857524272234
8.0,18.973333554230518,1.0,ST,1.0,10000.0,0.00542975849150589
8.0,20.000000000000004,1.0,ST,1.0,10000.0,0.005233250325618613
8.0,3.0,1.0,ST,1.0,15000.0,0.003028382427726642
8.0,3.1623330622689494,1.0,ST,1.0,15000.0,0.0034107183216768584
8.0,3.33345013223977,1.0,ST,1.0,15000.0,0.0037925712327727553
8.0,3.5138265215355418,1.0,ST,1.0,15000.0,0.0041682953935649565
8.0,3.703963261376446,1.0,ST,1.0,15000.0,0.004532667896208522
8.0,3.9043884942934204,1.0,ST,1.0,15000.0,0.004881031940378534
8.0,4.1156589411488556,1.0,ST,1.0,15000.0,0.005209382454640637
8.0,4.338361447539279,1.0,ST,1.0,15000.0,0.005514345223496468
8.0,4.573114613875481,1.0,ST,1.0,15000.0,0.005793301989501568
8.0,4.820570513667911,1.0,ST,1.0,15000.0,0.006044179594513734
8.0,5.0814165047902815,1.0,ST,1.0,15000.0,0.00626567323393515
8.0,5.356377138752477,1.0,ST,1.0,15000.0,0.006457015585161745
8.0,5.389452332657201,1.0,ST,1.0,15000.0,0.006477394033572596
8.0,5.646216173286171,1.0,ST,1.0,15000.0,0.006617961382805649
8.0,5.9517386938335095,1.0,ST,1.0,15000.0,0.00674872266495915
8.0,6.273793349831704,1.0,ST,1.0,15000.0,0.00684991407158409
8.0,6.613274712005288,1.0,ST,1.0,15000.0,0.0069225304796738515
8.0,6.971125757213828,1.0,ST,1.0,15000.0,0.006967745959685987
8.0,7.3483404877573175,1.0,ST,1.0,15000.0,0.006987089180004799
8.0,7.745966692414836,1.0,ST,1.0,15000.0,0.006982067125490162
8.0,8.165108856885828,1.0,ST,1.0,15000.0,0.006954413271054463
8.0,8.606931231718361,1.0,ST,1.0,15000.0,0.006905970476615208
8.0,9.072661066246061,1.0,ST,1.0,15000.0,0.006838521480971922
8.0,9.563592017516726,1.0,ST,1.0,15000.0,0.006753888306608589
8.0,10.081087743681516,1.0,ST,1.0,15000.0,0.006653902646178179
8.0,10.626585691826111,1.0,ST,1.0,15000.0,0.006540308340416727
8.0,11.20160109076529,1.0,ST,1.0,15000.0,0.00641476922393375
8.0,11.807731159891665,1.0,ST,1.0,15000.0,0.006278957162898021
8.0,12.446659545769569,1.0,ST,1.0,15000.0,0.0061343722213857204
8.0,13.120160998797505,1.0,ST,1.0,15000.0,0.005982464833568916
8.0,13.830106302929654,1.0,ST,1.0,15000.0,0.005824599932115096
8.0,14.578467472149546,1.0,ST,1.0,15000.0,0.005662008751129415
8.0,15.367323228130308,1.0,ST,1.0,15000.0,0.005495844378582656
8.0,16.198864774296695,1.0,ST,1.0,15000.0,0.00532716331643976
8.0,17.07540188232742,1.0,ST,1.0,15000.0,0.005156935152457332
8.0,17.999369308004486,1.0,ST,1.0,15000.0,0.0049859970704518265
8.0,18.973333554230518,1.0,ST,1.0,15000.0,0.004815146318547903
8.0,20.000000000000004,1.0,ST,1.0,15000.0,0.004645077140871566
8.0,3.0,1.0,ST,2.0,8000.0,0.004545238577154631
8.0,3.1623330622689494,1.0,ST,2.0,8000.0,0.005030954869988446
8.0,3.33345013223977,1.0,ST,2.0,8000.0,0.005505621100864364
8.0,3.5138265215355418,1.0,ST,2.0,8000.0,0.005962836615636837
8.0,3.703963261376446,1.0,ST,2.0,8000.0,0.006396964101779
8.0,3.9043884942934204,1.0,ST,2.0,8000.0,0.006803251161401899
8.0,4.1156589411488556,1.0,ST,2.0,8000.0,0.007177858844886916
8.0,4.338361447539279,1.0,ST,2.0,8000.0,0.007517778833452731
8.0,4.573114613875481,1.0,ST,2.0,8000.0,0.007820937848191564
8.0,4.820570513667911,1.0,ST,2.0,8000.0,0.008085910840145174
8.0,5.0814165047902815,1.0,ST,2.0,8000.0,0.00831214609406186
8.0,5.356377138752477,1.0,ST,2.0,8000.0,0.00849966698751252
8.0,5.389452332657201,1.0,ST,2.0,8000.0,0.008519079307188161
8.0,5.646216173286171,1.0,ST,2.0,8000.0,0.008649044806294557
8.0,5.9517386938335095,1.0,ST,2.0,8000.0,0.008761327538363775
8.0,6.273793349831704,1.0,ST,2.0,8000.0,0.008837917819396109
8.0,6.613274712005288,1.0,ST,2.0,8000.0,0.008880601105586909
8.0,6.971125757213828,1.0,ST,2.0,8000.0,0.008891273507184645
8.0,7.3483404877573175,1.0,ST,2.0,8000.0,0.008872168499057538
8.0,7.745966692414836,1.0,ST,2.0,8000.0,0.008825426556693645
8.0,8.165108856885828,1.0,ST,2.0,8000.0,0.008753373038354944
8.0,8.606931231718361,1.0,ST,2.0,8000.0,0.008658385203022914
8.0,9.072661066246061,1.0,ST,2.0,8000.0,0.008542729784852333
8.0,9.563592017516726,1.0,ST,2.0,8000.0,0.008408669423048099
8.0,10.081087743681516,1.0,ST,2.0,8000.0,0.00825842266052847
8.0,10.626585691826111,1.0,ST,2.0,8000.0,0.008094074176977372
8.0,11.20160109076529,1.0,ST,2.0,8000.0,0.007917590645219704
8.0,11.807731159891665,1.0,ST,2.0,8000.0,0.007730908006366819
8.0,12.446659545769569,1.0,ST,2.0,8000.0,0.00753574809496048
8.0,13.120160998797505,1.0,ST,2.0,8000.0,0.007333768152936287
8.0,13.830106302929654,1.0,ST,2.0,8000.0,0.007126493024961824
8.0,14.578467472149546,1.0,ST,2.0,8000.0,0.006915295545341248
8.0,15.367323228130308,1.0,ST,2.0,8000.0,0.0067014474376061615
8.0,16.198864774296695,1.0,ST,2.0,8000.0,0.006486103149546175
8.0,17.07540188232742,1.0,ST,2.0,8000.0,0.006270310229940545
8.0,17.999369308004486,1.0,ST,2.0,8000.0,0.006054964969142919
8.0,18.973333554230518,1.0,ST,2.0,8000.0,0.005840913862738397
8.0,20.000000000000004,1.0,ST,2.0,8000.0,0.005628889158864267
8.0,3.0,1.0,ST,2.0,10000.0,0.00393689912726404
8.0,3.1623330622689494,1.0,ST,2.0,10000.0,0.00438449324531486
8.0,3.33345013223977,1.0,ST,2.0,10000.0,0.004825386591160974
8.0,3.5138265215355418,1.0,ST,2.0,10000.0,0.0052534025773803865
8.0,3.703963261376446,1.0,ST,2.0,10000.0,0.005663002353286162
8.0,3.9043884942934204,1.0,ST,2.0,10000.0,0.006049413410194701
8.0,4.1156589411488556,1.0,ST,2.0,10000.0,0.006408684602602028
8.0,4.338361447539279,1.0,ST,2.0,10000.0,0.006737625044439363
8.0,4.573114613875481,1.0,ST,2.0,10000.0,0.007033918159460457
8.0,4.820570513667911,1.0,ST,2.0,10000.0,0.007295862019206662
8.0,5.0814165047902815,1.0,ST,2.0,10000.0,0.007522594021272595
8.0,5.356377138752477,1.0,ST,2.0,10000.0,0.007713819565321936
8.0,5.389452332657201,1.0,ST,2.0,10000.0,0.007733858374806598
8.0,5.646216173286171,1.0,ST,2.0,10000.0,0.007869783476727987
8.0,5.9517386938335095,1.0,ST,2.0,10000.0,0.00799120588187355
8.0,6.273793349831704,1.0,ST,2.0,10000.0,0.008079182083523212
8.0,6.613274712005288,1.0,ST,2.0,10000.0,0.008135192116218054
8.0,6.971125757213828,1.0,ST,2.0,10000.0,0.008160854095518031
8.0,7.3483404877573175,1.0,ST,2.0,10000.0,0.008158132330850582
8.0,7.745966692414836,1.0,ST,2.0,10000.0,0.008128924982285311
8.0,8.165108856885828,1.0,ST,2.0,10000.0,0.00807533285460238
8.0,8.606931231718361,1.0,ST,2.0,10000.0,0.007999531091803274
8.0,9.072661066246061,1.0,ST,2.0,10000.0,0.007903603430796616
8.0,9.563592017516726,1.0,ST,2.0,10000.0,0.0077896460433023685
8.0,10.081087743681516,1.0,ST,2.0,10000.0,0.0076597322533499
8.0,10.626585691826111,1.0,ST,2.0,10000.0,0.007515819002661796
8.0,11.20160109076529,1.0,ST,2.0,10000.0,0.0073597592683370934
8.0,11.807731159891665,1.0,ST,2.0,10000.0,0.007193391106514547
8.0,12.446659545769569,1.0,ST,2.0,10000.0,0.007018353817323681
8.0,13.120160998797505,1.0,ST,2.0,10000.0,0.006836227858009391
8.0,13.830106302929654,1.0,ST,2.0,10000.0,0.006648480222631505
8.0,14.578467472149546,1.0,ST,2.0,10000.0,0.006456431869258666
8.0,15.367323228130308,1.0,ST,2.0,10000.0,0.006261311925640822
8.0,16.198864774296695,1.0,ST,2.0,10000.0,0.006064240187227124
8.0,17.07540188232742,1.0,ST,2.0,10000.0,0.005866237260371027
8.0,17.999369308004486,1.0,ST,2.0,10000.0,0.005668179546656996
8.0,18.973333554230518,1.0,ST,2.0,10000.0,0.005470897775235622
8.0,20.000000000000004,1.0,ST,2.0,10000.0,0.005275112592124802
8.0,3.0,1.0,ST,2.0,15000.0,0.0030294757948512436
8.0,3.1623330622689494,1.0,ST,2.0,15000.0,0.003412063815292798
8.0,3.33345013223977,1.0,ST,2.0,15000.0,0.0037942141613141562
8.0,3.5138265215355418,1.0,ST,2.0,15000.0,0.0041702873798106855
8.0,3.703963261376446,1.0,ST,2.0,15000.0,0.0045350672158622676
8.0,3.9043884942934204,1.0,ST,2.0,15000.0,0.004883903685380621
8.0,4.1156589411488556,1.0,ST,2.0,15000.0,0.005212798425985383
8.0,4.338361447539279,1.0,ST,2.0,15000.0,0.00551838349169255
8.0,4.573114613875481,1.0,ST,2.0,15000.0,0.005798046229177446
8.0,4.820570513667911,1.0,ST,2.0,15000.0,0.006049717903189451
8.0,5.0814165047902815,1.0,ST,2.0,15000.0,0.006272096940627238
8.0,5.356377138752477,1.0,ST,2.0,15000.0,0.00646441759074622
8.0,5.389452332657201,1.0,ST,2.0,15000.0,0.0064849163949525805
8.0,5.646216173286171,1.0,ST,2.0,15000.0,0.006626434464987506
8.0,5.9517386938335095,1.0,ST,2.0,15000.0,0.006758357506108135
8.0,6.273793349831704,1.0,ST,2.0,15000.0,0.006860797444073011
8.0,6.613274712005288,1.0,ST,2.0,15000.0,0.006934743369622251
8.0,6.971125757213828,1.0,ST,2.0,15000.0,0.00698136175777381
8.0,7.3483404877573175,1.0,ST,2.0,15000.0,0.007002172401315489
8.0,7.745966692414836,1.0,ST,2.0,15000.0,0.006998671588060916
8.0,8.165108856885828,1.0,ST,2.0,15000.0,0.006972581325765355
8.0,8.606931231718361,1.0,ST,2.0,15000.0,0.006925732555456755
8.0,9.072661066246061,1.0,ST,2.0,15000.0,0.00685989519408786
8.0,9.563592017516726,1.0,ST,2.0,15000.0,0.006776878290130544
8.0,10.081087743681516,1.0,ST,2.0,15000.0,0.0066785012155946965
8.0,10.626585691826111,1.0,ST,2.0,15000.0,0.006566495332210918
8.0,11.20160109076529,1.0,ST,2.0,15000.0,0.006442512546092249
8.0,11.807731159891665,1.0,ST,2.0,15000.0,0.006308213932759781
8.0,12.446659545769569,1.0,ST,2.0,15000.0,0.006165089546613843
8.0,13.120160998797505,1.0,ST,2.0,15000.0,0.006014580658205315
8.0,13.830106302929654,1.0,ST,2.0,15000.0,0.005858044566621308
8.0,14.578467472149546,1.0,ST,2.0,15000.0,0.005696705432209195
8.0,15.367323228130308,1.0,ST,2.0,15000.0,0.005531710883035529
8.0,16.198864774296695,1.0,ST,2.0,15000.0,0.005364113078443741
8.0,17.07540188232742,1.0,ST,2.0,15000.0,0.005194878422034267
8.0,17.999369308004486,1.0,ST,2.0,15000.0,0.005024841470816148
8.0,18.973333554230518,1.0,ST,2.0,15000.0,0.0048547984906774306
8.0,20.000000000000004,1.0,ST,2.0,15000.0,0.004685443436609068
8.0,3.0,1.0,PS,0.5,8000.0,0.0031020287109976546
8.0,3.1623330622689494,1.0,PS,0.5,8000.0,0.0035901874137040336
8.0,3.33345013223977,1.0,PS,0.5,8000.0,0.004092098742225587
8.0,3.5138265215355418,1.0,PS,0.5,8000.0,0.00459969756044449
8.0,3.703963261376446,1.0,PS,0.5,8000.0,0.0051050473745167645
8.0,3.9043884942934204,1.0,PS,0.5,8000.0,0.005600654013506113
8.0,4.1156589411488556,1.0,PS,0.5,8000.0,0.00607967724454697
8.0,4.338361447539279,1.0,PS,0.5,8000.0,0.006535999343598935
8.0,4.573114613875481,1.0,PS,0.5,8000.0,0.0069644752759403725
8.0,4.820570513667911,1.0,PS,0.5,8000.0,0.007360721374393298
8.0,5.0814165047902815,1.0,PS,0.5,8000.0,0.007721459188632201
8.0,5.356377138752477,1.0,PS,0.5,8000.0,0.008044241034243404
8.0,5.389452332657201,1.0,PS,0.5,8000.0,0.008079402489307438
8.0,5.646216173286171,1.0,PS,0.5,8000.0,0.008327461349315692
8.0,5.9517386938335095,1.0,PS,0.5,8000.0,0.008570302808934368
8.0,6.273793349831704,1.0,PS,0.5,8000.0,0.008772605150885085
8.0,6.613274712005288,1.0,PS,0.5,8000.0,0.008934909700067963
8.0,6.971125757213828,1.0,PS,0.5,8000.0,0.009058116481634121
8.0,7.3483404877573175,1.0,PS,0.5,8000.0,0.009143767221863299
8.0,7.745966692414836,1.0,PS,0.5,8000.0,0.00919348202244502
8.0,8.165108856885828,1.0,PS,0.5,8000.0,0.009209303868444514
8.0,8.606931231718361,1.0,PS,0.5,8000.0,0.009193514578090424
8.0,9.072661066246061,1.0,PS,0.5,8000.0,0.009148403447694062
8.0,9.563592017516726,1.0,PS,0.5,8000.0,0.009076391471913138
8.0,10.081087743681516,1.0,PS,0.5,8000.0,0.008979964249400212
8.0,10.626585691826111,1.0,PS,0.5,8000.0,0.008861535932892978
8.0,11.20160109076529,1.0,PS,0.5,8000.0,0.008723455574919653
8.0,11.807731159891665,1.0,PS,0.5,8000.0,0.008568114524572675
8.0,12.446659545769569,1.0,PS,0.5,8000.0,0.008397683466607369
8.0,13.120160998797505,1.0,PS,0.5,8000.0,0.008214306646004336
8.0,13.830106302929654,1.0,PS,0.5,8000.0,0.008019999536209127
8.0,14.578467472149546,1.0,PS,0.5,8000.0,0.00781661272607341
8.0,15.367323228130308,1.0,PS,0.5,8000.0,0.007605894822916538
8.0,16.198864774296695,1.0,PS,0.5,8000.0,0.0073894635422233216
8.0,17.07540188232742,1.0,PS,0.5,8000.0,0.007168814403309017
8.0,17.999369308004486,1.0,PS,0.5,8000.0,0.0069452533370175954
8.0,18.973333554230518,1.0,PS,0.5,8000.0,0.006720034568783198
8.0,20.000000000000004,1.0,PS,0.5,8000.0,0.006494266468676067
8.0,3.0,1.0,PS,0.5,10000.0,0.0025682046327265874
8.0,3.1623330622689494,1.0,PS,0.5,10000.0,0.0029981132677109005
8.0,3.33345013223977,1.0,PS,0.5,10000.0,0.003444460398648822
8.0,3.5138265215355418,1.0,PS,0.5,10000.0,0.00390008139220717
8.0,3.703963261376446,1.0,PS,0.5,10000.0,0.004357767121928604
8.0,3.9043884942934204,1.0,PS,0.5,10000.0,0.004810562330557677
8.0,4.1156589411488556,1.0,PS,0.5,10000.0,0.005251991044070807
8.0,4.338361447539279,1.0,PS,0.5,10000.0,0.005676144823044074
8.0,4.573114613875481,1.0,PS,0.5,10000.0,0.006077938279365567
8.0,4.820570513667911,1.0,PS,0.5,10000.0,0.00645293797863205
8.0,5.0814165047902815,1.0,PS,0.5,10000.0,0.006797702587425287
8.0,5.356377138752477,1.0,PS,0.5,10000.0,0.007109553071339357
8.0,5.389452332657201,1.0,PS,0.5,10000.0,0.007143752480426762
8.0,5.646216173286171,1.0,PS,0.5,10000.0,0.0073865890696643375
8.0,5.9517386938335095,1.0,PS,0.5,10000.0,0.007627650822944386
8.0,6.273793349831704,1.0,PS,0.5,10000.0,0.007832223364187287
8.0,6.613274712005288,1.0,PS,0.5,10000.0,0.008000463309289621
8.0,6.971125757213828,1.0,PS,0.5,10000.0,0.008132898799627742
8.0,7.3483404877573175,1.0,PS,0.5,10000.0,0.008230688119363026
8.0,7.745966692414836,1.0,PS,0.5,10000.0,0.008295092855159503
8.0,8.165108856885828,1.0,PS,0.5,10000.0,0.008327807330629712
8.0,8.606931231718361,1.0,PS,0.5,10000.0,0.0083307863312473
8.0,9.072661066246061,1.0,PS,0.5,10000.0,0.008306015096076837
8.0,9.563592017516726,1.0,PS,0.5,10000.0,0.00825562933298055
8.0,10.081087743681516,1.0,PS,0.5,10000.0,0.008181856501624197
8.0,10.626585691826111,1.0,PS,0.5,10000.0,0.00808687771603072
8.0,11.20160109076529,1.0,PS,0.5,10000.0,0.007972829856876355
8.0,11.807731159891665,1.0,PS,0.5,10000.0,0.007841914241071737
8.0,12.446659545769569,1.0,PS,0.5,10000.0,0.007696136924942736
8.0,13.120160998797505,1.0,PS,0.5,10000.0,0.007537487490147703
8.0,13.830106302929654,1.0,PS,0.5,10000.0,0.007367855866302516
8.0,14.578467472149546,1.0,PS,0.5,10000.0,0.007188979189562501
8.0,15.367323228130308,1.0,PS,0.5,10000.0,0.007002508269013594
8.0,16.198864774296695,1.0,PS,0.5,10000.0,0.006809977151614692
8.0,17.07540188232742,1.0,PS,0.5,10000.0,0.006612811295453659
8.0,17.999369308004486,1.0,PS,0.5,10000.0,0.006412259899220517
8.0,18.973333554230518,1.0,PS,0.5,10000.0,0.006209528115430598
8.0,20.000000000000004,1.0,PS,0.5,10000.0,0.006005683874205401
8.0,3.0,1.0,PS,0.5,15000.0,0.0018155826511742723
8.0,3.1623330622689494,1.0,PS,0.5,15000.0,0.0021532468690458927
8.0,3.33345013223977,1.0,PS,0.5,15000.0,0.002509984469934862
8.0,3.5138265215355418,1.0,PS,0.5,15000.0,0.0028802061552443536
8.0,3.703963261376446,1.0,PS,0.5,15000.0,0.003258038431068793
8.0,3.9043884942934204,1.0,PS,0.5,15000.0,0.0036375904870893086
8.0,4.1156589411488556,1.0,PS,0.5,15000.0,0.004013178278619503
8.0,4.338361447539279,1.0,PS,0.5,15000.0,0.004379439102459819
8.0,4.573114613875481,1.0,PS,0.5,15000.0,0.004731582720926418
8.0,4.820570513667911,1.0,PS,0.5,15000.0,0.005065282469232436
8.0,5.0814165047902815,1.0,PS,0.5,15000.0,0.00537700327870829
8.0,5.356377138752477,1.0,PS,0.5,15000.0,0.005663835063399376
8.0,5.389452332657201,1.0,PS,0.5,15000.0,0.005695618967282277
8.0,5.646216173286171,1.0,PS,0.5,15000.0,0.005923532413679922
8.0,5.9517386938335095,1.0,PS,0.5,15000.0,0.006154486368976393
8.0,6.273793349831704,1.0,PS,0.5,15000.0,0.00635569440826832
8.0,6.613274712005288,1.0,PS,0.5,15000.0,0.006526758026555082
8.0,6.971125757213828,1.0,PS,0.5,15000.0,0.006667655824761086
8.0,7.3483404877573175,1.0,PS,0.5,15000.0,0.006778960959985179
8.0,7.745966692414836,1.0,PS,0.5,15000.0,0.006861382076877313
8.0,8.165108856885828,1.0,PS,0.5,15000.0,0.006916062082574242
8.0,8.606931231718361,1.0,PS,0.5,15000.0,0.006944430552541436
8.0,9.072661066246061,1.0,PS,0.5,15000.0,0.006947979144182365
8.0,9.563592017516726,1.0,PS,0.5,15000.0,0.006928375519597476
8.0,10.081087743681516,1.0,PS,0.5,15000.0,0.006887416988344981
8.0,10.626585691826111,1.0,PS,0.5,15000.0,0.006826892019791253
8.0,11.20160109076529,1.0,PS,0.5,15000.0,0.006748578277292569
8.0,11.807731159891665,1.0,PS,0.5,15000.0,0.006654348785329162
8.0,12.446659545769569,1.0,PS,0.5,15000.0,0.006545924671313499
8.0,13.120160998797505,1.0,PS,0.5,15000.0,0.006425026222445871
8.0,13.830106302929654,1.0,PS,0.5,15000.0,0.006293317953751958
8.0,14.578467472149546,1.0,PS,0.5,15000.0,0.006152334866730672
8.0,15.367323228130308,1.0,PS,0.5,15000.0,0.006003550450657532
8.0,16.198864774296695,1.0,PS,0.5,15000.0,0.005848345077477551
8.0,17.07540188232742,1.0,PS,0.5,15000.0,0.005688013363327221
8.0,17.999369308004486,1.0,PS,0.5,15000.0,0.0055236964310035035
8.0,18.973333554230518,1.0,PS,0.5,15000.0,0.005356504314262344
8.0,20.000000000000004,1.0,PS,0.5,15000.0,0.005187425216529539
8.0,3.0,1.0,PS,1.0,8000.0,0.003105790200216832
8.0,3.1623330622689494,1.0,PS,1.0,8000.0,0.003594644508595687
8.0,3.33345013223977,1.0,PS,1.0,8000.0,0.004097315295211469
8.0,3.5138265215355418,1.0,PS,1.0,8000.0,0.004605736752683188
8.0,3.703963261376446,1.0,PS,1.0,8000.0,0.005111971905680639
8.0,3.9043884942934204,1.0,PS,1.0,8000.0,0.005608526493657739
8.0,4.1156589411488556,1.0,PS,1.0,8000.0,0.006088560594470707
8.0,4.338361447539279,1.0,PS,1.0,8000.0,0.006545957073227781
8.0,4.573114613875481,1.0,PS,1.0,8000.0,0.0069755718636466835
8.0,4.820570513667911,1.0,PS,1.0,8000.0,0.0073730221251853915
8.0,5.0814165047902815,1.0,PS,1.0,8000.0,0.00773503040520491
8.0,5.356377138752477,1.0,PS,1.0,8000.0,0.008059149556978094
8.0,5.389452332657201,1.0,PS,1.0,8000.0,0.008094471615671745
8.0,5.646216173286171,1.0,PS,1.0,8000.0,0.008343774084902136
8.0,5.9517386938335095,1.0,PS,1.0,8000.0,0.008588085988174225
8.0,6.273793349831704,1.0,PS,1.0,8000.0,0.008791923351851498
8.0,6.613274712005288,1.0,PS,1.0,8000.0,0.008955824981284695
8.0,6.971125757213828,1.0,PS,1.0,8000.0,0.009080686976740549
8.0,7.3483404877573175,1.0,PS,1.0,8000.0,0.009168046474682825
8.0,7.745966692414836,1.0,PS,1.0,8000.0,0.009219517172234782
8.0,8.165108856885828,1.0,PS,1.0,8000.0,0.009237134986870517
8.0,8.606931231718361,1.0,PS,1.0,8000.0,0.009223174017908753
8.0,9.072661066246061,1.0,PS,1.0,8000.0,0.00917991455693924
8.0,9.563592017516726,1.0,PS,1.0,8000.0,0.009109768133700794
8.0,10.081087743681516,1.0,PS,1.0,8000.0,0.00901521092106991
8.0,10.626585691826111,1.0,PS,1.0,8000.0,0.008898646897460885
8.0,11.20160109076529,1.0,PS,1.0,8000.0,0.008762414916103817
8.0,11.807731159891665,1.0,PS,1.0,8000.0,0.008608896744425847
8.0,12.446659545769569,1.0,PS,1.0,8000.0,0.008440253473383343
8.0,13.120160998797505,1.0,PS,1.0,8000.0,0.008258620312694387
8.0,13.830106302929654,1.0,PS,1.0,8000.0,0.008066004579224968
8.0,14.578467472149546,1.0,PS,1.0,8000.0,0.007864248819962486
8.0,15.367323228130308,1.0,PS,1.0,8000.0,0.007655094860218445
8.0,16.198864774296695,1.0,PS,1.0,8000.0,0.0074401544486137495
8.0,17.07540188232742,1.0,PS,1.0,8000.0,0.007220918084033791
8.0,17.999369308004486,1.0,PS,1.0,8000.0,0.006998686856079494
8.0,18.973333554230518,1.0,PS,1.0,8000.0,0.00677471186754006
8.0,20.000000000000004,1.0,PS,1.0,8000.0,0.006550098949384501
8.0,3.0,1.0,PS,1.0,10000.0,0.002570026610523382
8.0,3.1623330622689494,1.0,PS,1.0,10000.0,0.003000334667546502
8.0,3.33345013223977,1.0,PS,1.0,10000.0,0.003447133861759225
8.0,3.5138265215355418,1.0,PS,1.0,10000.0,0.0039032621876887623
8.0,3.703963261376446,1.0,PS,1.0,10000.0,0.004361513234050634
8.0,3.9043884942934204,1.0,PS,1.0,10000.0,0.004814934612959227
8.0,4.1156589411488556,1.0,PS,1.0,10000.0,0.005257053351814221
8.0,4.338361447539279,1.0,PS,1.0,10000.0,0.005681964012526961
8.0,4.573114613875481,1.0,PS,1.0,10000.0,0.006084584234089014
8.0,4.820570513667911,1.0,PS,1.0,10000.0,0.00646048320491236
8.0,5.0814165047902815,1.0,PS,1.0,10000.0,0.006806222010056421
8.0,5.356377138752477,1.0,PS,1.0,10000.0,0.00711912333827208
8.0,5.389452332657201,1.0,PS,1.0,10000.0,0.007153450566218019
8.0,5.646216173286171,1.0,PS,1.0,10000.0,0.00739728779249754
8.0,5.9517386938335095,1.0,PS,1.0,10000.0,0.007639555563072469
8.0,6.273793349831704,1.0,PS,1.0,10000.0,0.007845410533752194
8.0,6.613274712005288,1.0,PS,1.0,10000.0,0.008015007024659184
8.0,6.971125757213828,1.0,PS,1.0,10000.0,0.008148869428414056
8.0,7.3483404877573175,1.0,PS,1.0,10000.0,0.008248151376068906
8.0,7.745966692414836,1.0,PS,1.0,10000.0,0.00831410797390954
8.0,8.165108856885828,1.0,PS,1.0,10000.0,0.008348426273772004
8.0,8.606931231718361,1.0,PS,1.0,10000.0,0.008353053086349569
8.0,9.072661066246061,1.0,PS,1.0,10000.0,0.008329964349126216
8.0,9.563592017516726,1.0,PS,1.0,10000.0,0.008281285932080447
8.0,10.081087743681516,1.0,PS,1.0,10000.0,0.00820923549965837
8.0,10.626585691826111,1.0,PS,1.0,10000.0,0.008115983621828438
8.0,11.20160109076529,1.0,PS,1.0,10000.0,0.008003656581259408
8.0,11.807731159891665,1.0,PS,1.0,10000.0,0.007874445713079084
8.0,12.446659545769569,1.0,PS,1.0,10000.0,0.007730347132531953
8.0,13.120160998797505,1.0,PS,1.0,10000.0,0.00757334093277743
8.0,13.830106302929654,1.0,PS,1.0,10000.0,0.007405308573010228
8.0,14.578467472149546,1.0,PS,1.0,10000.0,0.007227978788664889
8.0,15.367323228130308,1.0,PS,1.0,10000.0,0.007042995264766629
8.0,16.198864774296695,1.0,PS,1.0,10000.0,0.006851885754301795
8.0,17.07540188232742,1.0,PS,1.0,10000.0,0.006656070396165823
8.0,17.999369308004486,1.0,PS,1.0,10000.0,0.006456793296845731
8.0,18.973333554230518,1.0,PS,1.0,10000.0,0.006255256212876796
8.0,20.000000000000004,1.0,PS,1.0,10000.0,0.006052524265895088
8.0,3.0,1.0,PS,1.0,15000.0,0.0018166625856214686
8.0,3.1623330622689494,1.0,PS,1.0,15000.0,0.002154602477489424
8.0,3.33345013223977,1.0,PS,1.0,15000.0,0.0025116620128208924
8.0,3.5138265215355418,1.0,PS,1.0,15000.0,0.002882255896685701
8.0,3.703963261376446,1.0,PS,1.0,15000.0,0.003260514726908505
8.0,3.9043884942934204,1.0,PS,1.0,15000.0,0.0036405518829747533
8.0,4.1156589411488556,1.0,PS,1.0,15000.0,0.004016687553727634
8.0,4.338361447539279,1.0,PS,1.0,15000.0,0.004383563175713046
8.0,4.573114613875481,1.0,PS,1.0,15000.0,0.0047363925374758805
8.0,4.820570513667911,1.0,PS,1.0,15000.0,0.0050708524949582305
8.0,5.0814165047902815,1.0,PS,1.0,15000.0,0.0053834111372293774
8.0,5.356377138752477,1.0,PS,1.0,15000.0,0.005671160729274929
8.0,5.389452332657201,1.0,PS,1.0,15000.0,0.005703057150570913
8.0,5.646216173286171,1.0,PS,1.0,15000.0,0.005931857337812115
8.0,5.9517386938335095,1.0,PS,1.0,15000.0,0.00616389233106565
8.0,6.273793349831704,1.0,PS,1.0,15000.0,0.006366262359182421
8.0,6.613274712005288,1.0,PS,1.0,15000.0,0.006538566809038956
8.0,6.971125757213828,1.0,PS,1.0,15000.0,0.006680780692865784
8.0,7.3483404877573175,1.0,PS,1.0,15000.0,0.006793472555346929
8.0,7.745966692414836,1.0,PS,1.0,15000.0,0.006877344595105592
8.0,8.165108856885828,1.0,PS,1.0,15000.0,0.0069335324087888015
8.0,8.606931231718361,1.0,PS,1.0,15000.0,0.006963457526477197
8.0,9.072661066246061,1.0,PS,1.0,15000.0,0.0069686022104455715
8.0,9.563592017516726,1.0,PS,1.0,15000.0,0.006950624152031433
8.0,10.081087743681516,1.0,PS,1.0,15000.0,0.006911310723616834
8.0,10.626585691826111,1.0,PS,1.0,15000.0,0.006852439702373771
8.0,11.20160109076529,1.0,PS,1.0,15000.0,0.0067757779921894835
8.0,11.807731159891665,1.0,PS,1.0,15000.0,0.006683188459381676
8.0,12.446659545769569,1.0,PS,1.0,15000.0,0.0065763821417427195
8.0,13.120160998797505,1.0,PS,1.0,15000.0,0.006457069638632007
8.0,13.830106302929654,1.0,PS,1.0,15000.0,0.006326906842647969
8.0,14.578467472149546,1.0,PS,1.0,15000.0,0.0061874201908723595
8.0,15.367323228130308,1.0,PS,1.0,15000.0,0.006040075885718941
8.0,16.198864774296695,1.0,PS,1.0,15000.0,0.005886247846712947
8.0,17.07540188232742,1.0,PS,1.0,15000.0,0.0057272252225872376
8.0,17.999369308004486,1.0,PS,1.0,15000.0,0.005564143916304461
8.0,18.973333554230518,1.0,PS,1.0,15000.0,0.005398110424267191
8.0,20.000000000000004,1.0,PS,1.0,15000.0,0.005230110002118522
8.0,3.0,1.0,PS,2.0,8000.0,0.003107678538876262
8.0,3.1623330622689494,1.0,PS,2.0,8000.0,0.003596882413809508
8.0,3.33345013223977,1.0,PS,2.0,8000.0,0.0040999350619439065
8.0,3.5138265215355418,1.0,PS,2.0,8000.0,0.004608770459315715
8.0,3.703963261376446,1.0,PS,2.0,8000.0,0.00511545156075492
8.0,3.9043884942934204,1.0,PS,2.0,8000.0,0.005612484299203239
8.0,4.1156589411488556,1.0,PS,2.0,8000.0,0.006093029229110791
8.0,4.338361447539279,1.0,PS,2.0,8000.0,0.006550969928534826
8.0,4.573114613875481,1.0,PS,2.0,8000.0,0.00698116334319712
8.0,4.820570513667911,1.0,PS,2.0,8000.0,0.007379227688055374
8.0,5.0814165047902815,1.0,PS,2.0,8000.0,0.007741886768177369
8.0,5.356377138752477,1.0,PS,2.0,8000.0,0.008066694571520828
8.0,5.389452332657201,1.0,PS,2.0,8000.0,0.008102099600593103
8.0,5.646216173286171,1.0,PS,2.0,8000.0,0.008352046594998023
8.0,5.9517386938335095,1.0,PS,2.0,8000.0,0.008597125525268841
8.0,6.273793349831704,1.0,PS,2.0,8000.0,0.008801769684428959
8.0,6.613274712005288,1.0,PS,2.0,8000.0,0.008966517681158316
8.0,6.971125757213828,1.0,PS,2.0,8000.0,0.009092264674095362
8.0,7.3483404877573175,1.0,PS,2.0,8000.0,0.009180546453631552
8.0,7.745966692414836,1.0,PS,2.0,8000.0,0.009232974327107634
8.0,8.165108856885828,1.0,PS,2.0,8000.0,0.009251581341692808
8.0,8.606931231718361,1.0,PS,2.0,8000.0,0.009238638229501666
8.0,9.072661066246061,1.0,PS,2.0,8000.0,0.009196421050220177
8.0,9.563592017516726,1.0,PS,2.0,8000.0,0.009127336644040977
8.0,10.081087743681516,1.0,PS,2.0,8000.0,0.009033856321552363
8.0,10.626585691826111,1.0,PS,2.0,8000.0,0.008918378574175432
8.0,11.20160109076529,1.0,PS,2.0,8000.0,0.00878323653637931
8.0,11.807731159891665,1.0,PS,2.0,8000.0,0.008630806392035341
8.0,12.446659545769569,1.0,PS,2.0,8000.0,0.008463243467980238
8.0,13.120160998797505,1.0,PS,2.0,8000.0,0.008282677321995497
8.0,13.830106302929654,1.0,PS,2.0,8000.0,0.008091109973864197
8.0,14.578467472149546,1.0,PS,2.0,8000.0,0.007890378595657454
8.0,15.367323228130308,1.0,PS,2.0,8000.0,0.007682220250436497
8.0,16.198864774296695,1.0,PS,2.0,8000.0,0.0074682423026576844
8.0,17.07540188232742,1.0,PS,2.0,8000.0,0.007249931341247512
8.0,17.999369308004486,1.0,PS,2.0,8000.0,0.007028584612715533
8.0,18.973333554230518,1.0,PS,2.0,8000.0,0.006805450348834729
8.0,20.000000000000004,1.0,PS,2.0,8000.0,0.006581631847918125
8.0,3.0,1.0,PS,2.0,10000.0,0.00257093894980565
8.0,3.1623330622689494,1.0,PS,2.0,10000.0,0.0030014472434331755
8.0,3.33345013223977,1.0,PS,2.0,10000.0,0.0034484732314562943
8.0,3.5138265215355418,1.0,PS,2.0,10000.0,0.0039048563413260156
8.0,3.703963261376446,1.0,PS,2.0,10000.0,0.0043633916907675424
8.0,3.9043884942934204,1.0,PS,2.0,10000.0,0.004817128565542659
8.0,4.1156589411488556,1.0,PS,2.0,10000.0,0.0052595958157026865
8.0,4.338361447539279,1.0,PS,2.0,10000.0,0.005684889922867473
8.0,4.573114613875481,1.0,PS,2.0,10000.0,0.006087930567609863
8.0,4.820570513667911,1.0,PS,2.0,10000.0,0.006464288892030274
8.0,5.0814165047902815,1.0,PS,2.0,10000.0,0.00681052794861748
8.0,5.356377138752477,1.0,PS,2.0,10000.0,0.007123972152585326
8.0,5.389452332657201,1.0,PS,2.0,10000.0,0.0071583656526042335
8.0,5.646216173286171,1.0,PS,2.0,10000.0,0.007402723546410143
8.0,5.9517386938335095,1.0,PS,2.0,10000.0,0.0076456233183068946
8.0,6.273793349831704,1.0,PS,2.0,10000.0,0.007852155838231073
8.0,6.613274712005288,1.0,PS,2.0,10000.0,0.008022475337790437
8.0,6.971125757213828,1.0,PS,2.0,10000.0,0.008157105352321668
8.0,7.3483404877573175,1.0,PS,2.0,10000.0,0.008257198130181189
8.0,7.745966692414836,1.0,PS,2.0,10000.0,0.008324006344984447
8.0,8.165108856885828,1.0,PS,2.0,10000.0,0.008359214070367792
8.0,8.606931231718361,1.0,PS,2.0,10000.0,0.008364764615650373
8.0,9.072661066246061,1.0,PS,2.0,10000.0,0.00834262953131511
8.0,9.563592017516726,1.0,PS,2.0,10000.0,0.008294929803846234
8.0,10.081087743681516,1.0,PS,2.0,10000.0,0.008223878042959378
8.0,10.626585691826111,1.0,PS,2.0,10000.0,0.008131639138736487
8.0,11.20160109076529,1.0,PS,2.0,10000.0,0.008020333447092137
8.0,11.807731159891665,1.0,PS,2.0,10000.0,0.007892146510490843
8.0,12.446659545769569,1.0,PS,2.0,10000.0,0.00774906849747119
8.0,13.120160998797505,1.0,PS,2.0,10000.0,0.007593073612138585
8.0,13.830106302929654,1.0,PS,2.0,10000.0,0.007426037850197265
8.0,14.578467472149546,1.0,PS,2.0,10000.0,0.007249684382299548
8.0,15.367323228130308,1.0,PS,2.0,10000.0,0.007065651949468388
8.0,16.198864774296695,1.0,PS,2.0,10000.0,0.006875463745932398
8.0,17.07540188232742,1.0,PS,2.0,10000.0,0.006680535840092777
8.0,17.999369308004486,1.0,PS,2.0,10000.0,0.006482108358940105
8.0,18.973333554230518,1.0,PS,2.0,10000.0,0.006281380039683152
8.0,20.000000000000004,1.0,PS,2.0,10000.0,0.006079413324560668
8.0,3.0,1.0,PS,2.0,15000.0,0.0018172033165519568
8.0,3.1623330622689494,1.0,PS,2.0,15000.0,0.0021552814461943334
8.0,3.33345013223977,1.0,PS,2.0,15000.0,0.002512502571231451
8.0,3.5138265215355418,1.0,PS,2.0,15000.0,0.002883283517375249
8.0,3.703963261376446,1.0,PS,2.0,15000.0,0.003261757099632261
8.0,3.9043884942934204,1.0,PS,2.0,15000.0,0.0036420390312868075
8.0,4.1156589411488556,1.0,PS,2.0,15000.0,0.004018451939838832
8.0,4.338361447539279,1.0,PS,2.0,15000.0,0.004385639750713484
8.0,4.573114613875481,1.0,PS,2.0,15000.0,0.004738818793529931
8.0,4.820570513667911,1.0,PS,2.0,15000.0,0.005073668326801972
8.0,5.0814165047902815,1.0,PS,2.0,15000.0,0.0053866587765085665
8.0,5.356377138752477,1.0,PS,2.0,15000.0,0.0056748844478010756
8.0,5.389452332657201,1.0,PS,2.0,15000.0,0.0057068394569243595
8.0,5.646216173286171,1.0,PS,2.0,15000.0,0.005936103103034267
8.0,5.9517386938335095,1.0,PS,2.0,15000.0,0.00616870729746289
8.0,6.273793349831704,1.0,PS,2.0,15000.0,0.006371694327277771
8.0,6.613274712005288,1.0,PS,2.0,15000.0,0.006544663584164252
8.0,6.971125757213828,1.0,PS,2.0,15000.0,0.006687589302590882
8.0,7.3483404877573175,1.0,PS,2.0,15000.0,0.006801038664227375
8.0,7.745966692414836,1.0,PS,2.0,15000.0,0.006885711451532681
8.0,8.165108856885828,1.0,PS,2.0,15000.0,0.006942740262809221
8.0,8.606931231718361,1.0,PS,2.0,15000.0,0.006973543090603954
8.0,9.072661066246061,1.0,PS,2.0,15000.0,0.006979597762494489
8.0,9.563592017516726,1.0,PS,2.0,15000.0,0.0069625570188533055
8.0,10.081087743681516,1.0,PS,2.0,15000.0,0.006924203105260226
8.0,10.626585691826111,1.0,PS,2.0,15000.0,0.006866308043773366
8.0,11.20160109076529,1.0,PS,2.0,15000.0,0.006790632729548077
8.0,11.807731159891665,1.0,PS,2.0,15000.0,0.006699034146700596
8.0,12.446659545769569,1.0,PS,2.0,15000.0,0.006593217310691323
8.0,13.120160998797505,1.0,PS,2.0,15000.0,0.006474886830586084
8.0,13.830106302929654,1.0,PS,2.0,15000.0,0.006345693057955779
8.0,14.578467472149546,1.0,PS,2.0,15000.0,0.006207156781592377
8.0,15.367323228130308,1.0,PS,2.0,15000.0,0.006060739176749206
8.0,16.198864774296695,1.0,PS,2.0,15000.0,0.005907809523117233
8.0,17.07540188232742,1.0,PS,2.0,15000.0,0.005749652822896327
8.0,17.999369308004486,1.0,PS,2.0,15000.0,0.0055874009337608214
8.0,18.973333554230518,1.0,PS,2.0,15000.0,0.005422157259957251
8.0,20.000000000000004,1.0,PS,2.0,15000.0,0.005254904305814463
8.0,3.0,1.2,ST,0.5,8000.0,0.007131059424658318
8.0,3.1623330622689494,1.2,ST,0.5,8000.0,0.007735121961907258
8.0,3.33345013223977,1.2,ST,0.5,8000.0,0.008308933296175774
8.0,3.5138265215355418,1.2,ST,0.5,8000.0,0.008846019748190197
8.0,3.703963261376446,1.2,ST,0.5,8000.0,0.009341081595005523
8.0,3.9043884942934204,1.2,ST,0.5,8000.0,0.009790045562718704
8.0,4.1156589411488556,1.2,ST,0.5,8000.0,0.010190013955625538
8.0,4.338361447539279,1.2,ST,0.5,8000.0,0.010539094938821035
8.0,4.573114613875481,1.2,ST,0.5,8000.0,0.01083647775200895
8.0,4.820570513667911,1.2,ST,0.5,8000.0,0.011082047205037726
8.0,5.0814165047902815,1.2,ST,0.5,8000.0,0.011276626012869256
8.0,5.356377138752477,1.2,ST,0.5,8000.0,0.01142159904442932
8.0,5.389452332657201,1.2,ST,0.5,8000.0,0.011435394283320147
8.0,5.646216173286171,1.2,ST,0.5,8000.0,0.011518871030478148
8.0,5.9517386938335095,1.2,ST,0.5,8000.0,0.011570778736769701
8.0,6.273793349831704,1.2,ST,0.5,8000.0,0.011579946832845961
8.0,6.613274712005288,1.2,ST,0.5,8000.0,0.011549321901387476
8.0,6.971125757213828,1.2,ST,0.5,8000.0,0.011481865147126595
8.0,7.3483404877573175,1.2,ST,0.5,8000.0,0.011380813498283413
8.0,7.745966692414836,1.2,ST,0.5,8000.0,0.011249203058849822
8.0,8.165108856885828,1.2,ST,0.5,8000.0,0.011090185751635343
8.0,8.606931231718361,1.2,ST,0.5,8000.0,0.010906884856589067
8.0,9.072661066246061,1.2,ST,0.5,8000.0,0.010702225660570882
8.0,9.563592017516726,1.2,ST,0.5,8000.0,0.010479058817166544
8.0,10.081087743681516,1.2,ST,0.5,8000.0,0.010240118878936985
8.0,10.626585691826111,1.2,ST,0.5,8000.0,0.009987938008173674
8.0,11.20160109076529,1.2,ST,0.5,8000.0,0.00972486714146096
8.0,11.807731159891665,1.2,ST,0.5,8000.0,0.009453174799115957
8.0,12.446659545769569,1.2,ST,0.5,8000.0,0.009174854798145926
8.0,13.120160998797505,1.2,ST,0.5,8000.0,0.008891794705323718
8.0,13.830106302929654,1.2,ST,0.5,8000.0,0.008605703547911271
8.0,14.578467472149546,1.2,ST,0.5,8000.0,0.008318099971015703
8.0,15.367323228130308,1.2,ST,0.5,8000.0,0.00803036610536835
8.0,16.198864774296695,1.2,ST,0.5,8000.0,0.007743736142586672
8.0,17.07540188232742,1.2,ST,0.5,8000.0,0.007459310412551336
8.0,17.999369308004486,1.2,ST,0.5,8000.0,0.007178013425423958
8.0,18.973333554230518,1.2,ST,0.5,8000.0,0.006900699839635182
8.0,20.000000000000004,1.2,ST,0.5,8000.0,0.006628091889884014
8.0,3.0,1.2,ST,0.5,10000.0,0.006307576117726857
8.0,3.1623330622689494,1.2,ST,0.5,10000.0,0.006877226327721664
8.0,3.33345013223977,1.2,ST,0.5,10000.0,0.007422489646282559
8.0,3.5138265215355418,1.2,ST,0.5,10000.0,0.007936832853975782
8.0,3.703963261376446,1.2,ST,0.5,10000.0,0.008414787766407405
8.0,3.9043884942934204,1.2,ST,0.5,10000.0,0.008852015216795486
8.0,4.1156589411488556,1.2,ST,0.5,10000.0,0.009245286711435197
8.0,4.338361447539279,1.2,ST,0.5,10000.0,0.009592337199493997
8.0,4.573114613875481,1.2,ST,0.5,10000.0,0.00989195048382673
8.0,4.820570513667911,1.2,ST,0.5,10000.0,0.010143598246730771
8.0,5.0814165047902815,1.2,ST,0.5,10000.0,0.010347681861505231
8.0,5.356377138752477,1.2,ST,0.5,10000.0,0.010505180585170647
8.0,5.389452332657201,1.2,ST,0.5,10000.0,0.010520617277481199
8.0,5.646216173286171,1.2,ST,0.5,10000.0,0.010617604055994333
8.0,5.9517386938335095,1.2,ST,0.5,10000.0,0.01068690918637885
8.0,6.273793349831704,1.2,ST,0.5,10000.0,0.010715377414871725
8.0,6.613274712005288,1.2,ST,0.5,10000.0,0.010705625403912249
8.0,6.971125757213828,1.2,ST,0.5,10000.0,0.01066032201602006
8.0,7.3483404877573175,1.2,ST,0.5,10000.0,0.010582429481610924
8.0,7.745966692414836,1.2,ST,0.5,10000.0,0.01047474116699486
8.0,8.165108856885828,1.2,ST,0.5,10000.0,0.01034019022524929
8.0,8.606931231718361,1.2,ST,0.5,10000.0,0.010181708056487918
8.0,9.072661066246061,1.2,ST,0.5,10000.0,0.010002048983868868
8.0,9.563592017516726,1.2,ST,0.5,10000.0,0.009803911490895727
8.0,10.081087743681516,1.2,ST,0.5,10000.0,0.009589901166622446
8.0,10.626585691826111,1.2,ST,0.5,10000.0,0.00936243910302914
8.0,11.20160109076529,1.2,ST,0.5,10000.0,0.00912377931957152
8.0,11.807731159891665,1.2,ST,0.5,10000.0,0.008876110135552262
8.0,12.446659545769569,1.2,ST,0.5,10000.0,0.008621359599712062
8.0,13.120160998797505,1.2,ST,0.5,10000.0,0.008361354884285544
8.0,13.830106302929654,1.2,ST,0.5,10000.0,0.0080977635181174
8.0,14.578467472149546,1.2,ST,0.5,10000.0,0.007832067427166791
8.0,15.367323228130308,1.2,ST,0.5,10000.0,0.007565620783992223
8.0,16.198864774296695,1.2,ST,0.5,10000.0,0.00729963700460716
8.0,17.07540188232742,1.2,ST,0.5,10000.0,0.007035202653454298
8.0,17.999369308004486,1.2,ST,0.5,10000.0,0.006773234444291199
8.0,18.973333554230518,1.2,ST,0.5,10000.0,0.006514582914118331
8.0,20.000000000000004,1.2,ST,0.5,10000.0,0.006259969414710439
8.0,3.0,1.2,ST,0.5,15000.0,0.005040150175654085
8.0,3.1623330622689494,1.2,ST,0.5,15000.0,0.005547308200584172
8.0,3.33345013223977,1.2,ST,0.5,15000.0,0.0060391719128751785
8.0,3.5138265215355418,1.2,ST,0.5,15000.0,0.0065093047152994235
8.0,3.703963261376446,1.2,ST,0.5,15000.0,0.006952129294280961
8.0,3.9043884942934204,1.2,ST,0.5,15000.0,0.007363019348926127
8.0,4.1156589411488556,1.2,ST,0.5,15000.0,0.007738322937813437
8.0,4.338361447539279,1.2,ST,0.5,15000.0,0.00807526155793858
8.0,4.573114613875481,1.2,ST,0.5,15000.0,0.008372028535980562
8.0,4.820570513667911,1.2,ST,0.5,15000.0,0.008627475200153322
8.0,5.0814165047902815,1.2,ST,0.5,15000.0,0.008841352136797964
8.0,5.356377138752477,1.2,ST,0.5,15000.0,0.009013992974841263
8.0,5.389452332657201,1.2,ST,0.5,15000.0,0.009031517420534757
8.0,5.646216173286171,1.2,ST,0.5,15000.0,0.009146276816633
8.0,5.9517386938335095,1.2,ST,0.5,15000.0,0.009239537815767751
8.0,6.273793349831704,1.2,ST,0.5,15000.0,0.00929549022367156
8.0,6.613274712005288,1.2,ST,0.5,15000.0,0.009316197433480871
8.0,6.971125757213828,1.2,ST,0.5,15000.0,0.009303834088765372
8.0,7.3483404877573175,1.2,ST,0.5,15000.0,0.009260891622611626
8.0,7.745966692414836,1.2,ST,0.5,15000.0,0.009189746226128283
8.0,8.165108856885828,1.2,ST,0.5,15000.0,0.00909294892028551
8.0,8.606931231718361,1.2,ST,0.5,15000.0,0.008973093003921814
8.0,9.072661066246061,1.2,ST,0.5,15000.0,0.008832629494759409
8.0,9.563592017516726,1.2,ST,0.5,15000.0,0.008673985479432794
8.0,10.081087743681516,1.2,ST,0.5,15000.0,0.0084995329554202
8.0,10.626585691826111,1.2,ST,0.5,15000.0,0.008311489505151641
8.0,11.20160109076529,1.2,ST,0.5,15000.0,0.008111931310729705
8.0,11.807731159891665,1.2,ST,0.5,15000.0,0.007902895286772486
8.0,12.446659545769569,1.2,ST,0.5,15000.0,0.0076861851561920705
8.0,13.120160998797505,1.2,ST,0.5,15000.0,0.00746351350931606
8.0,13.830106302929654,1.2,ST,0.5,15000.0,0.00723646350135042
8.0,14.578467472149546,1.2,ST,0.5,15000.0,0.007006443959305458
8.0,15.367323228130308,1.2,ST,0.5,15000.0,0.0067747507536855475
8.0,16.198864774296695,1.2,ST,0.5,15000.0,0.006542551909636254
8.0,17.07540188232742,1.2,ST,0.5,15000.0,0.006310901183328687
8.0,17.999369308004486,1.2,ST,0.5,15000.0,0.006080693223212505
8.0,18.973333554230518,1.2,ST,0.5,15000.0,0.005852763317247233
8.0,20.000000000000004,1.2,ST,0.5,15000.0,0.005627823883152263
8.0,3.0,1.2,ST,1.0,8000.0,0.0071397211773036205
8.0,3.1623330622689494,1.2,ST,1.0,8000.0,0.007745161480738416
8.0,3.33345013223977,1.2,ST,1.0,8000.0,0.008320526672448234
8.0,3.5138265215355418,1.2,ST,1.0,8000.0,0.008859361802344689
8.0,3.703963261376446,1.2,ST,1.0,8000.0,0.009356384569897897
8.0,3.9043884942934204,1.2,ST,1.0,8000.0,0.009807536845825745
8.0,4.1156589411488556,1.2,ST,1.0,8000.0,0.010209932565827702
8.0,4.338361447539279,1.2,ST,1.0,8000.0,0.010561686864141696
8.0,4.573114613875481,1.2,ST,1.0,8000.0,0.010861990874602448
8.0,4.820570513667911,1.2,ST,1.0,8000.0,0.011110724892177763
8.0,5.0814165047902815,1.2,ST,1.0,8000.0,0.011308701570715146
8.0,5.356377138752477,1.2,ST,1.0,8000.0,0.011457289342189148
8.0,5.389452332657201,1.2,ST,1.0,8000.0,0.011471520039593274
8.0,5.646216173286171,1.2,ST,1.0,8000.0,0.011558371099296917
8.0,5.9517386938335095,1.2,ST,1.0,8000.0,0.011614256387616541
8.0,6.273793349831704,1.2,ST,1.0,8000.0,0.011627538618873915
8.0,6.613274712005288,1.2,ST,1.0,8000.0,0.011601129812816583
8.0,6.971125757213828,1.2,ST,1.0,8000.0,0.011537954054414637
8.0,7.3483404877573175,1.2,ST,1.0,8000.0,0.01144121082947243
8.0,7.745966692414836,1.2,ST,1.0,8000.0,0.011313897017447288
8.0,8.165108856885828,1.2,ST,1.0,8000.0,0.011159126946993971
8.0,8.606931231718361,1.2,ST,1.0,8000.0,0.010979988744895553
8.0,9.072661066246061,1.2,ST,1.0,8000.0,0.010779373518945808
8.0,9.563592017516726,1.2,ST,1.0,8000.0,0.010560100726448618
8.0,10.081087743681516,1.2,ST,1.0,8000.0,0.01032487844029618
8.0,10.626585691826111,1.2,ST,1.0,8000.0,0.010076214458267499
8.0,11.20160109076529,1.2,ST,1.0,8000.0,0.00981643905498674
8.0,11.807731159891665,1.2,ST,1.0,8000.0,0.009547804806492106
8.0,12.446659545769569,1.2,ST,1.0,8000.0,0.00927229291336768
8.0,13.120160998797505,1.2,ST,1.0,8000.0,0.008991781561737229
8.0,13.830106302929654,1.2,ST,1.0,8000.0,0.008707974710430178
8.0,14.578467472149546,1.2,ST,1.0,8000.0,0.008422387677004702
8.0,15.367323228130308,1.2,ST,1.0,8000.0,0.008136403224308966
8.0,16.198864774296695,1.2,ST,1.0,8000.0,0.007851258642336352
8.0,17.07540188232742,1.2,ST,1.0,8000.0,0.007568059689319272
8.0,17.999369308004486,1.2,ST,1.0,8000.0,0.007287737002332325
8.0,18.973333554230518,1.2,ST,1.0,8000.0,0.0070111545426013895
8.0,20.000000000000004,1.2,ST,1.0,8000.0,0.006739044648100574
8.0,3.0,1.2,ST,1.0,10000.0,0.00631326794562816
8.0,3.1623330622689494,1.2,ST,1.0,10000.0,0.006884048869349504
8.0,3.33345013223977,1.2,ST,1.0,10000.0,0.007430625034492641
8.0,3.5138265215355418,1.2,ST,1.0,10000.0,0.007946483330154252
8.0,3.703963261376446,1.2,ST,1.0,10000.0,0.008426174101061593
8.0,3.9043884942934204,1.2,ST,1.0,10000.0,0.008865374127915996
8.0,4.1156589411488556,1.2,ST,1.0,10000.0,0.009260867115040877
8.0,4.338361447539279,1.2,ST,1.0,10000.0,0.009610395350334358
8.0,4.573114613875481,1.2,ST,1.0,10000.0,0.00991274470189339
8.0,4.820570513667911,1.2,ST,1.0,10000.0,0.010167382384696855
8.0,5.0814165047902815,1.2,ST,1.0,10000.0,0.01037469960133721
8.0,5.356377138752477,1.2,ST,1.0,10000.0,0.010535659006005019
8.0,5.389452332657201,1.2,ST,1.0,10000.0,0.010551513812248167
8.0,5.646216173286171,1.2,ST,1.0,10000.0,0.010651748131531105
8.0,5.9517386938335095,1.2,ST,1.0,10000.0,0.010724896316257466
8.0,6.273793349831704,1.2,ST,1.0,10000.0,0.010757353422870222
8.0,6.613274712005288,1.2,ST,1.0,10000.0,0.010751701129871352
8.0,6.971125757213828,1.2,ST,1.0,10000.0,0.01071057081244094
8.0,7.3483404877573175,1.2,ST,1.0,10000.0,0.010636886822300783
8.0,7.745966692414836,1.2,ST,1.0,10000.0,0.010533402901155514
8.0,8.165108856885828,1.2,ST,1.0,10000.0,0.010403014203424404
8.0,8.606931231718361,1.2,ST,1.0,10000.0,0.010248616603012236
8.0,9.072661066246061,1.2,ST,1.0,10000.0,0.010072929870402309
8.0,9.563592017516726,1.2,ST,1.0,10000.0,0.009878620912502958
8.0,10.081087743681516,1.2,ST,1.0,10000.0,0.00966826850752655
8.0,10.626585691826111,1.2,ST,1.0,10000.0,0.00944426907203518
8.0,11.20160109076529,1.2,ST,1.0,10000.0,0.009208855650352194
8.0,11.807731159891665,1.2,ST,1.0,10000.0,0.008964200344772697
8.0,12.446659545769569,1.2,ST,1.0,10000.0,0.008712218349077596
8.0,13.120160998797505,1.2,ST,1.0,10000.0,0.00845472715937847
8.0,13.830106302929654,1.2,ST,1.0,10000.0,0.008193389059161928
8.0,14.578467472149546,1.2,ST,1.0,10000.0,0.007929682432925514
8.0,15.367323228130308,1.2,ST,1.0,10000.0,0.007664961895119091
8.0,16.198864774296695,1.2,ST,1.0,10000.0,0.007400443785033733
8.0,17.07540188232742,1.2,ST,1.0,10000.0,0.007137219946210837
8.0,17.999369308004486,1.2,ST,1.0,10000.0,0.006876213094081494
8.0,18.973333554230518,1.2,ST,1.0,10000.0,0.006618282941706375
8.0,20.000000000000004,1.2,ST,1.0,10000.0,0.006364160814517526
8.0,3.0,1.2,ST,1.0,15000.0,0.005044602670376403
8.0,3.1623330622689494,1.2,ST,1.0,15000.0,0.005552778471263633
8.0,3.33345013223977,1.2,ST,1.0,15000.0,0.006045843856350575
8.0,3.5138265215355418,1.2,ST,1.0,15000.0,0.006517383060777736
8.0,3.703963261376446,1.2,ST,1.0,15000.0,0.006961837897967024
8.0,3.9043884942934204,1.2,ST,1.0,15000.0,0.007374598480130262
8.0,4.1156589411488556,1.2,ST,1.0,15000.0,0.007752025412100119
8.0,4.338361447539279,1.2,ST,1.0,15000.0,0.008091347785887323
8.0,4.573114613875481,1.2,ST,1.0,15000.0,0.008390761149164077
8.0,4.820570513667911,1.2,ST,1.0,15000.0,0.008649112456858135
8.0,5.0814165047902815,1.2,ST,1.0,15000.0,0.008866142139347442
8.0,5.356377138752477,1.2,ST,1.0,15000.0,0.009042167194393626
8.0,5.389452332657201,1.2,ST,1.0,15000.0,0.009060101104361406
8.0,5.646216173286171,1.2,ST,1.0,15000.0,0.00917804455073668
8.0,5.9517386938335095,1.2,ST,1.0,15000.0,0.009275080662211962
8.0,6.273793349831704,1.2,ST,1.0,15000.0,0.00933495809252924
8.0,6.613274712005288,1.2,ST,1.0,15000.0,0.009359705083217618
8.0,6.971125757213828,1.2,ST,1.0,15000.0,0.009351458644192909
8.0,7.3483404877573175,1.2,ST,1.0,15000.0,0.009312672143373247
8.0,7.745966692414836,1.2,ST,1.0,15000.0,0.009245681978886526
8.0,8.165108856885828,1.2,ST,1.0,15000.0,0.009153000993022332
8.0,8.606931231718361,1.2,ST,1.0,15000.0,0.009037186789910117
8.0,9.072661066246061,1.2,ST,1.0,15000.0,0.00890065566400498
8.0,9.563592017516726,1.2,ST,1.0,15000.0,0.008745802950707461
8.0,10.081087743681516,1.2,ST,1.0,15000.0,0.008574973679879631
8.0,10.626585691826111,1.2,ST,1.0,15000.0,0.008390360608480597
8.0,11.20160109076529,1.2,ST,1.0,15000.0,0.008194018794324905
8.0,11.807731159891665,1.2,ST,1.0,15000.0,0.00798796879683074
8.0,12.446659545769569,1.2,ST,1.0,15000.0,0.007774001366163708
8.0,13.120160998797505,1.2,ST,1.0,15000.0,0.007553819271534325
8.0,13.830106302929654,1.2,ST,1.0,15000.0,0.007329000323465083
8.0,14.578467472149546,1.2,ST,1.0,15000.0,0.007100949698403955
8.0,15.367323228130308,1.2,ST,1.0,15000.0,0.006870963607126049
8.0,16.198864774296695,1.2,ST,1.0,15000.0,0.0066402129028563005
8.0,17.07540188232742,1.2,ST,1.0,15000.0,0.006409756537074141
8.0,17.999369308004486,1.2,ST,1.0,15000.0,0.006180495086588143
8.0,18.973333554230518,1.2,ST,1.0,15000.0,0.005953272940372829
8.0,20.000000000000004,1.2,ST,1.0,15000.0,0.005728812413867051
8.0,3.0,1.2,ST,2.0,8000.0,0.007144102366671011
8.0,3.1623330622689494,1.2,ST,2.0,8000.0,0.007750256835476597
8.0,3.33345013223977,1.2,ST,2.0,8000.0,0.008326435774106251
8.0,3.5138265215355418,1.2,ST,2.0,8000.0,0.008866197489870121
8.0,3.703963261376446,1.2,ST,2.0,8000.0,0.009364272949886364
8.0,3.9043884942934204,1.2,ST,2.0,8000.0,0.009816616724258116
8.0,4.1156589411488556,1.2,ST,2.0,8000.0,0.01022035410500889
8.0,4.338361447539279,1.2,ST,2.0,8000.0,0.010573609448354379
8.0,4.573114613875481,1.2,ST,2.0,8000.0,0.010875580530612597
8.0,4.820570513667911,1.2,ST,2.0,8000.0,0.011126150741723365
8.0,5.0814165047902815,1.2,ST,2.0,8000.0,0.01132613246256914
8.0,5.356377138752477,1.2,ST,2.0,8000.0,0.011476889782702554
8.0,5.389452332657201,1.2,ST,2.0,8000.0,0.011491384318093273
8.0,5.646216173286171,1.2,ST,2.0,8000.0,0.011580297495081864
8.0,5.9517386938335095,1.2,ST,2.0,8000.0,0.011638653038644758
8.0,6.273793349831704,1.2,ST,2.0,8000.0,0.011654534348434015
8.0,6.613274712005288,1.2,ST,2.0,8000.0,0.011630834871199387
8.0,6.971125757213828,1.2,ST,2.0,8000.0,0.011570457399478712
8.0,7.3483404877573175,1.2,ST,2.0,8000.0,0.011476578725556479
8.0,7.745966692414836,1.2,ST,2.0,8000.0,0.011352170753791146
8.0,8.165108856885828,1.2,ST,2.0,8000.0,0.011200322696456476
8.0,8.606931231718361,1.2,ST,2.0,8000.0,0.011024098055086117
8.0,9.072661066246061,1.2,ST,2.0,8000.0,0.010826363046622458
8.0,9.563592017516726,1.2,ST,2.0,8000.0,0.010609913266557448
8.0,10.081087743681516,1.2,ST,2.0,8000.0,0.010377435365016282
8.0,10.626585691826111,1.2,ST,2.0,8000.0,0.010131416580216426
8.0,11.20160109076529,1.2,ST,2.0,8000.0,0.009874168662068002
8.0,11.807731159891665,1.2,ST,2.0,8000.0,0.009607928528265123
8.0,12.446659545769569,1.2,ST,2.0,8000.0,0.009334663882646607
8.0,13.120160998797505,1.2,ST,2.0,8000.0,0.009056241528705804
8.0,13.830106302929654,1.2,ST,2.0,8000.0,0.008774357072813101
8.0,14.578467472149546,1.2,ST,2.0,8000.0,0.008490518870718665
8.0,15.367323228130308,1.2,ST,2.0,8000.0,0.008206105679787782
8.0,16.198864774296695,1.2,ST,2.0,8000.0,0.007922352784303992
8.0,17.07540188232742,1.2,ST,2.0,8000.0,0.007640365868284575
8.0,17.999369308004486,1.2,ST,2.0,8000.0,0.007361076427529159
8.0,18.973333554230518,1.2,ST,2.0,8000.0,0.007085351820804243
8.0,20.000000000000004,1.2,ST,2.0,8000.0,0.006813928763118798
8.0,3.0,1.2,ST,2.0,10000.0,0.006316154669627651
8.0,3.1623330622689494,1.2,ST,2.0,10000.0,0.006887525031264204
8.0,3.33345013223977,1.2,ST,2.0,10000.0,0.007434793170413991
8.0,3.5138265215355418,1.2,ST,2.0,10000.0,0.007951459924283087
8.0,3.703963261376446,1.2,ST,2.0,10000.0,0.008432089459283424
8.0,3.9043884942934204,1.2,ST,2.0,10000.0,0.008872371657027827
8.0,4.1156589411488556,1.2,ST,2.0,10000.0,0.00926910186110882
8.0,4.338361447539279,1.2,ST,2.0,10000.0,0.009620031765399663
8.0,4.573114613875481,1.2,ST,2.0,10000.0,0.009923953964694483
8.0,4.820570513667911,1.2,ST,2.0,10000.0,0.010180338791042317
8.0,5.0814165047902815,1.2,ST,2.0,10000.0,0.010389577117002903
8.0,5.356377138752477,1.2,ST,2.0,10000.0,0.010552627168920343
8.0,5.389452332657201,1.2,ST,2.0,10000.0,0.01056873691725255
8.0,5.646216173286171,1.2,ST,2.0,10000.0,0.010670968243199934
8.0,5.9517386938335095,1.2,ST,2.0,10000.0,0.010746517391073886
8.0,6.273793349831704,1.2,ST,2.0,10000.0,0.010781508836050713
8.0,6.613274712005288,1.2,ST,2.0,10000.0,0.010778505468919555
8.0,6.971125757213828,1.2,ST,2.0,10000.0,0.010740117184512319
8.0,7.3483404877573175,1.2,ST,2.0,10000.0,0.010669245418101403
8.0,7.745966692414836,1.2,ST,2.0,10000.0,0.010568618731391187
8.0,8.165108856885828,1.2,ST,2.0,10000.0,0.010441106954966615
8.0,8.606931231718361,1.2,ST,2.0,10000.0,0.0102895811456499
8.0,9.072661066246061,1.2,ST,2.0,10000.0,0.010116735990610583
8.0,9.563592017516726,1.2,ST,2.0,10000.0,0.009925214338697084
8.0,10.081087743681516,1.2,ST,2.0,10000.0,0.00971757337368011
8.0,10.626585691826111,1.2,ST,2.0,10000.0,0.00949618879081498
8.0,11.20160109076529,1.2,ST,2.0,10000.0,0.009263274946414485
8.0,11.807731159891665,1.2,ST,2.0,10000.0,0.009020988141333022
8.0,12.446659545769569,1.2,ST,2.0,10000.0,0.008771229946560127
8.0,13.120160998797505,1.2,ST,2.0,10000.0,0.00851580632006386
8.0,13.830106302929654,1.2,ST,2.0,10000.0,0.008256371097506205
8.0,14.578467472149546,1.2,ST,2.0,10000.0,0.007994395586949657
8.0,15.367323228130308,1.2,ST,2.0,10000.0,0.007731230294478324
8.0,16.198864774296695,1.2,ST,2.0,10000.0,0.007468089458174016
8.0,17.07540188232742,1.2,ST,2.0,10000.0,0.0072060647647795165
8.0,17.999369308004486,1.2,ST,2.0,10000.0,0.006946079717904295
8.0,18.973333554230518,1.2,ST,2.0,10000.0,0.0066889973565604196
8.0,20.000000000000004,1.2,ST,2.0,10000.0,0.00643555330984231
8.0,3.0,1.2,ST,2.0,15000.0,0.0050468687559812085
8.0,3.1623330622689494,1.2,ST,2.0,15000.0,0.0055555773950629215
8.0,3.33345013223977,1.2,ST,2.0,15000.0,0.006049279028341786
8.0,3.5138265215355418,1.2,ST,2.0,15000.0,0.0065215722010842515
8.0,3.703963261376446,1.2,ST,2.0,15000.0,0.006966912847394478
8.0,3.9043884942934204,1.2,ST,2.0,15000.0,0.0073807044132092265
8.0,4.1156589411488556,1.2,ST,2.0,15000.0,0.007759319316689378
8.0,4.338361447539279,1.2,ST,2.0,15000.0,0.008099996183863704
8.0,4.573114613875481,1.2,ST,2.0,15000.0,0.008400937366811384
8.0,4.820570513667911,1.2,ST,2.0,15000.0,0.008660992984341049
8.0,5.0814165047902815,1.2,ST,2.0,15000.0,0.008879903143893995
8.0,5.356377138752477,1.2,ST,2.0,15000.0,0.00905798040090141
8.0,5.389452332657201,1.2,ST,2.0,15000.0,0.009076164902605988
8.0,5.646216173286171,1.2,ST,2.0,15000.0,0.00919607341322594
8.0,5.9517386938335095,1.2,ST,2.0,15000.0,0.009295476284298984
8.0,6.273793349831704,1.2,ST,2.0,15000.0,0.009357855882282835
8.0,6.613274712005288,1.2,ST,2.0,15000.0,0.009385221576619699
8.0,6.971125757213828,1.2,ST,2.0,15000.0,0.00937968882318329
8.0,7.3483404877573175,1.2,ST,2.0,15000.0,0.009343687979576519
8.0,7.745966692414836,1.2,ST,2.0,15000.0,0.009279530179098567
8.0,8.165108856885828,1.2,ST,2.0,15000.0,0.009189702849492403
8.0,8.606931231718361,1.2,ST,2.0,15000.0,0.009076738692826864
8.0,9.072661066246061,1.2,ST,2.0,15000.0,0.008943028834165642
8.0,9.563592017516726,1.2,ST,2.0,15000.0,0.008790944462684558
8.0,10.081087743681516,1.2,ST,2.0,15000.0,0.008622808934548155
8.0,10.626585691826111,1.2,ST,2.0,15000.0,0.008440794209468134
8.0,11.20160109076529,1.2,ST,2.0,15000.0,0.008246936581693402
8.0,11.807731159891665,1.2,ST,2.0,15000.0,0.008043240739087038
8.0,12.446659545769569,1.2,ST,2.0,15000.0,0.007831483749092361
8.0,13.120160998797505,1.2,ST,2.0,15000.0,0.007613356769099397
8.0,13.830106302929654,1.2,ST,2.0,15000.0,0.007390429111008585
8.0,14.578467472149546,1.2,ST,2.0,15000.0,0.0071640988190460045
8.0,15.367323228130308,1.2,ST,2.0,15000.0,0.006935657943516003
8.0,16.198864774296695,1.2,ST,2.0,15000.0,0.006706275187477117
8.0,17.07540188232742,1.2,ST,2.0,15000.0,0.006477009302309329
8.0,17.999369308004486,1.2,ST,2.0,15000.0,0.006248761614888625
8.0,18.973333554230518,1.2,ST,2.0,15000.0,0.006022379801071943
8.0,20.000000000000004,1.2,ST,2.0,15000.0,0.005798590440347551
8.0,3.0,1.2,PS,0.5,8000.0,0.005613981244201052
8.0,3.1623330622689494,1.2,PS,0.5,8000.0,0.006317745774139256
8.0,3.33345013223977,1.2,PS,0.5,8000.0,0.007018056028899312
8.0,3.5138265215355418,1.2,PS,0.5,8000.0,0.007704335922121948
8.0,3.703963261376446,1.2,PS,0.5,8000.0,0.008366900201192264
8.0,3.9043884942934204,1.2,PS,0.5,8000.0,0.008997231988173536
8.0,4.1156589411488556,1.2,PS,0.5,8000.0,0.009588112510430971
8.0,4.338361447539279,1.2,PS,0.5,8000.0,0.010133568775911119
8.0,4.573114613875481,1.2,PS,0.5,8000.0,0.010629080870093168
8.0,4.820570513667911,1.2,PS,0.5,8000.0,0.011071194486137055
8.0,5.0814165047902815,1.2,PS,0.5,8000.0,0.011457882295869406
8.0,5.356377138752477,1.2,PS,0.5,8000.0,0.011788114428875417
8.0,5.389452332657201,1.2,PS,0.5,8000.0,0.011823012746240176
8.0,5.646216173286171,1.2,PS,0.5,8000.0,0.012061823012831117
8.0,5.9517386938335095,1.2,PS,0.5,8000.0,0.012279795646103405
8.0,6.273793349831704,1.2,PS,0.5,8000.0,0.012443485807070817
8.0,6.613274712005288,1.2,PS,0.5,8000.0,0.012555049515645043
8.0,6.971125757213828,1.2,PS,0.5,8000.0,0.012616919499536323
8.0,7.3483404877573175,1.2,PS,0.5,8000.0,0.01263214286529889
8.0,7.745966692414836,1.2,PS,0.5,8000.0,0.012603709398675658
8.0,8.165108856885828,1.2,PS,0.5,8000.0,0.012534967619846111
8.0,8.606931231718361,1.2,PS,0.5,8000.0,0.01242941015927828
8.0,9.072661066246061,1.2,PS,0.5,8000.0,0.012290413995849023
8.0,9.563592017516726,1.2,PS,0.5,8000.0,0.012121395315763766
8.0,10.081087743681516,1.2,PS,0.5,8000.0,0.011925739059580748
8.0,10.626585691826111,1.2,PS,0.5,8000.0,0.011706654526226821
8.0,11.20160109076529,1.2,PS,0.5,8000.0,0.011467192571694002
8.0,11.807731159891665,1.2,PS,0.5,8000.0,0.01121037556162767
8.0,12.446659545769569,1.2,PS,0.5,8000.0,0.010938908440525313
8.0,13.120160998797505,1.2,PS,0.5,8000.0,0.010655407507288604
8.0,13.830106302929654,1.2,PS,0.5,8000.0,0.01036229069926189
8.0,14.578467472149546,1.2,PS,0.5,8000.0,0.010061746418014906
8.0,15.367323228130308,1.2,PS,0.5,8000.0,0.00975580836844035
8.0,16.198864774296695,1.2,PS,0.5,8000.0,0.00944632973198143
8.0,17.07540188232742,1.2,PS,0.5,8000.0,0.009134997796809641
8.0,17.999369308004486,1.2,PS,0.5,8000.0,0.00882326522817265
8.0,18.973333554230518,1.2,PS,0.5,8000.0,0.008512504457270125
8.0,20.000000000000004,1.2,PS,0.5,8000.0,0.008203908792847457
8.0,3.0,1.2,PS,0.5,10000.0,0.004782540066627967
8.0,3.1623330622689494,1.2,PS,0.5,10000.0,0.00542108746442976
8.0,3.33345013223977,1.2,PS,0.5,10000.0,0.00606212390985009
8.0,3.5138265215355418,1.2,PS,0.5,10000.0,0.0066957206557025665
8.0,3.703963261376446,1.2,PS,0.5,10000.0,0.00731260997418408
8.0,3.9043884942934204,1.2,PS,0.5,10000.0,0.007904468821145453
8.0,4.1156589411488556,1.2,PS,0.5,10000.0,0.008464086981725426
8.0,4.338361447539279,1.2,PS,0.5,10000.0,0.008985350556522614
8.0,4.573114613875481,1.2,PS,0.5,10000.0,0.009463466232222528
8.0,4.820570513667911,1.2,PS,0.5,10000.0,0.009894622201539022
8.0,5.0814165047902815,1.2,PS,0.5,10000.0,0.01027635120506159
8.0,5.356377138752477,1.2,PS,0.5,10000.0,0.010607149319968421
8.0,5.389452332657201,1.2,PS,0.5,10000.0,0.01064245017639404
8.0,5.646216173286171,1.2,PS,0.5,10000.0,0.010886443095354987
8.0,5.9517386938335095,1.2,PS,0.5,10000.0,0.011114498096555826
8.0,6.273793349831704,1.2,PS,0.5,10000.0,0.01129226676469576
8.0,6.613274712005288,1.2,PS,0.5,10000.0,0.011421399634946653
8.0,6.971125757213828,1.2,PS,0.5,10000.0,0.011503862353241058
8.0,7.3483404877573175,1.2,PS,0.5,10000.0,0.011542245339065154
8.0,7.745966692414836,1.2,PS,0.5,10000.0,0.011539123612932864
8.0,8.165108856885828,1.2,PS,0.5,10000.0,0.011497458209296922
8.0,8.606931231718361,1.2,PS,0.5,10000.0,0.011420390311842112
8.0,9.072661066246061,1.2,PS,0.5,10000.0,0.011310977646636886
8.0,9.563592017516726,1.2,PS,0.5,10000.0,0.011172345071506683
8.0,10.081087743681516,1.2,PS,0.5,10000.0,0.011007621698180313
8.0,10.626585691826111,1.2,PS,0.5,10000.0,0.010819791075892262
8.0,11.20160109076529,1.2,PS,0.5,10000.0,0.01061170292991201
8.0,11.807731159891665,1.2,PS,0.5,10000.0,0.010386205460577613
8.0,12.446659545769569,1.2,PS,0.5,10000.0,0.01014585605042475
8.0,13.120160998797505,1.2,PS,0.5,10000.0,0.009893134722201694
8.0,13.830106302929654,1.2,PS,0.5,10000.0,0.009630354590002414
8.0,14.578467472149546,1.2,PS,0.5,10000.0,0.009359610641294945
8.0,15.367323228130308,1.2,PS,0.5,10000.0,0.009082859328830408
8.0,16.198864774296695,1.2,PS,0.5,10000.0,0.008801890531521845
8.0,17.07540188232742,1.2,PS,0.5,10000.0,0.008518341619666286
8.0,17.999369308004486,1.2,PS,0.5,10000.0,0.008233627561275407
8.0,18.973333554230518,1.2,PS,0.5,10000.0,0.007949090585240523
8.0,20.000000000000004,1.2,PS,0.5,10000.0,0.007665901266788159
8.0,3.0,1.2,PS,0.5,15000.0,0.003563832095815523
8.0,3.1623330622689494,1.2,PS,0.5,15000.0,0.004093400425212459
8.0,3.33345013223977,1.2,PS,0.5,15000.0,0.004633382891778839
8.0,3.5138265215355418,1.2,PS,0.5,15000.0,0.005175178596783357
8.0,3.703963261376446,1.2,PS,0.5,15000.0,0.00571047910315908
8.0,3.9043884942934204,1.2,PS,0.5,15000.0,0.006231559597603949
8.0,4.1156589411488556,1.2,PS,0.5,15000.0,0.0067314850054865415
8.0,4.338361447539279,1.2,PS,0.5,15000.0,0.007204153382359132
8.0,4.573114613875481,1.2,PS,0.5,15000.0,0.007644537058774244
8.0,4.820570513667911,1.2,PS,0.5,15000.0,0.008048425920519655
8.0,5.0814165047902815,1.2,PS,0.5,15000.0,0.008412789955632969
8.0,5.356377138752477,1.2,PS,0.5,15000.0,0.008735470127235691
8.0,5.389452332657201,1.2,PS,0.5,15000.0,0.008770391712092691
8.0,5.646216173286171,1.2,PS,0.5,15000.0,0.009015172336299233
8.0,5.9517386938335095,1.2,PS,0.5,15000.0,0.009251382002980289
8.0,6.273793349831704,1.2,PS,0.5,15000.0,0.00944428751027233
8.0,6.613274712005288,1.2,PS,0.5,15000.0,0.009594748306965759
8.0,6.971125757213828,1.2,PS,0.5,15000.0,0.009703988550654541
8.0,7.3483404877573175,1.2,PS,0.5,15000.0,0.009773858433183144
8.0,7.745966692414836,1.2,PS,0.5,15000.0,0.009806256151017836
8.0,8.165108856885828,1.2,PS,0.5,15000.0,0.009803497972299364
8.0,8.606931231718361,1.2,PS,0.5,15000.0,0.009768133336846924
8.0,9.072661066246061,1.2,PS,0.5,15000.0,0.009702677690370684
8.0,9.563592017516726,1.2,PS,0.5,15000.0,0.009609756958814965
8.0,10.081087743681516,1.2,PS,0.5,15000.0,0.00949205556001638
8.0,10.626585691826111,1.2,PS,0.5,15000.0,0.009352160327622903
8.0,11.20160109076529,1.2,PS,0.5,15000.0,0.009192566190053097
8.0,11.807731159891665,1.2,PS,0.5,15000.0,0.009015807206064467
8.0,12.446659545769569,1.2,PS,0.5,15000.0,0.00882417408977132
8.0,13.120160998797505,1.2,PS,0.5,15000.0,0.008619899213161085
8.0,13.830106302929654,1.2,PS,0.5,15000.0,0.00840509725618924
8.0,14.578467472149546,1.2,PS,0.5,15000.0,0.008181688248770547
8.0,15.367323228130308,1.2,PS,0.5,15000.0,0.007951480321224601
8.0,16.198864774296695,1.2,PS,0.5,15000.0,0.0077161392970427995
8.0,17.07540188232742,1.2,PS,0.5,15000.0,0.00747720180687557
8.0,17.999369308004486,1.2,PS,0.5,15000.0,0.00723600362745199
8.0,18.973333554230518,1.2,PS,0.5,15000.0,0.006993821080109696
8.0,20.000000000000004,1.2,PS,0.5,15000.0,0.006751772734991409
8.0,3.0,1.2,PS,1.0,8000.0,0.005620486513620752
8.0,3.1623330622689494,1.2,PS,1.0,8000.0,0.006325309918012128
8.0,3.33345013223977,1.2,PS,1.0,8000.0,0.007026773412882125
8.0,3.5138265215355418,1.2,PS,1.0,8000.0,0.007714305504087257
8.0,3.703963261376446,1.2,PS,1.0,8000.0,0.008378226469324554
8.0,3.9043884942934204,1.2,PS,1.0,8000.0,0.009010025838632075
8.0,4.1156589411488556,1.2,PS,1.0,8000.0,0.009602491721186572
8.0,4.338361447539279,1.2,PS,1.0,8000.0,0.010149657907688847
8.0,4.573114613875481,1.2,PS,1.0,8000.0,0.010647010935310283
8.0,4.820570513667911,1.2,PS,1.0,8000.0,0.011091101492070814
8.0,5.0814165047902815,1.2,PS,1.0,8000.0,0.011479906031680729
8.0,5.356377138752477,1.2,PS,1.0,8000.0,0.01181239611000314
8.0,5.389452332657201,1.2,PS,1.0,8000.0,0.011847567401353305
8.0,5.646216173286171,1.2,PS,1.0,8000.0,0.012088502901670873
8.0,5.9517386938335095,1.2,PS,1.0,8000.0,0.012309010170207786
8.0,6.273793349831704,1.2,PS,1.0,8000.0,0.012475364620418535
8.0,6.613274712005288,1.2,PS,1.0,8000.0,0.01258971272229468
8.0,6.971125757213828,1.2,PS,1.0,8000.0,0.012654474502660783
8.0,7.3483404877573175,1.2,PS,1.0,8000.0,0.01267268252620531
8.0,7.745966692414836,1.2,PS,1.0,8000.0,0.012647308702061422
8.0,8.165108856885828,1.2,PS,1.0,8000.0,0.012581682516362484
8.0,8.606931231718361,1.2,PS,1.0,8000.0,0.012479276801368113
8.0,9.072661066246061,1.2,PS,1.0,8000.0,0.01234344700795991
8.0,9.563592017516726,1.2,PS,1.0,8000.0,0.012177587634228444
8.0,10.081087743681516,1.2,PS,1.0,8000.0,0.011985062987680472
8.0,10.626585691826111,1.2,PS,1.0,8000.0,0.011769061298095759
8.0,11.20160109076529,1.2,PS,1.0,8000.0,0.011532613290955675
8.0,11.807731159891665,1.2,PS,1.0,8000.0,0.0112787232081433
8.0,12.446659545769569,1.2,PS,1.0,8000.0,0.011010078969540179
8.0,13.120160998797505,1.2,PS,1.0,8000.0,0.01072928148814395
8.0,13.830106302929654,1.2,PS,1.0,8000.0,0.010438735795240944
8.0,14.578467472149546,1.2,PS,1.0,8000.0,0.010140618249497808
8.0,15.367323228130308,1.2,PS,1.0,8000.0,0.009836953334709825
8.0,16.198864774296695,1.2,PS,1.0,8000.0,0.009529586908688638
8.0,17.07540188232742,1.2,PS,1.0,8000.0,0.009220200942267902
8.0,17.999369308004486,1.2,PS,1.0,8000.0,0.008910243487029927
8.0,18.973333554230518,1.2,PS,1.0,8000.0,0.008601085419534735
8.0,20.000000000000004,1.2,PS,1.0,8000.0,0.008293919618179192
8.0,3.0,1.2,PS,1.0,10000.0,0.004786034432046622
8.0,3.1623330622689494,1.2,PS,1.0,10000.0,0.005425276357310739
8.0,3.33345013223977,1.2,PS,1.0,10000.0,0.006067098770762169
8.0,3.5138265215355418,1.2,PS,1.0,10000.0,0.006701581041415227
8.0,3.703963261376446,1.2,PS,1.0,10000.0,0.007319464135960619
8.0,3.9043884942934204,1.2,PS,1.0,10000.0,0.00791243412189803
8.0,4.1156589411488556,1.2,PS,1.0,10000.0,0.00847328994333161
8.0,4.338361447539279,1.2,PS,1.0,10000.0,0.008995926368219257
8.0,4.573114613875481,1.2,PS,1.0,10000.0,0.009475557990870204
8.0,4.820570513667911,1.2,PS,1.0,10000.0,0.009908379149939518
8.0,5.0814165047902815,1.2,PS,1.0,10000.0,0.010291927130792947
8.0,5.356377138752477,1.2,PS,1.0,10000.0,0.010624699980417075
8.0,5.389452332657201,1.2,PS,1.0,10000.0,0.010660241685834073
8.0,5.646216173286171,1.2,PS,1.0,10000.0,0.010906123566293615
8.0,5.9517386938335095,1.2,PS,1.0,10000.0,0.011136459647101582
8.0,6.273793349831704,1.2,PS,1.0,10000.0,0.01131665385586527
8.0,6.613274712005288,1.2,PS,1.0,10000.0,0.01144834689776958
8.0,6.971125757213828,1.2,PS,1.0,10000.0,0.011533491443061341
8.0,7.3483404877573175,1.2,PS,1.0,10000.0,0.011574662905357747
8.0,7.745966692414836,1.2,PS,1.0,10000.0,0.011574417985014455
8.0,8.165108856885828,1.2,PS,1.0,10000.0,0.011535698164808438
8.0,8.606931231718361,1.2,PS,1.0,10000.0,0.011461624310713191
8.0,9.072661066246061,1.2,PS,1.0,10000.0,0.011355232083431078
8.0,9.563592017516726,1.2,PS,1.0,10000.0,0.011219624073874182
8.0,10.081087743681516,1.2,PS,1.0,10000.0,0.011057908226475635
8.0,10.626585691826111,1.2,PS,1.0,10000.0,0.010873046508303948
8.0,11.20160109076529,1.2,PS,1.0,10000.0,0.010667867989793321
8.0,11.807731159891665,1.2,PS,1.0,10000.0,0.010445202259546012
8.0,12.446659545769569,1.2,PS,1.0,10000.0,0.01020758924711975
8.0,13.120160998797505,1.2,PS,1.0,10000.0,0.009957493067526078
8.0,13.830106302929654,1.2,PS,1.0,10000.0,0.009697213576646255
8.0,14.578467472149546,1.2,PS,1.0,10000.0,0.009428833319677225
8.0,15.367323228130308,1.2,PS,1.0,10000.0,0.009154299160909112
8.0,16.198864774296695,1.2,PS,1.0,10000.0,0.00887539331224384
8.0,17.07540188232742,1.2,PS,1.0,10000.0,0.008593747522305512
8.0,17.999369308004486,1.2,PS,1.0,10000.0,0.00831077188739321
8.0,18.973333554230518,1.2,PS,1.0,10000.0,0.008027806815480038
8.0,20.000000000000004,1.2,PS,1.0,10000.0,0.0077460221878903135
8.0,3.0,1.2,PS,1.0,15000.0,0.0035661292703847423
8.0,3.1623330622689494,1.2,PS,1.0,15000.0,0.004096233467404876
8.0,3.33345013223977,1.2,PS,1.0,15000.0,0.004636840094484337
8.0,3.5138265215355418,1.2,PS,1.0,15000.0,0.005179357989104456
8.0,3.703963261376446,1.2,PS,1.0,15000.0,0.005715488901606643
8.0,3.9043884942934204,1.2,PS,1.0,15000.0,0.006237518454280338
8.0,4.1156589411488556,1.2,PS,1.0,15000.0,0.006738521877013966
8.0,4.338361447539279,1.2,PS,1.0,15000.0,0.0072124068774711905
8.0,4.573114613875481,1.2,PS,1.0,15000.0,0.007654154487273309
8.0,4.820570513667911,1.2,PS,1.0,15000.0,0.008059561397067608
8.0,5.0814165047902815,1.2,PS,1.0,15000.0,0.008425602619658504
8.0,5.356377138752477,1.2,PS,1.0,15000.0,0.008750121449539478
8.0,5.389452332657201,1.2,PS,1.0,15000.0,0.008785268370376739
8.0,5.646216173286171,1.2,PS,1.0,15000.0,0.009031823353502322
8.0,5.9517386938335095,1.2,PS,1.0,15000.0,0.00927019005950251
8.0,6.273793349831704,1.2,PS,1.0,15000.0,0.009465403221011779
8.0,6.613274712005288,1.2,PS,1.0,15000.0,0.009618312410876172
8.0,6.971125757213828,1.2,PS,1.0,15000.0,0.00973012875920339
8.0,7.3483404877573175,1.2,PS,1.0,15000.0,0.009802687298767192
8.0,7.745966692414836,1.2,PS,1.0,15000.0,0.009837867761113832
8.0,8.165108856885828,1.2,PS,1.0,15000.0,0.009837966666703018
8.0,8.606931231718361,1.2,PS,1.0,15000.0,0.009805512932272203
8.0,9.072661066246061,1.2,PS,1.0,15000.0,0.009742999719907478
8.0,9.563592017516726,1.2,PS,1.0,15000.0,0.009653030446892549
8.0,10.081087743681516,1.2,PS,1.0,15000.0,0.009538268132013238
8.0,10.626585691826111,1.2,PS,1.0,15000.0,0.00940127779887824
8.0,11.20160109076529,1.2,PS,1.0,15000.0,0.009244533488835437
8.0,11.807731159891665,1.2,PS,1.0,15000.0,0.009070550419083289
8.0,12.446659545769569,1.2,PS,1.0,15000.0,0.008881601653711064
8.0,13.120160998797505,1.2,PS,1.0,15000.0,0.008679903414454697
8.0,13.830106302929654,1.2,PS,1.0,15000.0,0.008467556942693862
8.0,14.578467472149546,1.2,PS,1.0,15000.0,0.008246469634187974
8.0,15.367323228130308,1.2,PS,1.0,15000.0,0.008018439847163548
8.0,16.198864774296695,1.2,PS,1.0,15000.0,0.007785125563640033
8.0,17.07540188232742,1.2,PS,1.0,15000.0,0.007548057634150022
8.0,17.999369308004486,1.2,PS,1.0,15000.0,0.007308566825544629
8.0,18.973333554230518,1.2,PS,1.0,15000.0,0.007067927493403986
8.0,20.000000000000004,1.2,PS,1.0,15000.0,0.006827257370905923
8.0,3.0,1.2,PS,2.0,8000.0,0.005623753136760701
8.0,3.1623330622689494,1.2,PS,2.0,8000.0,0.006329109895509631
8.0,3.33345013223977,1.2,PS,2.0,8000.0,0.007031155352337643
8.0,3.5138265215355418,1.2,PS,2.0,8000.0,0.007719320942987215
8.0,3.703963261376446,1.2,PS,2.0,8000.0,0.008383930570156115
8.0,3.9043884942934204,1.2,PS,2.0,8000.0,0.009016478091647831
8.0,4.1156589411488556,1.2,PS,2.0,8000.0,0.009609756472278054
8.0,4.338361447539279,1.2,PS,2.0,8000.0,0.010157804610520071
8.0,4.573114613875481,1.2,PS,2.0,8000.0,0.010656114281601332
8.0,4.820570513667911,1.2,PS,2.0,8000.0,0.01110124094215476
8.0,5.0814165047902815,1.2,PS,2.0,8000.0,0.011491165418714767
8.0,5.356377138752477,1.2,PS,2.0,8000.0,0.01182486258947028
8.0,5.389452332657201,1.2,PS,2.0,8000.0,0.01186018069524841
8.0,5.646216173286171,1.2,PS,2.0,8000.0,0.012102265804218058
8.0,5.9517386938335095,1.2,PS,2.0,8000.0,0.01232415948003192
8.0,6.273793349831704,1.2,PS,2.0,8000.0,0.012491989328760606
8.0,6.613274712005288,1.2,PS,2.0,8000.0,0.012607899142502956
8.0,6.971125757213828,1.2,PS,2.0,8000.0,0.012674304293182035
8.0,7.3483404877573175,1.2,PS,2.0,8000.0,0.012694231320230582
8.0,7.745966692414836,1.2,PS,2.0,8000.0,0.012670643841012182
8.0,8.165108856885828,1.2,PS,2.0,8000.0,0.012606861908682366
8.0,8.606931231718361,1.2,PS,2.0,8000.0,0.01250634797996656
8.0,9.072661066246061,1.2,PS,2.0,8000.0,0.01237244562455959
8.0,9.563592017516726,1.2,PS,2.0,8000.0,0.01220853679177853
8.0,10.081087743681516,1.2,PS,2.0,8000.0,0.012017973353520065
8.0,10.626585691826111,1.2,PS,2.0,8000.0,0.011803930351808666
8.0,11.20160109076529,1.2,PS,2.0,8000.0,0.011569425401371814
8.0,11.807731159891665,1.2,PS,2.0,8000.0,0.01131745040366417
8.0,12.446659545769569,1.2,PS,2.0,8000.0,0.011050681277165412
8.0,13.120160998797505,1.2,PS,2.0,8000.0,0.010771707574914828
8.0,13.830106302929654,1.2,PS,2.0,8000.0,0.01048292425510663
8.0,14.578467472149546,1.2,PS,2.0,8000.0,0.01018649795188853
8.0,15.367323228130308,1.2,PS,2.0,8000.0,0.009884445039433266
8.0,16.198864774296695,1.2,PS,2.0,8000.0,0.009578604370327976
8.0,17.07540188232742,1.2,PS,2.0,8000.0,0.009270652124070673
8.0,17.999369308004486,1.2,PS,2.0,8000.0,0.008962031059550572
8.0,18.973333554230518,1.2,PS,2.0,8000.0,0.008654108715967659
8.0,20.000000000000004,1.2,PS,2.0,8000.0,0.00834807545009615
8.0,3.0,1.2,PS,2.0,10000.0,0.004787785936613074
8.0,3.1623330622689494,1.2,PS,2.0,10000.0,0.005427377442913263
8.0,3.33345013223977,1.2,PS,2.0,10000.0,0.006069596453353204
8.0,3.5138265215355418,1.2,PS,2.0,10000.0,0.006704527031202391
8.0,3.703963261376446,1.2,PS,2.0,10000.0,0.007322915352621996
8.0,3.9043884942934204,1.2,PS,2.0,10000.0,0.007916453166644927
8.0,4.1156589411488556,1.2,PS,2.0,10000.0,0.008477945413067766
8.0,4.338361447539279,1.2,PS,2.0,10000.0,0.009001292910923043
8.0,4.573114613875481,1.2,PS,2.0,10000.0,0.009481716220747111
8.0,4.820570513667911,1.2,PS,2.0,10000.0,0.009915415025091986
8.0,5.0814165047902815,1.2,PS,2.0,10000.0,0.01029993136231989
8.0,5.356377138752477,1.2,PS,2.0,10000.0,0.010633766871798341
8.0,5.389452332657201,1.2,PS,2.0,10000.0,0.010669438990717707
8.0,5.646216173286171,1.2,PS,2.0,10000.0,0.010916349729305953
8.0,5.9517386938335095,1.2,PS,2.0,10000.0,0.011147942357663015
8.0,6.273793349831704,1.2,PS,2.0,10000.0,0.011329489376044534
8.0,6.613274712005288,1.2,PS,2.0,10000.0,0.011462628666819212
8.0,6.971125757213828,1.2,PS,2.0,10000.0,0.011549308103059019
8.0,7.3483404877573175,1.2,PS,2.0,10000.0,0.011592096835008926
8.0,7.745966692414836,1.2,PS,2.0,10000.0,0.011593543043279605
8.0,8.165108856885828,1.2,PS,2.0,10000.0,0.011556578511915246
8.0,8.606931231718361,1.2,PS,2.0,10000.0,0.011484313464320972
8.0,9.072661066246061,1.2,PS,2.0,10000.0,0.011379771403535674
8.0,9.563592017516726,1.2,PS,2.0,10000.0,0.011246042073735071
8.0,10.081087743681516,1.2,PS,2.0,10000.0,0.011086220707912346
8.0,10.626585691826111,1.2,PS,2.0,10000.0,0.010903255819838923
8.0,11.20160109076529,1.2,PS,2.0,10000.0,0.01069996309735226
8.0,11.807731159891665,1.2,PS,2.0,10000.0,0.010479159534726236
8.0,12.446659545769569,1.2,PS,2.0,10000.0,0.010243372836039124
8.0,13.120160998797505,1.2,PS,2.0,10000.0,0.009995055483952714
8.0,13.830106302929654,1.2,PS,2.0,10000.0,0.009736497074909369
8.0,14.578467472149546,1.2,PS,2.0,10000.0,0.009469770218545044
8.0,15.367323228130308,1.2,PS,2.0,10000.0,0.009196813474266773
8.0,16.198864774296695,1.2,PS,2.0,10000.0,0.008919401865186525
8.0,17.07540188232742,1.2,PS,2.0,10000.0,0.008639161184492239
8.0,17.999369308004486,1.2,PS,2.0,10000.0,0.008357496094966962
8.0,18.973333554230518,1.2,PS,2.0,10000.0,0.008075743521704558
8.0,20.000000000000004,1.2,PS,2.0,10000.0,0.007795070679775853
8.0,3.0,1.2,PS,2.0,15000.0,0.0035672812364380543
8.0,3.1623330622689494,1.2,PS,2.0,15000.0,0.004097655517309695
8.0,3.33345013223977,1.2,PS,2.0,15000.0,0.004638577655159791
8.0,3.5138265215355418,1.2,PS,2.0,15000.0,0.005181461991865877
8.0,3.703963261376446,1.2,PS,2.0,15000.0,0.0057180162338500975
8.0,3.9043884942934204,1.2,PS,2.0,15000.0,0.006240532347036353
8.0,4.1156589411488556,1.2,PS,2.0,15000.0,0.006742092129871904
8.0,4.338361447539279,1.2,PS,2.0,15000.0,0.007216609833523004
8.0,4.573114613875481,1.2,PS,2.0,15000.0,0.007659072852528994
8.0,4.820570513667911,1.2,PS,2.0,15000.0,0.008065283550817776
8.0,5.0814165047902815,1.2,PS,2.0,15000.0,0.008432221933998936
8.0,5.356377138752477,1.2,PS,2.0,15000.0,0.008757735069477555
8.0,5.389452332657201,1.2,PS,2.0,15000.0,0.008793004609386017
8.0,5.646216173286171,1.2,PS,2.0,15000.0,0.00904053085572685
8.0,5.9517386938335095,1.2,PS,2.0,15000.0,0.009280091741613556
8.0,6.273793349831704,1.2,PS,2.0,15000.0,0.009476598405572427
8.0,6.613274712005288,1.2,PS,2.0,15000.0,0.009630897574021843
8.0,6.971125757213828,1.2,PS,2.0,15000.0,0.009744195553352809
8.0,7.3483404877573175,1.2,PS,2.0,15000.0,0.00981832103556192
8.0,7.745966692414836,1.2,PS,2.0,15000.0,0.009855145159251259
8.0,8.165108856885828,1.2,PS,2.0,15000.0,0.009856954647210996
8.0,8.606931231718361,1.2,PS,2.0,15000.0,0.009826267669929228
8.0,9.072661066246061,1.2,PS,2.0,15000.0,0.0097655651216269
8.0,9.563592017516726,1.2,PS,2.0,15000.0,0.009677437450795408
8.0,10.081087743681516,1.2,PS,2.0,15000.0,0.00956453484766782
8.0,10.626585691826111,1.2,PS,2.0,15000.0,0.009429408767314351
8.0,11.20160109076529,1.2,PS,2.0,15000.0,0.009274519750967282
8.0,11.807731159891665,1.2,PS,2.0,15000.0,0.009102370305097935
8.0,12.446659545769569,1.2,PS,2.0,15000.0,0.008915221168286455
8.0,13.120160998797505,1.2,PS,2.0,15000.0,0.008715276806934643
8.0,13.830106302929654,1.2,PS,2.0,15000.0,0.008504628111127894
8.0,14.578467472149546,1.2,PS,2.0,15000.0,0.008285172443305015
8.0,15.367323228130308,1.2,PS,2.0,15000.0,0.008058699763080147
8.0,16.198864774296695,1.2,PS,2.0,15000.0,0.007826860774441212
8.0,17.07540188232742,1.2,PS,2.0,15000.0,0.007591180291173385
8.0,17.999369308004486,1.2,PS,2.0,15000.0,0.007352983575380639
8.0,18.973333554230518,1.2,PS,2.0,15000.0,0.007113541425039192
8.0,20.000000000000004,1.2,PS,2.0,15000.0,0.00687396883309694
6.0,3.0,0.8,ST,0.5,8000.0,0.007838689046845251
6.0,3.1623330622689494,0.8,ST,0.5,8000.0,0.008464482730652301
6.0,3.33345013223977,0.8,ST,0.5,8000.0,0.009054811671645527
6.0,3.5138265215355418,0.8,ST,0.5,8000.0,0.0096033760364488
6.0,3.703963261376446,0.8,ST,0.5,8000.0,0.010105132777325464
6.0,3.9043884942934204,0.8,ST,0.5,8000.0,0.010556321580390474
6.0,4.1156589411488556,0.8,ST,0.5,8000.0,0.01095440093394997
6.0,4.338361447539279,0.8,ST,0.5,8000.0,0.011297852946775714
6.0,4.573114613875481,0.8,ST,0.5,8000.0,0.011586261117050248
6.0,4.820570513667911,0.8,ST,0.5,8000.0,0.011819888221970264
6.0,5.0814165047902815,0.8,ST,0.5,8000.0,0.011999943831103227
6.0,5.356377138752477,0.8,ST,0.5,8000.0,0.01212818567614238
6.0,5.389452332657201,0.8,ST,0.5,8000.0,0.01213989999576071
6.0,5.646216173286171,0.8,ST,0.5,8000.0,0.012206863249814256
6.0,5.9517386938335095,0.8,ST,0.5,8000.0,0.012238632665970877
6.0,6.273793349831704,0.8,ST,0.5,8000.0,0.012226427289240244
6.0,6.613274712005288,0.8,ST,0.5,8000.0,0.012173469208408585
6.0,6.971125757213828,0.8,ST,0.5,8000.0,0.012082973469952043
6.0,7.3483404877573175,0.8,ST,0.5,8000.0,0.011958407323629888
6.0,7.745966692414836,0.8,ST,0.5,8000.0,0.011802999041530286
6.0,8.165108856885828,0.8,ST,0.5,8000.0,0.011620095280632806
6.0,8.606931231718361,0.8,ST,0.5,8000.0,0.01141296751971841
6.0,9.072661066246061,0.8,ST,0.5,8000.0,0.011184682816585018
6.0,9.563592017516726,0.8,ST,0.5,8000.0,0.010938201792251913
6.0,10.081087743681516,0.8,ST,0.5,8000.0,0.010676367931873171
6.0,10.626585691826111,0.8,ST,0.5,8000.0,0.010401792273698503
6.0,11.20160109076529,0.8,ST,0.5,8000.0,0.01011689531042148
6.0,11.807731159891665,0.8,ST,0.5,8000.0,0.009823997077269624
6.0,12.446659545769569,0.8,ST,0.5,8000.0,0.009525138130192193
6.0,13.120160998797505,0.8,ST,0.5,8000.0,0.009222234442430326
6.0,13.830106302929654,0.8,ST,0.5,8000.0,0.008917021681869374
6.0,14.578467472149546,0.8,ST,0.5,8000.0,0.008611031227956778
6.0,15.367323228130308,0.8,ST,0.5,8000.0,0.008305655868536762
6.0,16.198864774296695,0.8,ST,0.5,8000.0,0.008002128087418396
6.0,17.07540188232742,0.8,ST,0.5,8000.0,0.007701544000954415
6.0,17.999369308004486,0.8,ST,0.5,8000.0,0.007404827516245736
6.0,18.973333554230518,0.8,ST,0.5,8000.0,0.007112814251498959
6.0,20.000000000000004,0.8,ST,0.5,8000.0,0.0068262137511516
6.0,3.0,0.8,ST,0.5,10000.0,0.006946795747296764
6.0,3.1623330622689494,0.8,ST,0.5,10000.0,0.007539334089124323
6.0,3.33345013223977,0.8,ST,0.5,10000.0,0.00810267033505405
6.0,3.5138265215355418,0.8,ST,0.5,10000.0,0.008630371923674095
6.0,3.703963261376446,0.8,ST,0.5,10000.0,0.009117158682760505
6.0,3.9043884942934204,0.8,ST,0.5,10000.0,0.00955894371206711
6.0,4.1156589411488556,0.8,ST,0.5,10000.0,0.009952799303899643
6.0,4.338361447539279,0.8,ST,0.5,10000.0,0.01029678758685668
6.0,4.573114613875481,0.8,ST,0.5,10000.0,0.01059004594893703
6.0,4.820570513667911,0.8,ST,0.5,10000.0,0.010832390383887572
6.0,5.0814165047902815,0.8,ST,0.5,10000.0,0.011024581858567998
6.0,5.356377138752477,0.8,ST,0.5,10000.0,0.011167947734674496
6.0,5.389452332657201,0.8,ST,0.5,10000.0,0.011181604067429254
6.0,5.646216173286171,0.8,ST,0.5,10000.0,0.011264326532029603
6.0,5.9517386938335095,0.8,ST,0.5,10000.0,0.011315978948937655
6.0,6.273793349831704,0.8,ST,0.5,10000.0,0.011325485205291003
6.0,6.613274712005288,0.8,ST,0.5,10000.0,0.011295729273294313
6.0,6.971125757213828,0.8,ST,0.5,10000.0,0.011229628694365914
6.0,7.3483404877573175,0.8,ST,0.5,10000.0,0.01113037237360046
6.0,7.745966692414836,0.8,ST,0.5,10000.0,0.011000944513522973
6.0,8.165108856885828,0.8,ST,0.5,10000.0,0.010844471869021544
6.0,8.606931231718361,0.8,ST,0.5,10000.0,0.01066403506453951
6.0,9.072661066246061,0.8,ST,0.5,10000.0,0.010462531055413863
6.0,9.563592017516726,0.8,ST,0.5,10000.0,0.010242770613187943
6.0,10.081087743681516,0.8,ST,0.5,10000.0,0.01000747063877355
6.0,10.626585691826111,0.8,ST,0.5,10000.0,0.009759133598174465
6.0,11.20160109076529,0.8,ST,0.5,10000.0,0.009500086329543389
6.0,11.807731159891665,0.8,ST,0.5,10000.0,0.009232571516786232
6.0,12.446659545769569,0.8,ST,0.5,10000.0,0.008958567367303237
6.0,13.120160998797505,0.8,ST,0.5,10000.0,0.008679932961901022
6.0,13.830106302929654,0.8,ST,0.5,10000.0,0.008398365077537174
6.0,14.578467472149546,0.8,ST,0.5,10000.0,0.008115361849925503
6.0,15.367323228130308,0.8,ST,0.5,10000.0,0.007832291158617265
6.0,16.198864774296695,0.8,ST,0.5,10000.0,0.007550367775684838
6.0,17.07540188232742,0.8,ST,0.5,10000.0,0.007270677039006318
6.0,17.999369308004486,0.8,ST,0.5,10000.0,0.006994137641327484
6.0,18.973333554230518,0.8,ST,0.5,10000.0,0.0067215838393337715
6.0,20.000000000000004,0.8,ST,0.5,10000.0,0.006453726854088391
6.0,3.0,0.8,ST,0.5,15000.0,0.0054487328064221725
6.0,3.1623330622689494,0.8,ST,0.5,15000.0,0.005973578926361424
6.0,3.33345013223977,0.8,ST,0.5,15000.0,0.006479881477875973
6.0,3.5138265215355418,0.8,ST,0.5,15000.0,0.006961204874036974
6.0,3.703963261376446,0.8,ST,0.5,15000.0,0.00741204076323438
6.0,3.9043884942934204,0.8,ST,0.5,15000.0,0.007827892969090802
6.0,4.1156589411488556,0.8,ST,0.5,15000.0,0.00820528042577788
6.0,4.338361447539279,0.8,ST,0.5,15000.0,0.00854162481602721
6.0,4.573114613875481,0.8,ST,0.5,15000.0,0.008835347847983758
6.0,4.820570513667911,0.8,ST,0.5,15000.0,0.009085528294248201
6.0,5.0814165047902815,0.8,ST,0.5,15000.0,0.00929216722710419
6.0,5.356377138752477,0.8,ST,0.5,15000.0,0.009455837808473757
6.0,5.389452332657201,0.8,ST,0.5,15000.0,0.009472213733310952
6.0,5.646216173286171,0.8,ST,0.5,15000.0,0.009577660061964009
6.0,5.9517386938335095,0.8,ST,0.5,15000.0,0.009659183349613442
6.0,6.273793349831704,0.8,ST,0.5,15000.0,0.00970234626129498
6.0,6.613274712005288,0.8,ST,0.5,15000.0,0.009709409637848424
6.0,6.971125757213828,0.8,ST,0.5,15000.0,0.009682738253351518
6.0,7.3483404877573175,0.8,ST,0.5,15000.0,0.009624995985335554
6.0,7.745966692414836,0.8,ST,0.5,15000.0,0.009538706013553434
6.0,8.165108856885828,0.8,ST,0.5,15000.0,0.009426571429210554
6.0,8.606931231718361,0.8,ST,0.5,15000.0,0.00929130199364708
6.0,9.072661066246061,0.8,ST,0.5,15000.0,0.009135460897096104
6.0,9.563592017516726,0.8,ST,0.5,15000.0,0.008961564984797527
6.0,10.081087743681516,0.8,ST,0.5,15000.0,0.008772076973837077
6.0,10.626585691826111,0.8,ST,0.5,15000.0,0.008569278399027571
6.0,11.20160109076529,0.8,ST,0.5,15000.0,0.008355306069468613
6.0,11.807731159891665,0.8,ST,0.5,15000.0,0.008132239833532284
6.0,12.446659545769569,0.8,ST,0.5,15000.0,0.007901926054104355
6.0,13.120160998797505,0.8,ST,0.5,15000.0,0.007666103619715801
6.0,13.830106302929654,0.8,ST,0.5,15000.0,0.007426380360915164
6.0,14.578467472149546,0.8,ST,0.5,15000.0,0.0071841788313977105
6.0,15.367323228130308,0.8,ST,0.5,15000.0,0.006940807458869184
6.0,16.198864774296695,0.8,ST,0.5,15000.0,0.006697435925108793
6.0,17.07540188232742,0.8,ST,0.5,15000.0,0.006455118050294223
6.0,17.999369308004486,0.8,ST,0.5,15000.0,0.006214751543290585
6.0,18.973333554230518,0.8,ST,0.5,15000.0,0.005977158584632517
6.0,20.000000000000004,0.8,ST,0.5,15000.0,0.005743044424341407
6.0,3.0,0.8,ST,1.0,8000.0,0.007853072300474464
6.0,3.1623330622689494,0.8,ST,1.0,8000.0,0.008480972387627423
6.0,3.33345013223977,0.8,ST,1.0,8000.0,0.009073641479945273
6.0,3.5138265215355418,0.8,ST,1.0,8000.0,0.009624799754954984
6.0,3.703963261376446,0.8,ST,1.0,8000.0,0.010129421564210987
6.0,3.9043884942934204,0.8,ST,1.0,8000.0,0.010583760223343237
6.0,4.1156589411488556,0.8,ST,1.0,8000.0,0.010985282677101471
6.0,4.338361447539279,0.8,ST,1.0,8000.0,0.011332473024091004
6.0,4.573114613875481,0.8,ST,1.0,8000.0,0.01162491013677778
6.0,4.820570513667911,0.8,ST,1.0,8000.0,0.011862844036213589
6.0,5.0814165047902815,0.8,ST,1.0,8000.0,0.012047464978602583
6.0,5.356377138752477,0.8,ST,1.0,8000.0,0.012180503977859422
6.0,5.389452332657201,0.8,ST,1.0,8000.0,0.012192792363134282
6.0,5.646216173286171,0.8,ST,1.0,8000.0,0.012264177866079192
6.0,5.9517386938335095,0.8,ST,1.0,8000.0,0.012301104470962703
6.0,6.273793349831704,0.8,ST,1.0,8000.0,0.012294174973785984
6.0,6.613274712005288,0.8,ST,1.0,8000.0,0.012246566465039773
6.0,6.971125757213828,0.8,ST,1.0,8000.0,0.012161447042054793
6.0,7.3483404877573175,0.8,ST,1.0,8000.0,0.012042237872981483
6.0,7.745966692414836,0.8,ST,1.0,8000.0,0.011892120067005116
6.0,8.165108856885828,0.8,ST,1.0,8000.0,0.011714396192680328
6.0,8.606931231718361,0.8,ST,1.0,8000.0,0.011512297401444133
6.0,9.072661066246061,0.8,ST,1.0,8000.0,0.0112888524809417
6.0,9.563592017516726,0.8,ST,1.0,8000.0,0.011046987948788802
6.0,10.081087743681516,0.8,ST,1.0,8000.0,0.0107895192800776
6.0,10.626585691826111,0.8,ST,1.0,8000.0,0.01051903239755363
6.0,11.20160109076529,0.8,ST,1.0,8000.0,0.010237927329355297
6.0,11.807731159891665,0.8,ST,1.0,8000.0,0.00994850932011339
6.0,12.446659545769569,0.8,ST,1.0,8000.0,0.009652808070481668
6.0,13.120160998797505,0.8,ST,1.0,8000.0,0.009352732494067852
6.0,13.830106302929654,0.8,ST,1.0,8000.0,0.009050016063783176
6.0,14.578467472149546,0.8,ST,1.0,8000.0,0.008746189887462674
6.0,15.367323228130308,0.8,ST,1.0,8000.0,0.00844265084416979
6.0,16.198864774296695,0.8,ST,1.0,8000.0,0.008140638165189298
6.0,17.07540188232742,0.8,ST,1.0,8000.0,0.007841257070833739
6.0,17.999369308004486,0.8,ST,1.0,8000.0,0.007545441245315267
6.0,18.973333554230518,0.8,ST,1.0,8000.0,0.007254039373914187
6.0,20.000000000000004,0.8,ST,1.0,8000.0,0.006967774775867552
6.0,3.0,0.8,ST,1.0,10000.0,0.006955862319901784
6.0,3.1623330622689494,0.8,ST,1.0,10000.0,0.007550090545415165
6.0,3.33345013223977,0.8,ST,1.0,10000.0,0.008115362842647784
6.0,3.5138265215355418,0.8,ST,1.0,10000.0,0.008645268771097418
6.0,3.703963261376446,0.8,ST,1.0,10000.0,0.009134547202529743
6.0,3.9043884942934204,0.8,ST,1.0,10000.0,0.009579126015842425
6.0,4.1156589411488556,0.8,ST,1.0,10000.0,0.009976086711632845
6.0,4.338361447539279,0.8,ST,1.0,10000.0,0.010323493854609442
6.0,4.573114613875481,0.8,ST,1.0,10000.0,0.010620480331404773
6.0,4.820570513667911,0.8,ST,1.0,10000.0,0.01086684931787687
6.0,5.0814165047902815,0.8,ST,1.0,10000.0,0.01106334216545381
6.0,5.356377138752477,0.8,ST,1.0,10000.0,0.011211259114636291
6.0,5.389452332657201,0.8,ST,1.0,10000.0,0.011225461905585694
6.0,5.646216173286171,0.8,ST,1.0,10000.0,0.011312405504514586
6.0,5.9517386938335095,0.8,ST,1.0,10000.0,0.011369003065384423
6.0,6.273793349831704,0.8,ST,1.0,10000.0,0.011383589245206702
6.0,6.613274712005288,0.8,ST,1.0,10000.0,0.011359002259831443
6.0,6.971125757213828,0.8,ST,1.0,10000.0,0.011298112048997047
6.0,7.3483404877573175,0.8,ST,1.0,10000.0,0.011204060675207683
6.0,7.745966692414836,0.8,ST,1.0,10000.0,0.011079784493595635
6.0,8.165108856885828,0.8,ST,1.0,10000.0,0.010928365473946789
6.0,8.606931231718361,0.8,ST,1.0,10000.0,0.010752843289254762
6.0,9.072661066246061,0.8,ST,1.0,10000.0,0.010556075993266361
6.0,9.563592017516726,0.8,ST,1.0,10000.0,0.010340839627766567
6.0,10.081087743681516,0.8,ST,1.0,10000.0,0.010109822538298292
6.0,10.626585691826111,0.8,ST,1.0,10000.0,0.00986550156368307
6.0,11.20160109076529,0.8,ST,1.0,10000.0,0.009610182573763807
6.0,11.807731159891665,0.8,ST,1.0,10000.0,0.00934609301864714
6.0,12.446659545769569,0.8,ST,1.0,10000.0,0.009075199874372372
6.0,13.120160998797505,0.8,ST,1.0,10000.0,0.008799354696385226
6.0,13.830106302929654,0.8,ST,1.0,10000.0,0.008520251779750191
6.0,14.578467472149546,0.8,ST,1.0,10000.0,0.008239388660744135
6.0,15.367323228130308,0.8,ST,1.0,10000.0,0.007958137014914584
6.0,16.198864774296695,0.8,ST,1.0,10000.0,0.007677718094366028
6.0,17.07540188232742,0.8,ST,1.0,10000.0,0.007399226117313361
6.0,17.999369308004486,0.8,ST,1.0,10000.0,0.0071235893624729376
6.0,18.973333554230518,0.8,ST,1.0,10000.0,0.006851654966212431
6.0,20.000000000000004,0.8,ST,1.0,10000.0,0.006584147730499565
6.0,3.0,0.8,ST,1.0,15000.0,0.005455618956151689
6.0,3.1623330622689494,0.8,ST,1.0,15000.0,0.00598196599339605
6.0,3.33345013223977,0.8,ST,1.0,15000.0,0.0064900193852943655
6.0,3.5138265215355418,0.8,ST,1.0,15000.0,0.0069733667872879795
6.0,3.703963261376446,0.8,ST,1.0,15000.0,0.0074265197937814645
6.0,3.9043884942934204,0.8,ST,1.0,15000.0,0.00784499770020821
6.0,4.1156589411488556,0.8,ST,1.0,15000.0,0.00822532914379647
6.0,4.338361447539279,0.8,ST,1.0,15000.0,0.008564938593011485
6.0,4.573114613875481,0.8,ST,1.0,15000.0,0.008862243442100065
6.0,4.820570513667911,0.8,ST,1.0,15000.0,0.009116309739794907
6.0,5.0814165047902815,0.8,ST,1.0,15000.0,0.00932711891639634
6.0,5.356377138752477,0.8,ST,1.0,15000.0,0.00949521690394158
6.0,5.389452332657201,0.8,ST,1.0,15000.0,0.00951212531908744
6.0,5.646216173286171,0.8,ST,1.0,15000.0,0.009621690401702954
6.0,5.9517386938335095,0.8,ST,1.0,15000.0,0.009708049554306129
6.0,6.273793349831704,0.8,ST,1.0,15000.0,0.009756189965308358
6.0,6.613274712005288,0.8,ST,1.0,15000.0,0.009768326414358703
6.0,6.971125757213828,0.8,ST,1.0,15000.0,0.009746775811775804
6.0,7.3483404877573175,0.8,ST,1.0,15000.0,0.00969415486543648
6.0,7.745966692414836,0.8,ST,1.0,15000.0,0.009612938620185023
6.0,8.165108856885828,0.8,ST,1.0,15000.0,0.009505785069057627
6.0,8.606931231718361,0.8,ST,1.0,15000.0,0.009375362738458017
6.0,9.072661066246061,0.8,ST,1.0,15000.0,0.00922419562422268
6.0,9.563592017516726,0.8,ST,1.0,15000.0,0.0090547655564663
6.0,10.081087743681516,0.8,ST,1.0,15000.0,0.00886950643434973
6.0,10.626585691826111,0.8,ST,1.0,15000.0,0.008670673913519559
6.0,11.20160109076529,0.8,ST,1.0,15000.0,0.008460383593986499
6.0,11.807731159891665,0.8,ST,1.0,15000.0,0.008240699860555168
6.0,12.446659545769569,0.8,ST,1.0,15000.0,0.008013457653535942
6.0,13.120160998797505,0.8,ST,1.0,15000.0,0.0077803881054349655
6.0,13.830106302929654,0.8,ST,1.0,15000.0,0.007543096400357214
6.0,14.578467472149546,0.8,ST,1.0,15000.0,0.007303004317934716
6.0,15.367323228130308,0.8,ST,1.0,15000.0,0.007061423919483172
6.0,16.198864774296695,0.8,ST,1.0,15000.0,0.006819531217217061
6.0,17.07540188232742,0.8,ST,1.0,15000.0,0.006578388780909228
6.0,17.999369308004486,0.8,ST,1.0,15000.0,0.0063389037852854095
6.0,18.973333554230518,0.8,ST,1.0,15000.0,0.006101911177418109
6.0,20.000000000000004,0.8,ST,1.0,15000.0,0.005868129670275131
6.0,3.0,0.8,ST,2.0,8000.0,0.007860367077587594
6.0,3.1623330622689494,0.8,ST,2.0,8000.0,0.008489364835203843
6.0,3.33345013223977,0.8,ST,2.0,8000.0,0.009083266778455727
6.0,3.5138265215355418,0.8,ST,2.0,8000.0,0.009635808662208492
6.0,3.703963261376446,0.8,ST,2.0,8000.0,0.010141979857294226
6.0,3.9043884942934204,0.8,ST,2.0,8000.0,0.010598047375386067
6.0,4.1156589411488556,0.8,ST,2.0,8000.0,0.01100148956757392
6.0,4.338361447539279,0.8,ST,2.0,8000.0,0.011350798674147134
6.0,4.573114613875481,0.8,ST,2.0,8000.0,0.011645558035508359
6.0,4.820570513667911,0.8,ST,2.0,8000.0,0.011886017312292914
6.0,5.0814165047902815,0.8,ST,2.0,8000.0,0.01207336205721663
6.0,5.356377138752477,0.8,ST,2.0,8000.0,0.012209313482915443
6.0,5.389452332657201,0.8,ST,2.0,8000.0,0.012221953780832942
6.0,5.646216173286171,0.8,ST,2.0,8000.0,0.012296074099676608
6.0,5.9517386938335095,0.8,ST,2.0,8000.0,0.012336242783280603
6.0,6.273793349831704,0.8,ST,2.0,8000.0,0.01233268804199632
6.0,6.613274712005288,0.8,ST,2.0,8000.0,0.012288561081692654
6.0,6.971125757213828,0.8,ST,2.0,8000.0,0.01220700141702184
6.0,7.3483404877573175,0.8,ST,2.0,8000.0,0.012091400673526988
6.0,7.745966692414836,0.8,ST,2.0,8000.0,0.011944908357798548
6.0,8.165108856885828,0.8,ST,2.0,8000.0,0.011770796039558449
6.0,8.606931231718361,0.8,ST,2.0,8000.0,0.011572265130742204
6.0,9.072661066246061,0.8,ST,2.0,8000.0,0.011352315087729261
6.0,9.563592017516726,0.8,ST,2.0,8000.0,0.011113844905381028
6.0,10.081087743681516,0.8,ST,2.0,8000.0,0.010859645972715546
6.0,10.626585691826111,0.8,ST,2.0,8000.0,0.010592281601374274
6.0,11.20160109076529,0.8,ST,2.0,8000.0,0.010314132018840719
6.0,11.807731159891665,0.8,ST,2.0,8000.0,0.010027486320222127
6.0,12.446659545769569,0.8,ST,2.0,8000.0,0.009734360807361276
6.0,13.120160998797505,0.8,ST,2.0,8000.0,0.009436653635061947
6.0,13.830106302929654,0.8,ST,2.0,8000.0,0.009136091104037174
6.0,14.578467472149546,0.8,ST,2.0,8000.0,0.008834198822490024
6.0,15.367323228130308,0.8,ST,2.0,8000.0,0.008532371547926838
6.0,16.198864774296695,0.8,ST,2.0,8000.0,0.008231848653202761
6.0,17.07540188232742,0.8,ST,2.0,8000.0,0.007933737570781942
6.0,17.999369308004486,0.8,ST,2.0,8000.0,0.007638975228709494
6.0,18.973333554230518,0.8,ST,2.0,8000.0,0.00734841625498191
6.0,20.000000000000004,0.8,ST,2.0,8000.0,0.007062790899268152
6.0,3.0,0.8,ST,2.0,10000.0,0.006960470424568683
6.0,3.1623330622689494,0.8,ST,2.0,10000.0,0.007555584625452095
6.0,3.33345013223977,0.8,ST,2.0,10000.0,0.008121884112603922
6.0,3.5138265215355418,0.8,ST,2.0,10000.0,0.00865297508102173
6.0,3.703963261376446,0.8,ST,2.0,10000.0,0.009143612246188053
6.0,3.9043884942934204,0.8,ST,2.0,10000.0,0.009589737758341661
6.0,4.1156589411488556,0.8,ST,2.0,10000.0,0.009988444899476902
6.0,4.338361447539279,0.8,ST,2.0,10000.0,0.010337806597170505
6.0,4.573114613875481,0.8,ST,2.0,10000.0,0.010636960264720365
6.0,4.820570513667911,0.8,ST,2.0,10000.0,0.01088570868240808
6.0,5.0814165047902815,0.8,ST,2.0,10000.0,0.011084788341357829
6.0,5.356377138752477,0.8,ST,2.0,10000.0,0.01123548947264301
6.0,5.389452332657201,0.8,ST,2.0,10000.0,0.011250029751673978
6.0,5.646216173286171,0.8,ST,2.0,10000.0,0.011339602826044183
6.0,5.9517386938335095,0.8,ST,2.0,10000.0,0.011399330829980958
6.0,6.273793349831704,0.8,ST,2.0,10000.0,0.011417187956574117
6.0,6.613274712005288,0.8,ST,2.0,10000.0,0.011395986147508546
6.0,6.971125757213828,0.8,ST,2.0,10000.0,0.011338566423540008
6.0,7.3483404877573175,0.8,ST,2.0,10000.0,0.011248040912368163
6.0,7.745966692414836,0.8,ST,2.0,10000.0,0.011127314012669058
6.0,8.165108856885828,0.8,ST,2.0,10000.0,0.010979436334620275
6.0,8.606931231718361,0.8,ST,2.0,10000.0,0.01080741748732842
6.0,9.072661066246061,0.8,ST,2.0,10000.0,0.010614085864403738
6.0,9.563592017516726,0.8,ST,2.0,10000.0,0.01040218965778332
6.0,10.081087743681516,0.8,ST,2.0,10000.0,0.010174392840652637
6.0,10.626585691826111,0.8,ST,2.0,10000.0,0.009933149370993828
6.0,11.20160109076529,0.8,ST,2.0,10000.0,0.009680745051571193
6.0,11.807731159891665,0.8,ST,2.0,10000.0,0.009419390947038914
6.0,12.446659545769569,0.8,ST,2.0,10000.0,0.00915104043271361
6.0,13.120160998797505,0.8,ST,2.0,10000.0,0.008877534056294841
6.0,13.830106302929654,0.8,ST,2.0,10000.0,0.008600558783685501
6.0,14.578467472149546,0.8,ST,2.0,10000.0,0.008321606472914866
6.0,15.367323228130308,0.8,ST,2.0,10000.0,0.008042046515850977
6.0,16.198864774296695,0.8,ST,2.0,10000.0,0.007763100158132384
6.0,17.07540188232742,0.8,ST,2.0,10000.0,0.007485863704700052
6.0,17.999369308004486,0.8,ST,2.0,10000.0,0.0072112685695867
6.0,18.973333554230518,0.8,ST,2.0,10000.0,0.006940167725344086
6.0,20.000000000000004,0.8,ST,2.0,10000.0,0.006673292794482865
6.0,3.0,0.8,ST,2.0,15000.0,0.005459134254252689
6.0,3.1623330622689494,0.8,ST,2.0,15000.0,0.0059862724467921015
6.0,3.33345013223977,0.8,ST,2.0,15000.0,0.006495260066567557
6.0,3.5138265215355418,0.8,ST,2.0,15000.0,0.006979701965492762
6.0,3.703963261376446,0.8,ST,2.0,15000.0,0.007434126032828262
6.0,3.9043884942934204,0.8,ST,2.0,15000.0,0.007854066181670288
6.0,4.1156589411488556,0.8,ST,2.0,15000.0,0.008236063077861091
6.0,4.338361447539279,0.8,ST,2.0,15000.0,0.008577549727267986
6.0,4.573114613875481,0.8,ST,2.0,15000.0,0.008876948144089352
6.0,4.820570513667911,0.8,ST,2.0,15000.0,0.009133324027948917
6.0,5.0814165047902815,0.8,ST,2.0,15000.0,0.009346653934857419
6.0,5.356377138752477,0.8,ST,2.0,15000.0,0.009517473732241615
6.0,5.389452332657201,0.8,ST,2.0,15000.0,0.009534712587082684
6.0,5.646216173286171,0.8,ST,2.0,15000.0,0.009646855457348188
6.0,5.9517386938335095,0.8,ST,2.0,15000.0,0.009736289827084868
6.0,6.273793349831704,0.8,ST,2.0,15000.0,0.009787649360860967
6.0,6.613274712005288,0.8,ST,2.0,15000.0,0.009803122410383221
6.0,6.971125757213828,0.8,ST,2.0,15000.0,0.00978499683460594
6.0,7.3483404877573175,0.8,ST,2.0,15000.0,0.009735859241498095
6.0,7.745966692414836,0.8,ST,2.0,15000.0,0.009658152574108098
6.0,8.165108856885828,0.8,ST,2.0,15000.0,0.009554503307582278
6.0,8.606931231718361,0.8,ST,2.0,15000.0,0.009427549760905209
6.0,9.072661066246061,0.8,ST,2.0,15000.0,0.009279786121436555
6.0,9.563592017516726,0.8,ST,2.0,15000.0,0.00911366622470245
6.0,10.081087743681516,0.8,ST,2.0,15000.0,0.008931599464100574
6.0,10.626585691826111,0.8,ST,2.0,15000.0,0.008735818486206356
6.0,11.20160109076529,0.8,ST,2.0,15000.0,0.008528418701200285
6.0,11.807731159891665,0.8,ST,2.0,15000.0,0.008311447991071698
6.0,12.446659545769569,0.8,ST,2.0,15000.0,0.008086727597298615
6.0,13.120160998797505,0.8,ST,2.0,15000.0,0.007855977526481617
6.0,13.830106302929654,0.8,ST,2.0,15000.0,0.007620795548550346
6.0,14.578467472149546,0.8,ST,2.0,15000.0,0.007382597674621976
6.0,15.367323228130308,0.8,ST,2.0,15000.0,0.007142693598053329
6.0,16.198864774296695,0.8,ST,2.0,15000.0,0.006902259246577716
6.0,17.07540188232742,0.8,ST,2.0,15000.0,0.006662359208008878
6.0,17.999369308004486,0.8,ST,2.0,15000.0,0.0064239037288878476
6.0,18.973333554230518,0.8,ST,2.0,15000.0,0.006187733532292854
6.0,20.000000000000004,0.8,ST,2.0,15000.0,0.005954574088917609
6.0,3.0,0.8,PS,0.5,8000.0,0.00635282867010527
6.0,3.1623330622689494,0.8,PS,0.5,8000.0,0.007105051385467753
6.0,3.33345013223977,0.8,PS,0.5,8000.0,0.007847929770056866
6.0,3.5138265215355418,0.8,PS,0.5,8000.0,0.008570546717831785
6.0,3.703963261376446,0.8,PS,0.5,8000.0,0.009263072564966375
6.0,3.9043884942934204,0.8,PS,0.5,8000.0,0.009917010957241084
6.0,4.1156589411488556,0.8,PS,0.5,8000.0,0.010525305755330542
6.0,4.338361447539279,0.8,PS,0.5,8000.0,0.01108224622702254
6.0,4.573114613875481,0.8,PS,0.5,8000.0,0.011583670427085782
6.0,4.820570513667911,0.8,PS,0.5,8000.0,0.012026514981753219
6.0,5.0814165047902815,0.8,PS,0.5,8000.0,0.012409205144827084
6.0,5.356377138752477,0.8,PS,0.5,8000.0,0.012731181662632814
6.0,5.389452332657201,0.8,PS,0.5,8000.0,0.012764861387855837
6.0,5.646216173286171,0.8,PS,0.5,8000.0,0.01299284005467319
6.0,5.9517386938335095,0.8,PS,0.5,8000.0,0.01319541986958006
6.0,6.273793349831704,0.8,PS,0.5,8000.0,0.013340828728902368
6.0,6.613274712005288,0.8,PS,0.5,8000.0,0.013431645809370769
6.0,6.971125757213828,0.8,PS,0.5,8000.0,0.013470704122996382
6.0,7.3483404877573175,0.8,PS,0.5,8000.0,0.013461427851799107
6.0,7.745966692414836,0.8,PS,0.5,8000.0,0.013407131254199385
6.0,8.165108856885828,0.8,PS,0.5,8000.0,0.013311495263184574
6.0,8.606931231718361,0.8,PS,0.5,8000.0,0.01317828153196686
6.0,9.072661066246061,0.8,PS,0.5,8000.0,0.01301112543789963
6.0,9.563592017516726,0.8,PS,0.5,8000.0,0.012813656375399394
6.0,10.081087743681516,0.8,PS,0.5,8000.0,0.0125894705618592
6.0,10.626585691826111,0.8,PS,0.5,8000.0,0.012341943234876862
6.0,11.20160109076529,0.8,PS,0.5,8000.0,0.012074275896210221
6.0,11.807731159891665,0.8,PS,0.5,8000.0,0.011789614540195954
6.0,12.446659545769569,0.8,PS,0.5,8000.0,0.011490777648222029
6.0,13.120160998797505,0.8,PS,0.5,8000.0,0.011180466676915845
6.0,13.830106302929654,0.8,PS,0.5,8000.0,0.01086117990666433
6.0,14.578467472149546,0.8,PS,0.5,8000.0,0.0105351630922601
6.0,15.367323228130308,0.8,PS,0.5,8000.0,0.01020450217866027
6.0,16.198864774296695,0.8,PS,0.5,8000.0,0.0098710822317836
6.0,17.07540188232742,0.8,PS,0.5,8000.0,0.009536616339266278
6.0,17.999369308004486,0.8,PS,0.5,8000.0,0.009202585773331402
6.0,18.973333554230518,0.8,PS,0.5,8000.0,0.008870362799430608
6.0,20.000000000000004,0.8,PS,0.5,8000.0,0.008541147571888955
6.0,3.0,0.8,PS,0.5,10000.0,0.0054276496981156075
6.0,3.1623330622689494,0.8,PS,0.5,10000.0,0.006113403788886058
6.0,3.33345013223977,0.8,PS,0.5,10000.0,0.006796658176572037
6.0,3.5138265215355418,0.8,PS,0.5,10000.0,0.007467054339868687
6.0,3.703963261376446,0.8,PS,0.5,10000.0,0.00811508130935968
6.0,3.9043884942934204,0.8,PS,0.5,10000.0,0.008732336041398388
6.0,4.1156589411488556,0.8,PS,0.5,10000.0,0.009311669766594862
6.0,4.338361447539279,0.8,PS,0.5,10000.0,0.009847136360049876
6.0,4.573114613875481,0.8,PS,0.5,10000.0,0.010334211737623592
6.0,4.820570513667911,0.8,PS,0.5,10000.0,0.01076939577946704
6.0,5.0814165047902815,0.8,PS,0.5,10000.0,0.011150603739453126
6.0,5.356377138752477,0.8,PS,0.5,10000.0,0.01147673794664114
6.0,5.389452332657201,0.8,PS,0.5,10000.0,0.011511244790191619
6.0,5.646216173286171,0.8,PS,0.5,10000.0,0.011747638371792785
6.0,5.9517386938335095,0.8,PS,0.5,10000.0,0.011963976098129098
6.0,6.273793349831704,0.8,PS,0.5,10000.0,0.012127121677456677
6.0,6.613274712005288,0.8,PS,0.5,10000.0,0.012239118097978636
6.0,6.971125757213828,0.8,PS,0.5,10000.0,0.012302307448697519
6.0,7.3483404877573175,0.8,PS,0.5,10000.0,0.012319637971454652
6.0,7.745966692414836,0.8,PS,0.5,10000.0,0.012293995541460906
6.0,8.165108856885828,0.8,PS,0.5,10000.0,0.012228661920581169
6.0,8.606931231718361,0.8,PS,0.5,10000.0,0.01212704088159906
6.0,9.072661066246061,0.8,PS,0.5,10000.0,0.011992443091956368
6.0,9.563592017516726,0.8,PS,0.5,10000.0,0.011828204730091722
6.0,10.081087743681516,0.8,PS,0.5,10000.0,0.011637665313797618
6.0,10.626585691826111,0.8,PS,0.5,10000.0,0.011423974752133423
6.0,11.20160109076529,0.8,PS,0.5,10000.0,0.011190135592985517
6.0,11.807731159891665,0.8,PS,0.5,10000.0,0.01093912206706119
6.0,12.446659545769569,0.8,PS,0.5,10000.0,0.010673608683843028
6.0,13.120160998797505,0.8,PS,0.5,10000.0,0.010396164867132494
6.0,13.830106302929654,0.8,PS,0.5,10000.0,0.01010918736527896
6.0,14.578467472149546,0.8,PS,0.5,10000.0,0.009814833348026028
6.0,15.367323228130308,0.8,PS,0.5,10000.0,0.009515115913975197
6.0,16.198864774296695,0.8,PS,0.5,10000.0,0.009211861499377753
6.0,17.07540188232742,0.8,PS,0.5,10000.0,0.008906737953760745
6.0,17.999369308004486,0.8,PS,0.5,10000.0,0.008601192930677189
6.0,18.973333554230518,0.8,PS,0.5,10000.0,0.008296573089698459
6.0,20.000000000000004,0.8,PS,0.5,10000.0,0.007994060091315007
6.0,3.0,0.8,PS,0.5,15000.0,0.003949894566331526
6.0,3.1623330622689494,0.8,PS,0.5,15000.0,0.004512550728380145
6.0,3.33345013223977,0.8,PS,0.5,15000.0,0.005082795157653235
6.0,3.5138265215355418,0.8,PS,0.5,15000.0,0.0056516238314713784
6.0,3.703963261376446,0.8,PS,0.5,15000.0,0.006210448640098887
6.0,3.9043884942934204,0.8,PS,0.5,15000.0,0.006751387472701687
6.0,4.1156589411488556,0.8,PS,0.5,15000.0,0.007267449521176566
6.0,4.338361447539279,0.8,PS,0.5,15000.0,0.007752562041209169
6.0,4.573114613875481,0.8,PS,0.5,15000.0,0.008201809094345923
6.0,4.820570513667911,0.8,PS,0.5,15000.0,0.008611131176053523
6.0,5.0814165047902815,0.8,PS,0.5,15000.0,0.00897771626384839
6.0,5.356377138752477,0.8,PS,0.5,15000.0,0.009299640566672672
6.0,5.389452332657201,0.8,PS,0.5,15000.0,0.0093342932748154
6.0,5.646216173286171,0.8,PS,0.5,15000.0,0.009575873256031925
6.0,5.9517386938335095,0.8,PS,0.5,15000.0,0.009806151897395844
6.0,6.273793349831704,0.8,PS,0.5,15000.0,0.00999094614156551
6.0,6.613274712005288,0.8,PS,0.5,15000.0,0.010131377096847274
6.0,6.971125757213828,0.8,PS,0.5,15000.0,0.010228930794905838
6.0,7.3483404877573175,0.8,PS,0.5,15000.0,0.01028570733947092
6.0,7.745966692414836,0.8,PS,0.5,15000.0,0.010303824976107101
6.0,8.165108856885828,0.8,PS,0.5,15000.0,0.01028583396148384
6.0,8.606931231718361,0.8,PS,0.5,15000.0,0.010234474628628896
6.0,9.072661066246061,0.8,PS,0.5,15000.0,0.010152448950752065
6.0,9.563592017516726,0.8,PS,0.5,15000.0,0.010042541195192487
6.0,10.081087743681516,0.8,PS,0.5,15000.0,0.009907597575947075
6.0,10.626585691826111,0.8,PS,0.5,15000.0,0.009750329719446199
6.0,11.20160109076529,0.8,PS,0.5,15000.0,0.009573352824433773
6.0,11.807731159891665,0.8,PS,0.5,15000.0,0.009379297300675805
6.0,12.446659545769569,0.8,PS,0.5,15000.0,0.009170548385359143
6.0,13.120160998797505,0.8,PS,0.5,15000.0,0.008949409457611185
6.0,13.830106302929654,0.8,PS,0.5,15000.0,0.008718063129513946
6.0,14.578467472149546,0.8,PS,0.5,15000.0,0.008478480188583734
6.0,15.367323228130308,0.8,PS,0.5,15000.0,0.008232516770440892
6.0,16.198864774296695,0.8,PS,0.5,15000.0,0.007981869765201292
6.0,17.07540188232742,0.8,PS,0.5,15000.0,0.00772810296343485
6.0,17.999369308004486,0.8,PS,0.5,15000.0,0.0074725818068028796
6.0,18.973333554230518,0.8,PS,0.5,15000.0,0.007216587913549182
6.0,20.000000000000004,0.8,PS,0.5,15000.0,0.006961251862289204
6.0,3.0,0.8,PS,1.0,8000.0,0.006364220447545725
6.0,3.1623330622689494,0.8,PS,1.0,8000.0,0.007118179745316828
6.0,3.33345013223977,0.8,PS,1.0,8000.0,0.007862929286472675
6.0,3.5138265215355418,0.8,PS,1.0,8000.0,0.008587556077608319
6.0,3.703963261376446,0.8,PS,1.0,8000.0,0.009282235686873511
6.0,3.9043884942934204,0.8,PS,1.0,8000.0,0.00993847795249592
6.0,4.1156589411488556,0.8,PS,1.0,8000.0,0.01054923329987082
6.0,4.338361447539279,0.8,PS,1.0,8000.0,0.0111087970524861
6.0,4.573114613875481,0.8,PS,1.0,8000.0,0.011613012593569165
6.0,4.820570513667911,0.8,PS,1.0,8000.0,0.012058819523796288
6.0,5.0814165047902815,0.8,PS,1.0,8000.0,0.012444644290918263
6.0,5.356377138752477,0.8,PS,1.0,8000.0,0.012769925541127875
6.0,5.389452332657201,0.8,PS,1.0,8000.0,0.012804002222348225
6.0,5.646216173286171,0.8,PS,1.0,8000.0,0.01303505343634937
6.0,5.9517386938335095,0.8,PS,1.0,8000.0,0.013241258503591914
6.0,6.273793349831704,0.8,PS,1.0,8000.0,0.01339043564052777
6.0,6.613274712005288,0.8,PS,1.0,8000.0,0.013485148047210729
6.0,6.971125757213828,0.8,PS,1.0,8000.0,0.013528209025053061
6.0,7.3483404877573175,0.8,PS,1.0,8000.0,0.013523021273328877
6.0,7.745966692414836,0.8,PS,1.0,8000.0,0.013472873735891339
6.0,8.165108856885828,0.8,PS,1.0,8000.0,0.01338142130338678
6.0,8.606931231718361,0.8,PS,1.0,8000.0,0.013252399161457215
6.0,9.072661066246061,0.8,PS,1.0,8000.0,0.013089414738835542
6.0,9.563592017516726,0.8,PS,1.0,8000.0,0.012896069864160498
6.0,10.081087743681516,0.8,PS,1.0,8000.0,0.012675935137633184
6.0,10.626585691826111,0.8,PS,1.0,8000.0,0.012432360134832461
6.0,11.20160109076529,0.8,PS,1.0,8000.0,0.012168522367682915
6.0,11.807731159891665,0.8,PS,1.0,8000.0,0.011887546764971592
6.0,12.446659545769569,0.8,PS,1.0,8000.0,0.011592232430255653
6.0,13.120160998797505,0.8,PS,1.0,8000.0,0.011285263795371401
6.0,13.830106302929654,0.8,PS,1.0,8000.0,0.010969125350235604
6.0,14.578467472149546,0.8,PS,1.0,8000.0,0.010646050303678396
6.0,15.367323228130308,0.8,PS,1.0,8000.0,0.010318115616305303
6.0,16.198864774296695,0.8,PS,1.0,8000.0,0.00998719975227688
6.0,17.07540188232742,0.8,PS,1.0,8000.0,0.009655011584726732
6.0,17.999369308004486,0.8,PS,1.0,8000.0,0.009323029110708873
6.0,18.973333554230518,0.8,PS,1.0,8000.0,0.008992624880224733
6.0,20.000000000000004,0.8,PS,1.0,8000.0,0.008665000671607179
6.0,3.0,0.8,PS,1.0,10000.0,0.005433503962132136
6.0,3.1623330622689494,0.8,PS,1.0,10000.0,0.006120363430001209
6.0,3.33345013223977,0.8,PS,1.0,10000.0,0.006804857171955114
6.0,3.5138265215355418,0.8,PS,1.0,10000.0,0.007476636618853954
6.0,3.703963261376446,0.8,PS,1.0,10000.0,0.008126201178407023
6.0,3.9043884942934204,0.8,PS,1.0,10000.0,0.008745158320917658
6.0,4.1156589411488556,0.8,PS,1.0,10000.0,0.00932636939334835
6.0,4.338361447539279,0.8,PS,1.0,10000.0,0.00986389721102522
6.0,4.573114613875481,0.8,PS,1.0,10000.0,0.01035322516725845
6.0,4.820570513667911,0.8,PS,1.0,10000.0,0.01079085776481473
6.0,5.0814165047902815,0.8,PS,1.0,10000.0,0.011174712463920546
6.0,5.356377138752477,0.8,PS,1.0,10000.0,0.011503690124776256
6.0,5.389452332657201,0.8,PS,1.0,10000.0,0.011538541779642596
6.0,5.646216173286171,0.8,PS,1.0,10000.0,0.011777625605084281
6.0,5.9517386938335095,0.8,PS,1.0,10000.0,0.011997180784789853
6.0,6.273793349831704,0.8,PS,1.0,10000.0,0.01216371325282131
6.0,6.613274712005288,0.8,PS,1.0,10000.0,0.012279249381817082
6.0,6.971125757213828,0.8,PS,1.0,10000.0,0.012346110948651623
6.0,7.3483404877573175,0.8,PS,1.0,10000.0,0.01236722381129613
6.0,7.745966692414836,0.8,PS,1.0,10000.0,0.012345447694415718
6.0,8.165108856885828,0.8,PS,1.0,10000.0,0.01228403735453374
6.0,8.606931231718361,0.8,PS,1.0,10000.0,0.012186369172033243
6.0,9.072661066246061,0.8,PS,1.0,10000.0,0.012055724904235725
6.0,9.563592017516726,0.8,PS,1.0,10000.0,0.011895412165276219
6.0,10.081087743681516,0.8,PS,1.0,10000.0,0.011708743933393837
6.0,10.626585691826111,0.8,PS,1.0,10000.0,0.011498843576138775
6.0,11.20160109076529,0.8,PS,1.0,10000.0,0.011268688772613467
6.0,11.807731159891665,0.8,PS,1.0,10000.0,0.01102123186714125
6.0,12.446659545769569,0.8,PS,1.0,10000.0,0.010759127284927127
6.0,13.120160998797505,0.8,PS,1.0,10000.0,0.010484926575525806
6.0,13.830106302929654,0.8,PS,1.0,10000.0,0.010201012105726591
6.0,14.578467472149546,0.8,PS,1.0,10000.0,0.009909527861929841
6.0,15.367323228130308,0.8,PS,1.0,10000.0,0.009612477366005564
6.0,16.198864774296695,0.8,PS,1.0,10000.0,0.009311679907327217
6.0,17.07540188232742,0.8,PS,1.0,10000.0,0.009008798643472368
6.0,17.999369308004486,0.8,PS,1.0,10000.0,0.008705277539797988
6.0,18.973333554230518,0.8,PS,1.0,10000.0,0.008402463129115908
6.0,20.000000000000004,0.8,PS,1.0,10000.0,0.008101538284718284
6.0,3.0,0.8,PS,1.0,15000.0,0.003953586007370229
6.0,3.1623330622689494,0.8,PS,1.0,15000.0,0.004517075221722468
6.0,3.33345013223977,0.8,PS,1.0,15000.0,0.005088282941323436
6.0,3.5138265215355418,0.8,PS,1.0,15000.0,0.005658217778610839
6.0,3.703963261376446,0.8,PS,1.0,15000.0,0.006218304427244753
6.0,3.9043884942934204,0.8,PS,1.0,15000.0,0.006760673417577588
6.0,4.1156589411488556,0.8,PS,1.0,15000.0,0.0072783458621331655
6.0,4.338361447539279,0.8,PS,1.0,15000.0,0.007765259484905517
6.0,4.573114613875481,0.8,PS,1.0,15000.0,0.008216507026421176
6.0,4.820570513667911,0.8,PS,1.0,15000.0,0.008628034585692347
6.0,5.0814165047902815,0.8,PS,1.0,15000.0,0.008997033036310699
6.0,5.356377138752477,0.8,PS,1.0,15000.0,0.009321577595283174
6.0,5.389452332657201,0.8,PS,1.0,15000.0,0.00935654971797891
6.0,5.646216173286171,0.8,PS,1.0,15000.0,0.00960063264641318
6.0,5.9517386938335095,0.8,PS,1.0,15000.0,0.009833926644439564
6.0,6.273793349831704,0.8,PS,1.0,15000.0,0.010021916326219949
6.0,6.613274712005288,0.8,PS,1.0,15000.0,0.010165706032325942
6.0,6.971125757213828,0.8,PS,1.0,15000.0,0.0102667613324177
6.0,7.3483404877573175,0.8,PS,1.0,15000.0,0.010327159633511327
6.0,7.745966692414836,0.8,PS,1.0,15000.0,0.010348992748467083
6.0,8.165108856885828,0.8,PS,1.0,15000.0,0.010334783553900051
6.0,8.606931231718361,0.8,PS,1.0,15000.0,0.010287244620363489
6.0,9.072661066246061,0.8,PS,1.0,15000.0,0.010209048612158655
6.0,9.563592017516726,0.8,PS,1.0,15000.0,0.010102950818102302
6.0,10.081087743681516,0.8,PS,1.0,15000.0,0.009971770506621852
6.0,10.626585691826111,0.8,PS,1.0,15000.0,0.009818192365852437
6.0,11.20160109076529,0.8,PS,1.0,15000.0,0.009644806336285602
6.0,11.807731159891665,0.8,PS,1.0,15000.0,0.009454220549079703
6.0,12.446659545769569,0.8,PS,1.0,15000.0,0.009248799825944802
6.0,13.120160998797505,0.8,PS,1.0,15000.0,0.009030829275581367
6.0,13.830106302929654,0.8,PS,1.0,15000.0,0.00880247682278732
6.0,14.578467472149546,0.8,PS,1.0,15000.0,0.008565699756813388
6.0,15.367323228130308,0.8,PS,1.0,15000.0,0.008322344335600971
6.0,16.198864774296695,0.8,PS,1.0,15000.0,0.008074100021438149
6.0,17.07540188232742,0.8,PS,1.0,15000.0,0.007822525659065804
6.0,17.999369308004486,0.8,PS,1.0,15000.0,0.0075689827710753565
6.0,18.973333554230518,0.8,PS,1.0,15000.0,0.007314752624286712
6.0,20.000000000000004,0.8,PS,1.0,15000.0,0.007060966782487702
6.0,3.0,0.8,PS,2.0,8000.0,0.006369955749147258
6.0,3.1623330622689494,0.8,PS,2.0,8000.0,0.007124792729583663
6.0,3.33345013223977,0.8,PS,2.0,8000.0,0.007870489985111489
6.0,3.5138265215355418,0.8,PS,2.0,8000.0,0.008596137647379746
6.0,3.703963261376446,0.8,PS,2.0,8000.0,0.009291915310606386
6.0,3.9043884942934204,0.8,PS,2.0,8000.0,0.009949337701950103
6.0,4.1156589411488556,0.8,PS,2.0,8000.0,0.010561360724307316
6.0,4.338361447539279,0.8,PS,2.0,8000.0,0.011122285318395219
6.0,4.573114613875481,0.8,PS,2.0,8000.0,0.011627960482629117
6.0,4.820570513667911,0.8,PS,2.0,8000.0,0.012075330538038397
6.0,5.0814165047902815,0.8,PS,2.0,8000.0,0.012462825955874076
6.0,5.356377138752477,0.8,PS,2.0,8000.0,0.01278988781509284
6.0,5.389452332657201,0.8,PS,2.0,8000.0,0.012824179737891028
6.0,5.646216173286171,0.8,PS,2.0,8000.0,0.013056907011171433
6.0,5.9517386938335095,0.8,PS,2.0,8000.0,0.013265112725757736
6.0,6.273793349831704,0.8,PS,2.0,8000.0,0.013416396286821284
6.0,6.613274712005288,0.8,PS,2.0,8000.0,0.01351331517641346
6.0,6.971125757213828,0.8,PS,2.0,8000.0,0.013558674465441537
6.0,7.3483404877573175,0.8,PS,2.0,8000.0,0.013555867057124452
6.0,7.745966692414836,0.8,PS,2.0,8000.0,0.013508169329258314
6.0,8.165108856885828,0.8,PS,2.0,8000.0,0.013419222475343853
6.0,8.606931231718361,0.8,PS,2.0,8000.0,0.013292747038102471
6.0,9.072661066246061,0.8,PS,2.0,8000.0,0.013132334257448808
6.0,9.563592017516726,0.8,PS,2.0,8000.0,0.012941569252533026
6.0,10.081087743681516,0.8,PS,2.0,8000.0,0.012724006433515891
6.0,10.626585691826111,0.8,PS,2.0,8000.0,0.012482978562263889
6.0,11.20160109076529,0.8,PS,2.0,8000.0,0.012221646782226932
6.0,11.807731159891665,0.8,PS,2.0,8000.0,0.011943120928396063
6.0,12.446659545769569,0.8,PS,2.0,8000.0,0.011650185703231985
6.0,13.120160998797505,0.8,PS,2.0,8000.0,0.011345512202784605
6.0,13.830106302929654,0.8,PS,2.0,8000.0,0.011031573369013083
6.0,14.578467472149546,0.8,PS,2.0,8000.0,0.010710591486825658
6.0,15.367323228130308,0.8,PS,2.0,8000.0,0.010384634720812943
6.0,16.198864774296695,0.8,PS,2.0,8000.0,0.01005557421109324
6.0,17.07540188232742,0.8,PS,2.0,8000.0,0.00972511302669554
6.0,17.999369308004486,0.8,PS,2.0,8000.0,0.0093947240871721
6.0,18.973333554230518,0.8,PS,2.0,8000.0,0.009065777209744748
6.0,20.000000000000004,0.8,PS,2.0,8000.0,0.008739472461487681
6.0,3.0,0.8,PS,2.0,10000.0,0.0054364409010351855
6.0,3.1623330622689494,0.8,PS,2.0,10000.0,0.006123857768770806
6.0,3.33345013223977,0.8,PS,2.0,10000.0,0.006808978294768173
6.0,3.5138265215355418,0.8,PS,2.0,10000.0,0.007481459963163348
6.0,3.703963261376446,0.8,PS,2.0,10000.0,0.008131808788419272
6.0,3.9043884942934204,0.8,PS,2.0,10000.0,0.008751639297173252
6.0,4.1156589411488556,0.8,PS,2.0,10000.0,0.009333820094799683
6.0,4.338361447539279,0.8,PS,2.0,10000.0,0.009872421059835126
6.0,4.573114613875481,0.8,PS,2.0,10000.0,0.01036293227664441
6.0,4.820570513667911,0.8,PS,2.0,10000.0,0.010801863792551073
6.0,5.0814165047902815,0.8,PS,2.0,10000.0,0.011187137594834601
6.0,5.356377138752477,0.8,PS,2.0,10000.0,0.01151765728808218
6.0,5.389452332657201,0.8,PS,2.0,10000.0,0.011552697163643136
6.0,5.646216173286171,0.8,PS,2.0,10000.0,0.011793258579870673
6.0,5.9517386938335095,0.8,PS,2.0,10000.0,0.012014601905288812
6.0,6.273793349831704,0.8,PS,2.0,10000.0,0.012183041155448028
6.0,6.613274712005288,0.8,PS,2.0,10000.0,0.012300596653547102
6.0,6.971125757213828,0.8,PS,2.0,10000.0,0.012369581633567385
6.0,7.3483404877573175,0.8,PS,2.0,10000.0,0.01239291169204239
6.0,7.745966692414836,0.8,PS,2.0,10000.0,0.012373433554976354
6.0,8.165108856885828,0.8,PS,2.0,10000.0,0.012314387783711295
6.0,8.606931231718361,0.8,PS,2.0,10000.0,0.01221913563647784
6.0,9.072661066246061,0.8,PS,2.0,10000.0,0.012090942182974873
6.0,9.563592017516726,0.8,PS,2.0,10000.0,0.011933097809074832
6.0,10.081087743681516,0.8,PS,2.0,10000.0,0.01174889882227714
6.0,10.626585691826111,0.8,PS,2.0,10000.0,0.011541451316749747
6.0,11.20160109076529,0.8,PS,2.0,10000.0,0.011313716142654787
6.0,11.807731159891665,0.8,PS,2.0,10000.0,0.011068630118952476
6.0,12.446659545769569,0.8,PS,2.0,10000.0,0.010808832896232893
6.0,13.120160998797505,0.8,PS,2.0,10000.0,0.0105368622397516
6.0,13.830106302929654,0.8,PS,2.0,10000.0,0.010255088652606789
6.0,14.578467472149546,0.8,PS,2.0,10000.0,0.009965644856758002
6.0,15.367323228130308,0.8,PS,2.0,10000.0,0.009670525260132913
6.0,16.198864774296695,0.8,PS,2.0,10000.0,0.009371541534022504
6.0,17.07540188232742,0.8,PS,2.0,10000.0,0.009070350772620521
6.0,17.999369308004486,0.8,PS,2.0,10000.0,0.008768391637895197
6.0,18.973333554230518,0.8,PS,2.0,10000.0,0.008467007704752269
6.0,20.000000000000004,0.8,PS,2.0,10000.0,0.008167379910035638
6.0,3.0,0.8,PS,2.0,15000.0,0.003955438946346634
6.0,3.1623330622689494,0.8,PS,2.0,15000.0,0.004519348957529503
6.0,3.33345013223977,0.8,PS,2.0,15000.0,0.005091044950969754
6.0,3.5138265215355418,0.8,PS,2.0,15000.0,0.005661542934333843
6.0,3.703963261376446,0.8,PS,2.0,15000.0,0.006222275421646401
6.0,3.9043884942934204,0.8,PS,2.0,15000.0,0.006765381063609775
6.0,4.1156589411488556,0.8,PS,2.0,15000.0,0.00728388913355577
6.0,4.338361447539279,0.8,PS,2.0,15000.0,0.007771745182877874
6.0,4.573114613875481,0.8,PS,2.0,15000.0,0.008224049243838181
6.0,4.820570513667911,0.8,PS,2.0,15000.0,0.008636753450269498
6.0,5.0814165047902815,0.8,PS,2.0,15000.0,0.00900705354719455
6.0,5.356377138752477,0.8,PS,2.0,15000.0,0.009333027733782251
6.0,5.389452332657201,0.8,PS,2.0,15000.0,0.009368175282158135
6.0,5.646216173286171,0.8,PS,2.0,15000.0,0.009613641405548825
6.0,5.9517386938335095,0.8,PS,2.0,15000.0,0.00984862161745985
6.0,6.273793349831704,0.8,PS,2.0,15000.0,0.010038421431801505
6.0,6.613274712005288,0.8,PS,2.0,15000.0,0.010184139062004877
6.0,6.971125757213828,0.8,PS,2.0,15000.0,0.010287231458273444
6.0,7.3483404877573175,0.8,PS,2.0,15000.0,0.010349765607731464
6.0,7.745966692414836,0.8,PS,2.0,15000.0,0.010373820181459723
6.0,8.165108856885828,0.8,PS,2.0,15000.0,0.010361903671179916
6.0,8.606931231718361,0.8,PS,2.0,15000.0,0.01031671333779031
6.0,9.072661066246061,0.8,PS,2.0,15000.0,0.010240904955892699
6.0,9.563592017516726,0.8,PS,2.0,15000.0,0.010137216376034494
6.0,10.081087743681516,0.8,PS,2.0,15000.0,0.010008449989845132
6.0,10.626585691826111,0.8,PS,2.0,15000.0,0.009857273010468336
6.0,11.20160109076529,0.8,PS,2.0,15000.0,0.009686258351311407
6.0,11.807731159891665,0.8,PS,2.0,15000.0,0.009497998418419373
6.0,12.446659545769569,0.8,PS,2.0,15000.0,0.009294843089632633
6.0,13.120160998797505,0.8,PS,2.0,15000.0,0.009079063487103398
6.0,13.830106302929654,0.8,PS,2.0,15000.0,0.008852815515016654
6.0,14.578467472149546,0.8,PS,2.0,15000.0,0.008618045036358882
6.0,15.367323228130308,0.8,PS,2.0,15000.0,0.008376589040072062
6.0,16.198864774296695,0.8,PS,2.0,15000.0,0.008130129225103555
6.0,17.07540188232742,0.8,PS,2.0,15000.0,0.007880218240924986
6.0,17.999369308004486,0.8,PS,2.0,15000.0,0.0076282121861833635
6.0,18.973333554230518,0.8,PS,2.0,15000.0,0.007375389252067914
6.0,20.000000000000004,0.8,PS,2.0,15000.0,0.007122878946371711
6.0,3.0,1.0,ST,0.5,8000.0,0.012305570195985431
6.0,3.1623330622689494,1.0,ST,0.5,8000.0,0.01302921386370051
6.0,3.33345013223977,1.0,ST,0.5,8000.0,0.013687627249712479
6.0,3.5138265215355418,1.0,ST,0.5,8000.0,0.014276104692870896
6.0,3.703963261376446,1.0,ST,0.5,8000.0,0.014791517100445092
6.0,3.9043884942934204,1.0,ST,0.5,8000.0,0.015232243097368413
6.0,4.1156589411488556,1.0,ST,0.5,8000.0,0.015598012090339298
6.0,4.338361447539279,1.0,ST,0.5,8000.0,0.01588961363682211
6.0,4.573114613875481,1.0,ST,0.5,8000.0,0.016108951372122066
6.0,4.820570513667911,1.0,ST,0.5,8000.0,0.016258520330778854
6.0,5.0814165047902815,1.0,ST,0.5,8000.0,0.016341706264433258
6.0,5.356377138752477,1.0,ST,0.5,8000.0,0.01636231343271504
6.0,5.389452332657201,1.0,ST,0.5,8000.0,0.016360843482272278
6.0,5.646216173286171,1.0,ST,0.5,8000.0,0.016324500674872122
6.0,5.9517386938335095,1.0,ST,0.5,8000.0,0.016232691669357383
6.0,6.273793349831704,1.0,ST,0.5,8000.0,0.01609143347452392
6.0,6.613274712005288,1.0,ST,0.5,8000.0,0.01590542032061417
6.0,6.971125757213828,1.0,ST,0.5,8000.0,0.015679173955260323
6.0,7.3483404877573175,1.0,ST,0.5,8000.0,0.015417342462927981
6.0,7.745966692414836,1.0,ST,0.5,8000.0,0.01512417395467547
6.0,8.165108856885828,1.0,ST,0.5,8000.0,0.014803919518675508
6.0,8.606931231718361,1.0,ST,0.5,8000.0,0.014460630811402869
6.0,9.072661066246061,1.0,ST,0.5,8000.0,0.014098036154328008
6.0,9.563592017516726,1.0,ST,0.5,8000.0,0.013719657421109142
6.0,10.081087743681516,1.0,ST,0.5,8000.0,0.013328804275348174
6.0,10.626585691826111,1.0,ST,0.5,8000.0,0.012928466981183934
6.0,11.20160109076529,1.0,ST,0.5,8000.0,0.012521368216126842
6.0,11.807731159891665,1.0,ST,0.5,8000.0,0.012110066353409141
6.0,12.446659545769569,1.0,ST,0.5,8000.0,0.01169677366167209
6.0,13.120160998797505,1.0,ST,0.5,8000.0,0.011283530412312653
6.0,13.830106302929654,1.0,ST,0.5,8000.0,0.010872148292913782
6.0,14.578467472149546,1.0,ST,0.5,8000.0,0.010464195414880292
6.0,15.367323228130308,1.0,ST,0.5,8000.0,0.01006106696722885
6.0,16.198864774296695,1.0,ST,0.5,8000.0,0.009663968931603093
6.0,17.07540188232742,1.0,ST,0.5,8000.0,0.009273947303357162
6.0,17.999369308004486,1.0,ST,0.5,8000.0,0.008891855351695427
6.0,18.973333554230518,1.0,ST,0.5,8000.0,0.008518441595615288
6.0,20.000000000000004,1.0,ST,0.5,8000.0,0.008154315526803003
6.0,3.0,1.0,ST,0.5,10000.0,0.011127384853948902
6.0,3.1623330622689494,1.0,ST,0.5,10000.0,0.011829771311566485
6.0,3.33345013223977,1.0,ST,0.5,10000.0,0.012474163316347295
6.0,3.5138265215355418,1.0,ST,0.5,10000.0,0.013055369659247217
6.0,3.703963261376446,1.0,ST,0.5,10000.0,0.013569723007661131
6.0,3.9043884942934204,1.0,ST,0.5,10000.0,0.014015022971462737
6.0,4.1156589411488556,1.0,ST,0.5,10000.0,0.014390407676575052
6.0,4.338361447539279,1.0,ST,0.5,10000.0,0.014696083910765866
6.0,4.573114613875481,1.0,ST,0.5,10000.0,0.01493338489042622
6.0,4.820570513667911,1.0,ST,0.5,10000.0,0.015104265344452123
6.0,5.0814165047902815,1.0,ST,0.5,10000.0,0.015211598521361815
6.0,5.356377138752477,1.0,ST,0.5,10000.0,0.015258717086252007
6.0,5.389452332657201,1.0,ST,0.5,10000.0,0.015260477572766896
6.0,5.646216173286171,1.0,ST,0.5,10000.0,0.015249346194783193
6.0,5.9517386938335095,1.0,ST,0.5,10000.0,0.015187505375474697
6.0,6.273793349831704,1.0,ST,0.5,10000.0,0.015077393672899175
6.0,6.613274712005288,1.0,ST,0.5,10000.0,0.01492338046231292
6.0,6.971125757213828,1.0,ST,0.5,10000.0,0.01472970995175611
6.0,7.3483404877573175,1.0,ST,0.5,10000.0,0.014500777664549012
6.0,7.745966692414836,1.0,ST,0.5,10000.0,0.01424061481038092
6.0,8.165108856885828,1.0,ST,0.5,10000.0,0.01395328331763472
6.0,8.606931231718361,1.0,ST,0.5,10000.0,0.01364267623802792
6.0,9.072661066246061,1.0,ST,0.5,10000.0,0.013312383097128818
6.0,9.563592017516726,1.0,ST,0.5,10000.0,0.012965807138789268
6.0,10.081087743681516,1.0,ST,0.5,10000.0,0.012606162628291057
6.0,10.626585691826111,1.0,ST,0.5,10000.0,0.01223636072325907
6.0,11.20160109076529,1.0,ST,0.5,10000.0,0.011859058399306385
6.0,11.807731159891665,1.0,ST,0.5,10000.0,0.011476764029162725
6.0,12.446659545769569,1.0,ST,0.5,10000.0,0.011091652645667112
6.0,13.120160998797505,1.0,ST,0.5,10000.0,0.010705731167968708
6.0,13.830106302929654,1.0,ST,0.5,10000.0,0.010320794895978978
6.0,14.578467472149546,1.0,ST,0.5,10000.0,0.009938399096201323
6.0,15.367323228130308,1.0,ST,0.5,10000.0,0.009559933189401007
6.0,16.198864774296695,1.0,ST,0.5,10000.0,0.009186603111718632
6.0,17.07540188232742,1.0,ST,0.5,10000.0,0.008819460492849375
6.0,17.999369308004486,1.0,ST,0.5,10000.0,0.008459368239387335
6.0,18.973333554230518,1.0,ST,0.5,10000.0,0.00810708741242942
6.0,20.000000000000004,1.0,ST,0.5,10000.0,0.007763241827596393
6.0,3.0,1.0,ST,0.5,15000.0,0.009091352503121453
6.0,3.1623330622689494,1.0,ST,0.5,15000.0,0.009744198601478614
6.0,3.33345013223977,1.0,ST,0.5,15000.0,0.010352137709986995
6.0,3.5138265215355418,1.0,ST,0.5,15000.0,0.010909295556506098
6.0,3.703963261376446,1.0,ST,0.5,15000.0,0.011411176406292802
6.0,3.9043884942934204,1.0,ST,0.5,15000.0,0.011854654826574105
6.0,4.1156589411488556,1.0,ST,0.5,15000.0,0.01223788140841028
6.0,4.338361447539279,1.0,ST,0.5,15000.0,0.012560066421843397
6.0,4.573114613875481,1.0,ST,0.5,15000.0,0.012821543383721993
6.0,4.820570513667911,1.0,ST,0.5,15000.0,0.013023306101584359
6.0,5.0814165047902815,1.0,ST,0.5,15000.0,0.01316730321381947
6.0,5.356377138752477,1.0,ST,0.5,15000.0,0.013255992962522573
6.0,5.389452332657201,1.0,ST,0.5,15000.0,0.013262891564931486
6.0,5.646216173286171,1.0,ST,0.5,15000.0,0.013292303472622514
6.0,5.9517386938335095,1.0,ST,0.5,15000.0,0.013279492432065514
6.0,6.273793349831704,1.0,ST,0.5,15000.0,0.01322109825379415
6.0,6.613274712005288,1.0,ST,0.5,15000.0,0.013120866370462123
6.0,6.971125757213828,1.0,ST,0.5,15000.0,0.012982504245223495
6.0,7.3483404877573175,1.0,ST,0.5,15000.0,0.01280991198070055
6.0,7.745966692414836,1.0,ST,0.5,15000.0,0.012606695259433124
6.0,8.165108856885828,1.0,ST,0.5,15000.0,0.012376536690874221
6.0,8.606931231718361,1.0,ST,0.5,15000.0,0.012123008243622497
6.0,9.072661066246061,1.0,ST,0.5,15000.0,0.011849415242899328
6.0,9.563592017516726,1.0,ST,0.5,15000.0,0.011558918402313507
6.0,10.081087743681516,1.0,ST,0.5,15000.0,0.011254530465239212
6.0,10.626585691826111,1.0,ST,0.5,15000.0,0.010938992135209432
6.0,11.20160109076529,1.0,ST,0.5,15000.0,0.010614819206621854
6.0,11.807731159891665,1.0,ST,0.5,15000.0,0.010284405676561125
6.0,12.446659545769569,1.0,ST,0.5,15000.0,0.00994983983969212
6.0,13.120160998797505,1.0,ST,0.5,15000.0,0.009613051027260688
6.0,13.830106302929654,1.0,ST,0.5,15000.0,0.0092757868325321
6.0,14.578467472149546,1.0,ST,0.5,15000.0,0.008939564564543164
6.0,15.367323228130308,1.0,ST,0.5,15000.0,0.008605749821681214
6.0,16.198864774296695,1.0,ST,0.5,15000.0,0.008275536577089052
6.0,17.07540188232742,1.0,ST,0.5,15000.0,0.007949975963406002
6.0,17.999369308004486,1.0,ST,0.5,15000.0,0.007629938048629544
6.0,18.973333554230518,1.0,ST,0.5,15000.0,0.007316198429104172
6.0,20.000000000000004,1.0,ST,0.5,15000.0,0.007009399220471957
6.0,3.0,1.0,ST,1.0,8000.0,0.012331934376735734
6.0,3.1623330622689494,1.0,ST,1.0,8000.0,0.013059760409221471
6.0,3.33345013223977,1.0,ST,1.0,8000.0,0.01372289128128924
6.0,3.5138265215355418,1.0,ST,1.0,8000.0,0.014316647401032532
6.0,3.703963261376446,1.0,ST,1.0,8000.0,0.014837912580933674
6.0,3.9043884942934204,1.0,ST,1.0,8000.0,0.015285063867394644
6.0,4.1156589411488556,1.0,ST,1.0,8000.0,0.015657813354679306
6.0,4.338361447539279,1.0,ST,1.0,8000.0,0.015956917014868288
6.0,4.573114613875481,1.0,ST,1.0,8000.0,0.01618423039121077
6.0,4.820570513667911,1.0,ST,1.0,8000.0,0.016342185294409672
6.0,5.0814165047902815,1.0,ST,1.0,8000.0,0.01643409399330043
6.0,5.356377138752477,1.0,ST,1.0,8000.0,0.0164636773227335
6.0,5.389452332657201,1.0,ST,1.0,8000.0,0.016463268399649886
6.0,5.646216173286171,1.0,ST,1.0,8000.0,0.016435005066043257
6.0,5.9517386938335095,1.0,ST,1.0,8000.0,0.016352407479912595
6.0,6.273793349831704,1.0,ST,1.0,8000.0,0.01622033817340477
6.0,6.613274712005288,1.0,ST,1.0,8000.0,0.016043399642270684
6.0,6.971125757213828,1.0,ST,1.0,8000.0,0.015826025597714313
6.0,7.3483404877573175,1.0,ST,1.0,8000.0,0.015572784047631898
6.0,7.745966692414836,1.0,ST,1.0,8000.0,0.015287847319401752
6.0,8.165108856885828,1.0,ST,1.0,8000.0,0.014975401320921806
6.0,8.606931231718361,1.0,ST,1.0,8000.0,0.014639443591527586
6.0,9.072661066246061,1.0,ST,1.0,8000.0,0.014283655612227003
6.0,9.563592017516726,1.0,ST,1.0,8000.0,0.013911522281136113
6.0,10.081087743681516,1.0,ST,1.0,8000.0,0.013526328627990815
6.0,10.626585691826111,1.0,ST,1.0,8000.0,0.013131046546257553
6.0,11.20160109076529,1.0,ST,1.0,8000.0,0.01272838874448723
6.0,11.807731159891665,1.0,ST,1.0,8000.0,0.012320912987986703
6.0,12.446659545769569,1.0,ST,1.0,8000.0,0.011910837171822918
6.0,13.120160998797505,1.0,ST,1.0,8000.0,0.01150021246355992
6.0,13.830106302929654,1.0,ST,1.0,8000.0,0.011090868227305374
6.0,14.578467472149546,1.0,ST,1.0,8000.0,0.010684392146445745
6.0,15.367323228130308,1.0,ST,1.0,8000.0,0.010282204369722422
6.0,16.198864774296695,1.0,ST,1.0,8000.0,0.009885538457424087
6.0,17.07540188232742,1.0,ST,1.0,8000.0,0.009495469987300229
6.0,17.999369308004486,1.0,ST,1.0,8000.0,0.009112881408834993
6.0,18.973333554230518,1.0,ST,1.0,8000.0,0.00873855369045809
6.0,20.000000000000004,1.0,ST,1.0,8000.0,0.008373128298447555
6.0,3.0,1.0,ST,1.0,10000.0,0.011146741929120567
6.0,3.1623330622689494,1.0,ST,1.0,10000.0,0.011852901109407121
6.0,3.33345013223977,1.0,ST,1.0,10000.0,0.012501621893157972
6.0,3.5138265215355418,1.0,ST,1.0,10000.0,0.013087739954756386
6.0,3.703963261376446,1.0,ST,1.0,10000.0,0.013607601292388216
6.0,3.9043884942934204,1.0,ST,1.0,10000.0,0.014059003953223542
6.0,4.1156589411488556,1.0,ST,1.0,10000.0,0.014441068479300422
6.0,4.338361447539279,1.0,ST,1.0,10000.0,0.0147539676055936
6.0,4.573114613875481,1.0,ST,1.0,10000.0,0.014998985785365583
6.0,4.820570513667911,1.0,ST,1.0,10000.0,0.015178013759154818
6.0,5.0814165047902815,1.0,ST,1.0,10000.0,0.015293850404267348
6.0,5.356377138752477,1.0,ST,1.0,10000.0,0.015349744062065766
6.0,5.389452332657201,1.0,ST,1.0,10000.0,0.015352543230685228
6.0,5.646216173286171,1.0,ST,1.0,10000.0,0.01534932989683621
6.0,5.9517386938335095,1.0,ST,1.0,10000.0,0.015296532981886598
6.0,6.273793349831704,1.0,ST,1.0,10000.0,0.01519545805626272
6.0,6.613274712005288,1.0,ST,1.0,10000.0,0.015050381782873596
6.0,6.971125757213828,1.0,ST,1.0,10000.0,0.014865459508298885
6.0,7.3483404877573175,1.0,ST,1.0,10000.0,0.01464500579875598
6.0,7.745966692414836,1.0,ST,1.0,10000.0,0.014392975288294188
6.0,8.165108856885828,1.0,ST,1.0,10000.0,0.01411336396814081
6.0,8.606931231718361,1.0,ST,1.0,10000.0,0.013810010119905918
6.0,9.072661066246061,1.0,ST,1.0,10000.0,0.013486455772859516
6.0,9.563592017516726,1.0,ST,1.0,10000.0,0.013146066563331935
6.0,10.081087743681516,1.0,ST,1.0,10000.0,0.012792031596132819
6.0,10.626585691826111,1.0,ST,1.0,10000.0,0.012427243166658003
6.0,11.20160109076529,1.0,ST,1.0,10000.0,0.012054347802202837
6.0,11.807731159891665,1.0,ST,1.0,10000.0,0.011675852869805018
6.0,12.446659545769569,1.0,ST,1.0,10000.0,0.011293938690963339
6.0,13.120160998797505,1.0,ST,1.0,10000.0,0.010910622656557593
6.0,13.830106302929654,1.0,ST,1.0,10000.0,0.010527717510414434
6.0,14.578467472149546,1.0,ST,1.0,10000.0,0.010146797807880751
6.0,15.367323228130308,1.0,ST,1.0,10000.0,0.00976927768446667
6.0,16.198864774296695,1.0,ST,1.0,10000.0,0.009396390437161495
6.0,17.07540188232742,1.0,ST,1.0,10000.0,0.009029217106664584
6.0,17.999369308004486,1.0,ST,1.0,10000.0,0.008668649633578373
6.0,18.973333554230518,1.0,ST,1.0,10000.0,0.008315481391597773
6.0,20.000000000000004,1.0,ST,1.0,10000.0,0.007970368023362403
6.0,3.0,1.0,ST,1.0,15000.0,0.009107755330978929
6.0,3.1623330622689494,1.0,ST,1.0,15000.0,0.009764181680524144
6.0,3.33345013223977,1.0,ST,1.0,15000.0,0.010376265134255868
6.0,3.5138265215355418,1.0,ST,1.0,15000.0,0.010938158877241366
6.0,3.703963261376446,1.0,ST,1.0,15000.0,0.011445380870940998
6.0,3.9043884942934204,1.0,ST,1.0,15000.0,0.011894804302603309
6.0,4.1156589411488556,1.0,ST,1.0,15000.0,0.01228456219905194
6.0,4.338361447539279,1.0,ST,1.0,15000.0,0.012613830694181434
6.0,4.573114613875481,1.0,ST,1.0,15000.0,0.012882894342716424
6.0,4.820570513667911,1.0,ST,1.0,15000.0,0.013092682710333066
6.0,5.0814165047902815,1.0,ST,1.0,15000.0,0.013245069741458492
6.0,5.356377138752477,1.0,ST,1.0,15000.0,0.013342428986173714
6.0,5.389452332657201,1.0,ST,1.0,15000.0,0.0133503544357458
6.0,5.646216173286171,1.0,ST,1.0,15000.0,0.013387598217328493
6.0,5.9517386938335095,1.0,ST,1.0,15000.0,0.013383740225871583
6.0,6.273793349831704,1.0,ST,1.0,15000.0,0.013334298755421962
6.0,6.613274712005288,1.0,ST,1.0,15000.0,0.013242926093316459
6.0,6.971125757213828,1.0,ST,1.0,15000.0,0.013113240476244271
6.0,7.3483404877573175,1.0,ST,1.0,15000.0,0.012949060644501518
6.0,7.745966692414836,1.0,ST,1.0,15000.0,0.012753915347794386
6.0,8.165108856885828,1.0,ST,1.0,15000.0,0.012531420898109503
6.0,8.606931231718361,1.0,ST,1.0,15000.0,0.012285094180575872
6.0,9.072661066246061,1.0,ST,1.0,15000.0,0.012018192703938151
6.0,9.563592017516726,1.0,ST,1.0,15000.0,0.011733839272719947
6.0,10.081087743681516,1.0,ST,1.0,15000.0,0.011435021203544808
6.0,10.626585691826111,1.0,ST,1.0,15000.0,0.011124460083367309
6.0,11.20160109076529,1.0,ST,1.0,15000.0,0.01080466101889175
6.0,11.807731159891665,1.0,ST,1.0,15000.0,0.010478016783605623
6.0,12.446659545769569,1.0,ST,1.0,15000.0,0.010146620779685171
6.0,13.120160998797505,1.0,ST,1.0,15000.0,0.00981241259108744
6.0,13.830106302929654,1.0,ST,1.0,15000.0,0.009477157109372419
6.0,14.578467472149546,1.0,ST,1.0,15000.0,0.009142390772653932
6.0,15.367323228130308,1.0,ST,1.0,15000.0,0.008809503749907804
6.0,16.198864774296695,1.0,ST,1.0,15000.0,0.008479717244060436
6.0,17.07540188232742,1.0,ST,1.0,15000.0,0.008154111688501137
6.0,17.999369308004486,1.0,ST,1.0,15000.0,0.007833586081963575
6.0,18.973333554230518,1.0,ST,1.0,15000.0,0.00751894824084265
6.0,20.000000000000004,1.0,ST,1.0,15000.0,0.007210872008315092
6.0,3.0,1.0,ST,2.0,8000.0,0.012345614968046734
6.0,3.1623330622689494,1.0,ST,2.0,8000.0,0.013075753990158881
6.0,3.33345013223977,1.0,ST,2.0,8000.0,0.013741541994052782
6.0,3.5138265215355418,1.0,ST,2.0,8000.0,0.014338328407070867
6.0,3.703963261376446,1.0,ST,2.0,8000.0,0.014863019528734067
6.0,3.9043884942934204,1.0,ST,2.0,8000.0,0.015314006861815036
6.0,4.1156589411488556,1.0,ST,2.0,8000.0,0.01569100741782317
6.0,4.338361447539279,1.0,ST,2.0,8000.0,0.015994771418868063
6.0,4.573114613875481,1.0,ST,2.0,8000.0,0.016227138221998963
6.0,4.820570513667911,1.0,ST,2.0,8000.0,0.016390512032778765
6.0,5.0814165047902815,1.0,ST,2.0,8000.0,0.016488168290520886
6.0,5.356377138752477,1.0,ST,2.0,8000.0,0.016523781693608464
6.0,5.389452332657201,1.0,ST,2.0,8000.0,0.016524093234608576
6.0,5.646216173286171,1.0,ST,2.0,8000.0,0.016501369048931146
6.0,5.9517386938335095,1.0,ST,2.0,8000.0,0.016425201321209996
6.0,6.273793349831704,1.0,ST,2.0,8000.0,0.016299669458146763
6.0,6.613274712005288,1.0,ST,2.0,8000.0,0.016129311207488686
6.0,6.971125757213828,1.0,ST,2.0,8000.0,0.015918495039282676
6.0,7.3483404877573175,1.0,ST,2.0,8000.0,0.015671726467504275
6.0,7.745966692414836,1.0,ST,2.0,8000.0,0.015393116075612017
6.0,8.165108856885828,1.0,ST,2.0,8000.0,0.015086793434601765
6.0,8.606931231718361,1.0,ST,2.0,8000.0,0.014756706035222184
6.0,9.072661066246061,1.0,ST,2.0,8000.0,0.01440648960369058
6.0,9.563592017516726,1.0,ST,2.0,8000.0,0.014039589490948285
6.0,10.081087743681516,1.0,ST,2.0,8000.0,0.013659259875973821
6.0,10.626585691826111,1.0,ST,2.0,8000.0,0.01326844641753118
6.0,11.20160109076529,1.0,ST,2.0,8000.0,0.012869842041822482
6.0,11.807731159891665,1.0,ST,2.0,8000.0,0.012465992066789706
6.0,12.446659545769569,1.0,ST,2.0,8000.0,0.01205910740507552
6.0,13.120160998797505,1.0,ST,2.0,8000.0,0.011651236926365539
6.0,13.830106302929654,1.0,ST,2.0,8000.0,0.01124421372371111
6.0,14.578467472149546,1.0,ST,2.0,8000.0,0.010839631763487014
6.0,15.367323228130308,1.0,ST,2.0,8000.0,0.010438922522197105
6.0,16.198864774296695,1.0,ST,2.0,8000.0,0.010043333899838771
6.0,17.07540188232742,1.0,ST,2.0,8000.0,0.009653958317514538
6.0,17.999369308004486,1.0,ST,2.0,8000.0,0.00927169593942695
6.0,18.973333554230518,1.0,ST,2.0,8000.0,0.008897348671049918
6.0,20.000000000000004,1.0,ST,2.0,8000.0,0.008531579471594653
6.0,3.0,1.0,ST,2.0,10000.0,0.011156881697802169
6.0,3.1623330622689494,1.0,ST,2.0,10000.0,0.011865145294255875
6.0,3.33345013223977,1.0,ST,2.0,10000.0,0.012516324960745038
6.0,3.5138265215355418,1.0,ST,2.0,10000.0,0.01310528579865417
6.0,3.703963261376446,1.0,ST,2.0,10000.0,0.013628396505397624
6.0,3.9043884942934204,1.0,ST,2.0,10000.0,0.014083469590066048
6.0,4.1156589411488556,1.0,ST,2.0,10000.0,0.014469630372516572
6.0,4.338361447539279,1.0,ST,2.0,10000.0,0.014787045599301017
6.0,4.573114613875481,1.0,ST,2.0,10000.0,0.015036983195861338
6.0,4.820570513667911,1.0,ST,2.0,10000.0,0.01522130590844235
6.0,5.0814165047902815,1.0,ST,2.0,10000.0,0.015342775332511351
6.0,5.356377138752477,1.0,ST,2.0,10000.0,0.015404593214882448
6.0,5.389452332657201,1.0,ST,2.0,10000.0,0.015408101041654187
6.0,5.646216173286171,1.0,ST,2.0,10000.0,0.01541034126619685
6.0,5.9517386938335095,1.0,ST,2.0,10000.0,0.015363884740116775
6.0,6.273793349831704,1.0,ST,2.0,10000.0,0.015269265276050274
6.0,6.613274712005288,1.0,ST,2.0,10000.0,0.015130694287929554
6.0,6.971125757213828,1.0,ST,2.0,10000.0,0.014952261457216927
6.0,7.3483404877573175,1.0,ST,2.0,10000.0,0.014738218403081758
6.0,7.745966692414836,1.0,ST,2.0,10000.0,0.014492457606773954
6.0,8.165108856885828,1.0,ST,2.0,10000.0,0.014218918330750981
6.0,8.606931231718361,1.0,ST,2.0,10000.0,0.013921388468415386
6.0,9.072661066246061,1.0,ST,2.0,10000.0,0.01360336395227624
6.0,9.563592017516726,1.0,ST,2.0,10000.0,0.013268170540776836
6.0,10.081087743681516,1.0,ST,2.0,10000.0,0.012918966210447115
6.0,10.626585691826111,1.0,ST,2.0,10000.0,0.01255861676165754
6.0,11.20160109076529,1.0,ST,2.0,10000.0,0.012189748684464452
6.0,11.807731159891665,1.0,ST,2.0,10000.0,0.011814856684937928
6.0,12.446659545769569,1.0,ST,2.0,10000.0,0.011436113918857443
6.0,13.120160998797505,1.0,ST,2.0,10000.0,0.011055535250414757
6.0,13.830106302929654,1.0,ST,2.0,10000.0,0.010674937022282208
6.0,14.578467472149546,1.0,ST,2.0,10000.0,0.010295899916064426
6.0,15.367323228130308,1.0,ST,2.0,10000.0,0.009919849257689331
6.0,16.198864774296695,1.0,ST,2.0,10000.0,0.009548032560309748
6.0,17.07540188232742,1.0,ST,2.0,10000.0,0.009181547608426778
6.0,17.999369308004486,1.0,ST,2.0,10000.0,0.008821303970911932
6.0,18.973333554230518,1.0,ST,2.0,10000.0,0.008468115877058958
6.0,20.000000000000004,1.0,ST,2.0,10000.0,0.008122660375477585
6.0,3.0,1.0,ST,2.0,15000.0,0.009116414470799007
6.0,3.1623330622689494,1.0,ST,2.0,15000.0,0.009774848623548618
6.0,3.33345013223977,1.0,ST,2.0,15000.0,0.010389298349352656
6.0,3.5138265215355418,1.0,ST,2.0,15000.0,0.010953946547221944
6.0,3.703963261376446,1.0,ST,2.0,15000.0,0.011464334060449003
6.0,3.9043884942934204,1.0,ST,2.0,15000.0,0.011917348629299584
6.0,4.1156589411488556,1.0,ST,2.0,15000.0,0.012311128067806027
6.0,4.338361447539279,1.0,ST,2.0,15000.0,0.012644842479211037
6.0,4.573114613875481,1.0,ST,2.0,15000.0,0.012918759790204957
6.0,4.820570513667911,1.0,ST,2.0,15000.0,0.013133781444603865
6.0,5.0814165047902815,1.0,ST,2.0,15000.0,0.013291743942662889
6.0,5.356377138752477,1.0,ST,2.0,15000.0,0.013394974054693101
6.0,5.389452332657201,1.0,ST,2.0,15000.0,0.013403602178215478
6.0,5.646216173286171,1.0,ST,2.0,15000.0,0.013446255918409734
6.0,5.9517386938335095,1.0,ST,2.0,15000.0,0.013448692282856287
6.0,6.273793349831704,1.0,ST,2.0,15000.0,0.013405663608809178
6.0,6.613274712005288,1.0,ST,2.0,15000.0,0.01332075671659537
6.0,6.971125757213828,1.0,ST,2.0,15000.0,0.01319752399376735
6.0,7.3483404877573175,1.0,ST,2.0,15000.0,0.013039721029236277
6.0,7.745966692414836,1.0,ST,2.0,15000.0,0.01285081423956357
6.0,8.165108856885828,1.0,ST,2.0,15000.0,0.012634363025921495
6.0,8.606931231718361,1.0,ST,2.0,15000.0,0.012393833726640989
6.0,9.072661066246061,1.0,ST,2.0,15000.0,0.012132437591544011
6.0,9.563592017516726,1.0,ST,2.0,15000.0,0.011853257394302619
6.0,10.081087743681516,1.0,ST,2.0,15000.0,0.011559249187888549
6.0,10.626585691826111,1.0,ST,2.0,15000.0,0.01125310793470137
6.0,11.20160109076529,1.0,ST,2.0,15000.0,0.010937318582038754
6.0,11.807731159891665,1.0,ST,2.0,15000.0,0.010614261130896509
6.0,12.446659545769569,1.0,ST,2.0,15000.0,0.010286021724546518
6.0,13.120160998797505,1.0,ST,2.0,15000.0,0.009954537307808696
6.0,13.830106302929654,1.0,ST,2.0,15000.0,0.009621576295449914
6.0,14.578467472149546,1.0,ST,2.0,15000.0,0.009288681168892062
6.0,15.367323228130308,1.0,ST,2.0,15000.0,0.00895725321226052
6.0,16.198864774296695,1.0,ST,2.0,15000.0,0.008628527775789204
6.0,17.07540188232742,1.0,ST,2.0,15000.0,0.008303601978127456
6.0,17.999369308004486,1.0,ST,2.0,15000.0,0.007983392391074312
6.0,18.973333554230518,1.0,ST,2.0,15000.0,0.007668727636638689
6.0,20.000000000000004,1.0,ST,2.0,15000.0,0.007360302910269784
6.0,3.0,1.0,PS,0.5,8000.0,0.011391704761724256
6.0,3.1623330622689494,1.0,PS,0.5,8000.0,0.012399798736879238
6.0,3.33345013223977,1.0,PS,0.5,8000.0,0.013359427169039295
6.0,3.5138265215355418,1.0,PS,0.5,8000.0,0.0142591538359974
6.0,3.703963261376446,1.0,PS,0.5,8000.0,0.015089596203269948
6.0,3.9043884942934204,1.0,PS,0.5,8000.0,0.015843510920302988
6.0,4.1156589411488556,1.0,PS,0.5,8000.0,0.016515721023286516
6.0,4.338361447539279,1.0,PS,0.5,8000.0,0.017102820168378618
6.0,4.573114613875481,1.0,PS,0.5,8000.0,0.01760329998153979
6.0,4.820570513667911,1.0,PS,0.5,8000.0,0.01801687380350687
6.0,5.0814165047902815,1.0,PS,0.5,8000.0,0.018344894398666486
6.0,5.356377138752477,1.0,PS,0.5,8000.0,0.018589706144901606
6.0,5.389452332657201,1.0,PS,0.5,8000.0,0.018613039981825664
6.0,5.646216173286171,1.0,PS,0.5,8000.0,0.018754541640057954
6.0,5.9517386938335095,1.0,PS,0.5,8000.0,0.018843370920245173
6.0,6.273793349831704,1.0,PS,0.5,8000.0,0.01886068210583501
6.0,6.613274712005288,1.0,PS,0.5,8000.0,0.018811486508029936
6.0,6.971125757213828,1.0,PS,0.5,8000.0,0.018700834881999466
6.0,7.3483404877573175,1.0,PS,0.5,8000.0,0.01853422187380485
6.0,7.745966692414836,1.0,PS,0.5,8000.0,0.018316791538975828
6.0,8.165108856885828,1.0,PS,0.5,8000.0,0.018053902000998358
6.0,8.606931231718361,1.0,PS,0.5,8000.0,0.01775081010052675
6.0,9.072661066246061,1.0,PS,0.5,8000.0,0.017412459040552976
6.0,9.563592017516726,1.0,PS,0.5,8000.0,0.017043631003913796
6.0,10.081087743681516,1.0,PS,0.5,8000.0,0.016648927861269907
6.0,10.626585691826111,1.0,PS,0.5,8000.0,0.01623258301337141
6.0,11.20160109076529,1.0,PS,0.5,8000.0,0.015798527232511694
6.0,11.807731159891665,1.0,PS,0.5,8000.0,0.015350530363160942
6.0,12.446659545769569,1.0,PS,0.5,8000.0,0.014891915787625064
6.0,13.120160998797505,1.0,PS,0.5,8000.0,0.014425804893401468
6.0,13.830106302929654,1.0,PS,0.5,8000.0,0.013955029190383763
6.0,14.578467472149546,1.0,PS,0.5,8000.0,0.013482091029442679
6.0,15.367323228130308,1.0,PS,0.5,8000.0,0.013009268580985812
6.0,16.198864774296695,1.0,PS,0.5,8000.0,0.012538580948115106
6.0,17.07540188232742,1.0,PS,0.5,8000.0,0.012071826140463987
6.0,17.999369308004486,1.0,PS,0.5,8000.0,0.011610524642446744
6.0,18.973333554230518,1.0,PS,0.5,8000.0,0.011156052725017096
6.0,20.000000000000004,1.0,PS,0.5,8000.0,0.010709582562191716
6.0,3.0,1.0,PS,0.5,10000.0,0.010010331664982275
6.0,3.1623330622689494,1.0,PS,0.5,10000.0,0.010958409063138996
6.0,3.33345013223977,1.0,PS,0.5,10000.0,0.011868491685007056
6.0,3.5138265215355418,1.0,PS,0.5,10000.0,0.012729052681920828
6.0,3.703963261376446,1.0,PS,0.5,10000.0,0.013530404944783253
6.0,3.9043884942934204,1.0,PS,0.5,10000.0,0.01426481747961798
6.0,4.1156589411488556,1.0,PS,0.5,10000.0,0.01492649774072869
6.0,4.338361447539279,1.0,PS,0.5,10000.0,0.015511344968490118
6.0,4.573114613875481,1.0,PS,0.5,10000.0,0.016017095941369974
6.0,4.820570513667911,1.0,PS,0.5,10000.0,0.01644269628655139
6.0,5.0814165047902815,1.0,PS,0.5,10000.0,0.01678872024634755
6.0,5.356377138752477,1.0,PS,0.5,10000.0,0.017056759775738194
6.0,5.389452332657201,1.0,PS,0.5,10000.0,0.017083113392399363
6.0,5.646216173286171,1.0,PS,0.5,10000.0,0.0172493259267291
6.0,5.9517386938335095,1.0,PS,0.5,10000.0,0.01736969422104013
6.0,6.273793349831704,1.0,PS,0.5,10000.0,0.017421729602905854
6.0,6.613274712005288,1.0,PS,0.5,10000.0,0.017409849141754564
6.0,6.971125757213828,1.0,PS,0.5,10000.0,0.017338579665139766
6.0,7.3483404877573175,1.0,PS,0.5,10000.0,0.017212928409599777
6.0,7.745966692414836,1.0,PS,0.5,10000.0,0.017037612216317045
6.0,8.165108856885828,1.0,PS,0.5,10000.0,0.01681760628769304
6.0,8.606931231718361,1.0,PS,0.5,10000.0,0.016557836179722153
6.0,9.072661066246061,1.0,PS,0.5,10000.0,0.016262951517046757
6.0,9.563592017516726,1.0,PS,0.5,10000.0,0.015937477591416456
6.0,10.081087743681516,1.0,PS,0.5,10000.0,0.01558580046244911
6.0,10.626585691826111,1.0,PS,0.5,10000.0,0.015211969617216735
6.0,11.20160109076529,1.0,PS,0.5,10000.0,0.01481975854455907
6.0,11.807731159891665,1.0,PS,0.5,10000.0,0.01441280855583801
6.0,12.446659545769569,1.0,PS,0.5,10000.0,0.013994340136891366
6.0,13.120160998797505,1.0,PS,0.5,10000.0,0.013567382437894149
6.0,13.830106302929654,1.0,PS,0.5,10000.0,0.013134704778167286
6.0,14.578467472149546,1.0,PS,0.5,10000.0,0.01269875730924371
6.0,15.367323228130308,1.0,PS,0.5,10000.0,0.01226178028006217
6.0,16.198864774296695,1.0,PS,0.5,10000.0,0.011825766990228425
6.0,17.07540188232742,1.0,PS,0.5,10000.0,0.011392501225281293
6.0,17.999369308004486,1.0,PS,0.5,10000.0,0.010963498267719935
6.0,18.973333554230518,1.0,PS,0.5,10000.0,0.010540135758833887
6.0,20.000000000000004,1.0,PS,0.5,10000.0,0.010123592175461034
6.0,3.0,1.0,PS,0.5,15000.0,0.007712617997210201
6.0,3.1623330622689494,1.0,PS,0.5,15000.0,0.008540067298619681
6.0,3.33345013223977,1.0,PS,0.5,15000.0,0.009346954175407061
6.0,3.5138265215355418,1.0,PS,0.5,15000.0,0.01012204608259134
6.0,3.703963261376446,1.0,PS,0.5,15000.0,0.010855505441926273
6.0,3.9043884942934204,1.0,PS,0.5,15000.0,0.011539084301931483
6.0,4.1156589411488556,1.0,PS,0.5,15000.0,0.012166176920304642
6.0,4.338361447539279,1.0,PS,0.5,15000.0,0.012731676570388754
6.0,4.573114613875481,1.0,PS,0.5,15000.0,0.013232150652642383
6.0,4.820570513667911,1.0,PS,0.5,15000.0,0.013665310759295394
6.0,5.0814165047902815,1.0,PS,0.5,15000.0,0.014030437489321436
6.0,5.356377138752477,1.0,PS,0.5,15000.0,0.01432782507928908
6.0,5.389452332657201,1.0,PS,0.5,15000.0,0.014358215759637154
6.0,5.646216173286171,1.0,PS,0.5,15000.0,0.014558736708504924
6.0,5.9517386938335095,1.0,PS,0.5,15000.0,0.014725209630073342
6.0,6.273793349831704,1.0,PS,0.5,15000.0,0.014829983741735647
6.0,6.613274712005288,1.0,PS,0.5,15000.0,0.014876385495578941
6.0,6.971125757213828,1.0,PS,0.5,15000.0,0.014867970426936827
6.0,7.3483404877573175,1.0,PS,0.5,15000.0,0.014808826737464595
6.0,7.745966692414836,1.0,PS,0.5,15000.0,0.014702862992418636
6.0,8.165108856885828,1.0,PS,0.5,15000.0,0.014554314521768363
6.0,8.606931231718361,1.0,PS,0.5,15000.0,0.014367460016957505
6.0,9.072661066246061,1.0,PS,0.5,15000.0,0.014146369409002532
6.0,9.563592017516726,1.0,PS,0.5,15000.0,0.013895059491489533
6.0,10.081087743681516,1.0,PS,0.5,15000.0,0.013617478366903689
6.0,10.626585691826111,1.0,PS,0.5,15000.0,0.013317296601654946
6.0,11.20160109076529,1.0,PS,0.5,15000.0,0.0129979634532104
6.0,11.807731159891665,1.0,PS,0.5,15000.0,0.01266284461539778
6.0,12.446659545769569,1.0,PS,0.5,15000.0,0.012314938037018339
6.0,13.120160998797505,1.0,PS,0.5,15000.0,0.011957072715199055
6.0,13.830106302929654,1.0,PS,0.5,15000.0,0.011591870654103786
6.0,14.578467472149546,1.0,PS,0.5,15000.0,0.011221658209542913
6.0,15.367323228130308,1.0,PS,0.5,15000.0,0.010848579749885503
6.0,16.198864774296695,1.0,PS,0.5,15000.0,0.010474557183066606
6.0,17.07540188232742,1.0,PS,0.5,15000.0,0.010101325899780952
6.0,17.999369308004486,1.0,PS,0.5,15000.0,0.00973037027166722
6.0,18.973333554230518,1.0,PS,0.5,15000.0,0.009363052296264121
6.0,20.000000000000004,1.0,PS,0.5,15000.0,0.009000545009754607
6.0,3.0,1.0,PS,1.0,8000.0,0.011411930428763283
6.0,3.1623330622689494,1.0,PS,1.0,8000.0,0.012422909210031596
6.0,3.33345013223977,1.0,PS,1.0,8000.0,0.01338570437729346
6.0,3.5138265215355418,1.0,PS,1.0,8000.0,0.014288905241497996
6.0,3.703963261376446,1.0,PS,1.0,8000.0,0.015123153930039466
6.0,3.9043884942934204,1.0,PS,1.0,8000.0,0.01588122940358463
6.0,4.1156589411488556,1.0,PS,1.0,8000.0,0.01655797264459205
6.0,4.338361447539279,1.0,PS,1.0,8000.0,0.017149988803807744
6.0,4.573114613875481,1.0,PS,1.0,8000.0,0.017655773884920404
6.0,4.820570513667911,1.0,PS,1.0,8000.0,0.018075035822852716
6.0,5.0814165047902815,1.0,PS,1.0,8000.0,0.018409113693718858
6.0,5.356377138752477,1.0,PS,1.0,8000.0,0.018660328063309594
6.0,5.389452332657201,1.0,PS,1.0,8000.0,0.01868443095653968
6.0,5.646216173286171,1.0,PS,1.0,8000.0,0.01883187890360556
6.0,5.9517386938335095,1.0,PS,1.0,8000.0,0.018927694825394095
6.0,6.273793349831704,1.0,PS,1.0,8000.0,0.018952215467713706
6.0,6.613274712005288,1.0,PS,1.0,8000.0,0.01891039793110363
6.0,6.971125757213828,1.0,PS,1.0,8000.0,0.01880723386549375
6.0,7.3483404877573175,1.0,PS,1.0,8000.0,0.01864815782729919
6.0,7.745966692414836,1.0,PS,1.0,8000.0,0.018438250067808117
6.0,8.165108856885828,1.0,PS,1.0,8000.0,0.018182807094400674
6.0,8.606931231718361,1.0,PS,1.0,8000.0,0.017887027434304384
6.0,9.072661066246061,1.0,PS,1.0,8000.0,0.017555797157094363
6.0,9.563592017516726,1.0,PS,1.0,8000.0,0.01719384573902478
6.0,10.081087743681516,1.0,PS,1.0,8000.0,0.016805729717749462
6.0,10.626585691826111,1.0,PS,1.0,8000.0,0.016395640321360472
6.0,11.20160109076529,1.0,PS,1.0,8000.0,0.015967472075814382
6.0,11.807731159891665,1.0,PS,1.0,8000.0,0.015524966222773925
6.0,12.446659545769569,1.0,PS,1.0,8000.0,0.01507142289415168
6.0,13.120160998797505,1.0,PS,1.0,8000.0,0.01460994565224664
6.0,13.830106302929654,1.0,PS,1.0,8000.0,0.014143355275645808
6.0,14.578467472149546,1.0,PS,1.0,8000.0,0.013674146367254668
6.0,15.367323228130308,1.0,PS,1.0,8000.0,0.013204596011456722
6.0,16.198864774296695,1.0,PS,1.0,8000.0,0.012736726499532143
6.0,17.07540188232742,1.0,PS,1.0,8000.0,0.01227234295276344
6.0,17.999369308004486,1.0,PS,1.0,8000.0,0.011812974415105194
6.0,18.973333554230518,1.0,PS,1.0,8000.0,0.011360011109098235
6.0,20.000000000000004,1.0,PS,1.0,8000.0,0.01091464074064714
6.0,3.0,1.0,PS,1.0,10000.0,0.010022316600249548
6.0,3.1623330622689494,1.0,PS,1.0,10000.0,0.010972581203373622
6.0,3.33345013223977,1.0,PS,1.0,10000.0,0.011885153001125156
6.0,3.5138265215355418,1.0,PS,1.0,10000.0,0.012748534970307982
6.0,3.703963261376446,1.0,PS,1.0,10000.0,0.01355306803941509
6.0,3.9043884942934204,1.0,PS,1.0,10000.0,0.014291045940287135
6.0,4.1156589411488556,1.0,PS,1.0,10000.0,0.014956695692350171
6.0,4.338361447539279,1.0,PS,1.0,10000.0,0.015545929020127355
6.0,4.573114613875481,1.0,PS,1.0,10000.0,0.016056487427790034
6.0,4.820570513667911,1.0,PS,1.0,10000.0,0.016487311086755593
6.0,5.0814165047902815,1.0,PS,1.0,10000.0,0.01683896002690501
6.0,5.356377138752477,1.0,PS,1.0,10000.0,0.017113001639175476
6.0,5.389452332657201,1.0,PS,1.0,10000.0,0.017140079543034085
6.0,5.646216173286171,1.0,PS,1.0,10000.0,0.01731191336000119
6.0,5.9517386938335095,1.0,PS,1.0,10000.0,0.017438928000135218
6.0,6.273793349831704,1.0,PS,1.0,10000.0,0.01749786086038311
6.0,6.613274712005288,1.0,PS,1.0,10000.0,0.017493073351927277
6.0,6.971125757213828,1.0,PS,1.0,10000.0,0.017429031910396502
6.0,7.3483404877573175,1.0,PS,1.0,10000.0,0.01731068222458317
6.0,7.745966692414836,1.0,PS,1.0,10000.0,0.01714267599676
6.0,8.165108856885828,1.0,PS,1.0,10000.0,0.016929925469895614
6.0,8.606931231718361,1.0,PS,1.0,10000.0,0.016677296671555392
6.0,9.072661066246061,1.0,PS,1.0,10000.0,0.01638938087699384
6.0,9.563592017516726,1.0,PS,1.0,10000.0,0.016070649478770467
6.0,10.081087743681516,1.0,PS,1.0,10000.0,0.015725442157410376
6.0,10.626585691826111,1.0,PS,1.0,10000.0,0.015357765247284442
6.0,11.20160109076529,1.0,PS,1.0,10000.0,0.014971355037392194
6.0,11.807731159891665,1.0,PS,1.0,10000.0,0.014569823398959014
6.0,12.446659545769569,1.0,PS,1.0,10000.0,0.014156366844672365
6.0,13.120160998797505,1.0,PS,1.0,10000.0,0.01373399585155752
6.0,13.830106302929654,1.0,PS,1.0,10000.0,0.01330546845614302
6.0,14.578467472149546,1.0,PS,1.0,10000.0,0.012873226454018527
6.0,15.367323228130308,1.0,PS,1.0,10000.0,0.01243950846494681
6.0,16.198864774296695,1.0,PS,1.0,10000.0,0.01200631048704786
6.0,17.07540188232742,1.0,PS,1.0,10000.0,0.011575423007436783
6.0,17.999369308004486,1.0,PS,1.0,10000.0,0.011148369512815249
6.0,18.973333554230518,1.0,PS,1.0,10000.0,0.010726541259255139
6.0,20.000000000000004,1.0,PS,1.0,10000.0,0.010311131914304493
6.0,3.0,1.0,PS,1.0,15000.0,0.007721254940127549
6.0,3.1623330622689494,1.0,PS,1.0,15000.0,0.00855057626004146
6.0,3.33345013223977,1.0,PS,1.0,15000.0,0.009359642587734245
6.0,3.5138265215355418,1.0,PS,1.0,15000.0,0.010137253449018798
6.0,3.703963261376446,1.0,PS,1.0,15000.0,0.010873601134385187
6.0,3.9043884942934204,1.0,PS,1.0,15000.0,0.011560463846501806
6.0,4.1156589411488556,1.0,PS,1.0,15000.0,0.012191256452705346
6.0,4.338361447539279,1.0,PS,1.0,15000.0,0.012760885460315122
6.0,4.573114613875481,1.0,PS,1.0,15000.0,0.013265923426881081
6.0,4.820570513667911,1.0,PS,1.0,15000.0,0.01370407672256776
6.0,5.0814165047902815,1.0,PS,1.0,15000.0,0.01407461172877169
6.0,5.356377138752477,1.0,PS,1.0,15000.0,0.01437779794680125
6.0,5.389452332657201,1.0,PS,1.0,15000.0,0.01440888999735804
6.0,5.646216173286171,1.0,PS,1.0,15000.0,0.014614864684359912
6.0,5.9517386938335095,1.0,PS,1.0,15000.0,0.014787806036122847
6.0,6.273793349831704,1.0,PS,1.0,15000.0,0.014899311847642132
6.0,6.613274712005288,1.0,PS,1.0,15000.0,0.01495265234748824
6.0,6.971125757213828,1.0,PS,1.0,15000.0,0.014951322174508
6.0,7.3483404877573175,1.0,PS,1.0,15000.0,0.014899347369843637
6.0,7.745966692414836,1.0,PS,1.0,15000.0,0.014800570808321662
6.0,8.165108856885828,1.0,PS,1.0,15000.0,0.014659164268844015
6.0,8.606931231718361,1.0,PS,1.0,15000.0,0.014479346372804031
6.0,9.072661066246061,1.0,PS,1.0,15000.0,0.014265128148206994
6.0,9.563592017516726,1.0,PS,1.0,15000.0,0.014020471952271152
6.0,10.081087743681516,1.0,PS,1.0,15000.0,0.013749279013500012
6.0,10.626585691826111,1.0,PS,1.0,15000.0,0.01345517627214128
6.0,11.20160109076529,1.0,PS,1.0,15000.0,0.013141575335328667
6.0,11.807731159891665,1.0,PS,1.0,15000.0,0.01281181203137139
6.0,12.446659545769569,1.0,PS,1.0,15000.0,0.012468859975354192
6.0,13.120160998797505,1.0,PS,1.0,15000.0,0.012115529074401278
6.0,13.830106302929654,1.0,PS,1.0,15000.0,0.011754429743810612
6.0,14.578467472149546,1.0,PS,1.0,15000.0,0.011387879664819566
6.0,15.367323228130308,1.0,PS,1.0,15000.0,0.01101802128294922
6.0,16.198864774296695,1.0,PS,1.0,15000.0,0.010646778935399228
6.0,17.07540188232742,1.0,PS,1.0,15000.0,0.010275894479614711
6.0,17.999369308004486,1.0,PS,1.0,15000.0,0.009906860275142388
6.0,18.973333554230518,1.0,PS,1.0,15000.0,0.009541051734437256
6.0,20.000000000000004,1.0,PS,1.0,15000.0,0.009179656879497672
6.0,3.0,1.0,PS,2.0,8000.0,0.011422143690195924
6.0,3.1623330622689494,1.0,PS,2.0,8000.0,0.012434602465623062
6.0,3.33345013223977,1.0,PS,2.0,8000.0,0.013399034390468122
6.0,3.5138265215355418,1.0,PS,2.0,8000.0,0.01430404710698585
6.0,3.703963261376446,1.0,PS,2.0,8000.0,0.01514030172945515
6.0,3.9043884942934204,1.0,PS,2.0,8000.0,0.015900596028315072
6.0,4.1156589411488556,1.0,PS,2.0,8000.0,0.016579788414934904
6.0,4.338361447539279,1.0,PS,2.0,8000.0,0.017174498748284618
6.0,4.573114613875481,1.0,PS,2.0,8000.0,0.017683234339418926
6.0,4.820570513667911,1.0,PS,2.0,8000.0,0.01810570923933148
6.0,5.0814165047902815,1.0,PS,2.0,8000.0,0.01844326379874549
6.0,5.356377138752477,1.0,PS,2.0,8000.0,0.018698213624440567
6.0,5.389452332657201,1.0,PS,2.0,8000.0,0.018722769328363385
6.0,5.646216173286171,1.0,PS,2.0,8000.0,0.018873747837401793
6.0,5.9517386938335095,1.0,PS,2.0,8000.0,0.018973777872770825
6.0,6.273793349831704,1.0,PS,2.0,8000.0,0.019002720619650127
6.0,6.613274712005288,1.0,PS,2.0,8000.0,0.018965505330286913
6.0,6.971125757213828,1.0,PS,2.0,8000.0,0.018867091077246472
6.0,7.3483404877573175,1.0,PS,2.0,8000.0,0.018712877320846828
6.0,7.745966692414836,1.0,PS,2.0,8000.0,0.018507905095666178
6.0,8.165108856885828,1.0,PS,2.0,8000.0,0.018257431131933104
6.0,8.606931231718361,1.0,PS,2.0,8000.0,0.017966614517543746
6.0,9.072661066246061,1.0,PS,2.0,8000.0,0.017640301142243065
6.0,9.563592017516726,1.0,PS,2.0,8000.0,0.017283181608790724
6.0,10.081087743681516,1.0,PS,2.0,8000.0,0.016899777203354387
6.0,10.626585691826111,1.0,PS,2.0,8000.0,0.01649424501780755
6.0,11.20160109076529,1.0,PS,2.0,8000.0,0.016070448551437393
6.0,11.807731159891665,1.0,PS,2.0,8000.0,0.015632102473742474
6.0,12.446659545769569,1.0,PS,2.0,8000.0,0.015182483679810743
6.0,13.120160998797505,1.0,PS,2.0,8000.0,0.014724675877548625
6.0,13.830106302929654,1.0,PS,2.0,8000.0,0.014261484813582017
6.0,14.578467472149546,1.0,PS,2.0,8000.0,0.013795392303152977
6.0,15.367323228130308,1.0,PS,2.0,8000.0,0.01332866743252632
6.0,16.198864774296695,1.0,PS,2.0,8000.0,0.012863327801740937
6.0,17.07540188232742,1.0,PS,2.0,8000.0,0.012401176964033698
6.0,17.999369308004486,1.0,PS,2.0,8000.0,0.011943744046857245
6.0,18.973333554230518,1.0,PS,2.0,8000.0,0.011492423521483263
6.0,20.000000000000004,1.0,PS,2.0,8000.0,0.011048409054134786
6.0,3.0,1.0,PS,2.0,10000.0,0.010028365555131417
6.0,3.1623330622689494,1.0,PS,2.0,10000.0,0.010979755739140607
6.0,3.33345013223977,1.0,PS,2.0,10000.0,0.011893619611445097
6.0,3.5138265215355418,1.0,PS,2.0,10000.0,0.012758480636006583
6.0,3.703963261376446,1.0,PS,2.0,10000.0,0.013564700423819529
6.0,3.9043884942934204,1.0,PS,2.0,10000.0,0.014304592728675253
6.0,4.1156589411488556,1.0,PS,2.0,10000.0,0.014972402810687176
6.0,4.338361447539279,1.0,PS,2.0,10000.0,0.015564057597621046
6.0,4.573114613875481,1.0,PS,2.0,10000.0,0.01607731007244623
6.0,4.820570513667911,1.0,PS,2.0,10000.0,0.016511106493428716
6.0,5.0814165047902815,1.0,PS,2.0,10000.0,0.01686600789596182
6.0,5.356377138752477,1.0,PS,2.0,10000.0,0.017143576327619283
6.0,5.389452332657201,1.0,PS,2.0,10000.0,0.01717108366097548
6.0,5.646216173286171,1.0,PS,2.0,10000.0,0.017346277868709153
6.0,5.9517386938335095,1.0,PS,2.0,10000.0,0.017477327498470432
6.0,6.273793349831704,1.0,PS,2.0,10000.0,0.017540517174234202
6.0,6.613274712005288,1.0,PS,2.0,10000.0,0.017540179719283514
6.0,6.971125757213828,1.0,PS,2.0,10000.0,0.01748074833332583
6.0,7.3483404877573175,1.0,PS,2.0,10000.0,0.01736713286202682
6.0,7.745966692414836,1.0,PS,2.0,10000.0,0.017203945105641858
6.0,8.165108856885828,1.0,PS,2.0,10000.0,0.016996056838988846
6.0,8.606931231718361,1.0,PS,2.0,10000.0,0.016748294023588493
6.0,9.072661066246061,1.0,PS,2.0,10000.0,0.016465207126287226
6.0,9.563592017516726,1.0,PS,2.0,10000.0,0.01615122804801596
6.0,10.081087743681516,1.0,PS,2.0,10000.0,0.015810660673411008
6.0,10.626585691826111,1.0,PS,2.0,10000.0,0.015447476688772218
6.0,11.20160109076529,1.0,PS,2.0,10000.0,0.015065380856789289
6.0,11.807731159891665,1.0,PS,2.0,10000.0,0.01466795803540229
6.0,12.446659545769569,1.0,PS,2.0,10000.0,0.01425838111725785
6.0,13.120160998797505,1.0,PS,2.0,10000.0,0.013839640275754676
6.0,13.830106302929654,1.0,PS,2.0,10000.0,0.013414478218558573
6.0,14.578467472149546,1.0,PS,2.0,10000.0,0.012985323626493874
6.0,15.367323228130308,1.0,PS,2.0,10000.0,0.012554406826872736
6.0,16.198864774296695,1.0,PS,2.0,10000.0,0.012123718859296126
6.0,17.07540188232742,1.0,PS,2.0,10000.0,0.011695048416492547
6.0,17.999369308004486,1.0,PS,2.0,10000.0,0.011269918870631486
6.0,18.973333554230518,1.0,PS,2.0,10000.0,0.010849725538041848
6.0,20.000000000000004,1.0,PS,2.0,10000.0,0.01043566785574511
6.0,3.0,1.0,PS,2.0,15000.0,0.007725625909698872
6.0,3.1623330622689494,1.0,PS,2.0,15000.0,0.008555914668926416
6.0,3.33345013223977,1.0,PS,2.0,15000.0,0.009366117627261162
6.0,3.5138265215355418,1.0,PS,2.0,15000.0,0.010145055921155654
6.0,3.703963261376446,1.0,PS,2.0,15000.0,0.010882943439804576
6.0,3.9043884942934204,1.0,PS,2.0,15000.0,0.011571579122384445
6.0,4.1156589411488556,1.0,PS,2.0,15000.0,0.012204396599297992
6.0,4.338361447539279,1.0,PS,2.0,15000.0,0.012776317955932415
6.0,4.573114613875481,1.0,PS,2.0,15000.0,0.013283927443934574
6.0,4.820570513667911,1.0,PS,2.0,15000.0,0.013724937636591111
6.0,5.0814165047902815,1.0,PS,2.0,15000.0,0.014098615917357983
6.0,5.356377138752477,1.0,PS,2.0,15000.0,0.01440522635745618
6.0,5.389452332657201,1.0,PS,2.0,15000.0,0.01443673627510448
6.0,5.646216173286171,1.0,PS,2.0,15000.0,0.014645986779181996
6.0,5.9517386938335095,1.0,PS,2.0,15000.0,0.014822873220315396
6.0,6.273793349831704,1.0,PS,2.0,15000.0,0.014938551976919318
6.0,6.613274712005288,1.0,PS,2.0,15000.0,0.014996264404986711
6.0,6.971125757213828,1.0,PS,2.0,15000.0,0.01499947165313071
6.0,7.3483404877573175,1.0,PS,2.0,15000.0,0.014952163610572625
6.0,7.745966692414836,1.0,PS,2.0,15000.0,0.014858142971922573
6.0,8.165108856885828,1.0,PS,2.0,15000.0,0.014721540749402023
6.0,8.606931231718361,1.0,PS,2.0,15000.0,0.014546535224766755
6.0,9.072661066246061,1.0,PS,2.0,15000.0,0.0143370963377773
6.0,9.563592017516726,1.0,PS,2.0,15000.0,0.014097146682215485
6.0,10.081087743681516,1.0,PS,2.0,15000.0,0.013830551439921781
6.0,10.626585691826111,1.0,PS,2.0,15000.0,0.013540902662831414
6.0,11.20160109076529,1.0,PS,2.0,15000.0,0.013231580202815235
6.0,11.807731159891665,1.0,PS,2.0,15000.0,0.012905892658322995
6.0,12.446659545769569,1.0,PS,2.0,15000.0,0.012566789840189769
6.0,13.120160998797505,1.0,PS,2.0,15000.0,0.01221706113905151
6.0,13.830106302929654,1.0,PS,2.0,15000.0,0.011859301484019123
6.0,14.578467472149546,1.0,PS,2.0,15000.0,0.011495815277618022
6.0,15.367323228130308,1.0,PS,2.0,15000.0,0.011128736521249743
6.0,16.198864774296695,1.0,PS,2.0,15000.0,0.010759984453934378
6.0,17.07540188232742,1.0,PS,2.0,15000.0,0.010391299016135254
6.0,17.999369308004486,1.0,PS,2.0,15000.0,0.01002417233932346
6.0,18.973333554230518,1.0,PS,2.0,15000.0,0.009659983790644366
6.0,20.000000000000004,1.0,PS,2.0,15000.0,0.009299927053125403
6.0,3.0,1.2,ST,0.5,8000.0,0.01680630728194253
6.0,3.1623330622689494,1.2,ST,0.5,8000.0,0.017556715298411203
6.0,3.33345013223977,1.2,ST,0.5,8000.0,0.0182158804197764
6.0,3.5138265215355418,1.2,ST,0.5,8000.0,0.018781391904988336
6.0,3.703963261376446,1.2,ST,0.5,8000.0,0.019252516788540498
6.0,3.9043884942934204,1.2,ST,0.5,8000.0,0.019630066035619755
6.0,4.1156589411488556,1.2,ST,0.5,8000.0,0.01991617720306473
6.0,4.338361447539279,1.2,ST,0.5,8000.0,0.020113964344757384
6.0,4.573114613875481,1.2,ST,0.5,8000.0,0.020227562275968485
6.0,4.820570513667911,1.2,ST,0.5,8000.0,0.02026154422055833
6.0,5.0814165047902815,1.2,ST,0.5,8000.0,0.020221248617355816
6.0,5.356377138752477,1.2,ST,0.5,8000.0,0.020112265744898224
6.0,5.389452332657201,1.2,ST,0.5,8000.0,0.020095336705202853
6.0,5.646216173286171,1.2,ST,0.5,8000.0,0.019940374580071515
6.0,5.9517386938335095,1.2,ST,0.5,8000.0,0.01971145943045301
6.0,6.273793349831704,1.2,ST,0.5,8000.0,0.019431365003074345
6.0,6.613274712005288,1.2,ST,0.5,8000.0,0.019105935467685967
6.0,6.971125757213828,1.2,ST,0.5,8000.0,0.018740686360629408
6.0,7.3483404877573175,1.2,ST,0.5,8000.0,0.01834113186033465
6.0,7.745966692414836,1.2,ST,0.5,8000.0,0.01791224729315416
6.0,8.165108856885828,1.2,ST,0.5,8000.0,0.01745890092025656
6.0,8.606931231718361,1.2,ST,0.5,8000.0,0.016985651718744707
6.0,9.072661066246061,1.2,ST,0.5,8000.0,0.016496636711642032
6.0,9.563592017516726,1.2,ST,0.5,8000.0,0.01599570227190359
6.0,10.081087743681516,1.2,ST,0.5,8000.0,0.015486402601232246
6.0,10.626585691826111,1.2,ST,0.5,8000.0,0.014971906005102856
6.0,11.20160109076529,1.2,ST,0.5,8000.0,0.01445505361281989
6.0,11.807731159891665,1.2,ST,0.5,8000.0,0.01393847222900515
6.0,12.446659545769569,1.2,ST,0.5,8000.0,0.013424395353730127
6.0,13.120160998797505,1.2,ST,0.5,8000.0,0.012914850871739833
6.0,13.830106302929654,1.2,ST,0.5,8000.0,0.012411604370911915
6.0,14.578467472149546,1.2,ST,0.5,8000.0,0.01191615349805079
6.0,15.367323228130308,1.2,ST,0.5,8000.0,0.011429800556452941
6.0,16.198864774296695,1.2,ST,0.5,8000.0,0.010953641826065865
6.0,17.07540188232742,1.2,ST,0.5,8000.0,0.010488600656357698
6.0,17.999369308004486,1.2,ST,0.5,8000.0,0.010035398136653549
6.0,18.973333554230518,1.2,ST,0.5,8000.0,0.009594642159734853
6.0,20.000000000000004,1.2,ST,0.5,8000.0,0.00916679716399577
6.0,3.0,1.2,ST,0.5,10000.0,0.015404493015422387
6.0,3.1623330622689494,1.2,ST,0.5,10000.0,0.01614725849416673
6.0,3.33345013223977,1.2,ST,0.5,10000.0,0.016806090761371396
6.0,3.5138265215355418,1.2,ST,0.5,10000.0,0.017377869667610357
6.0,3.703963261376446,1.2,ST,0.5,10000.0,0.017861148437232983
6.0,3.9043884942934204,1.2,ST,0.5,10000.0,0.018256024999720354
6.0,4.1156589411488556,1.2,ST,0.5,10000.0,0.01856394861669641
6.0,4.338361447539279,1.2,ST,0.5,10000.0,0.01878738400692619
6.0,4.573114613875481,1.2,ST,0.5,10000.0,0.018929855348551735
6.0,4.820570513667911,1.2,ST,0.5,10000.0,0.018995374265584158
6.0,5.0814165047902815,1.2,ST,0.5,10000.0,0.018988763583958478
6.0,5.356377138752477,1.2,ST,0.5,10000.0,0.018915151081822908
6.0,5.389452332657201,1.2,ST,0.5,10000.0,0.018902443945583446
6.0,5.646216173286171,1.2,ST,0.5,10000.0,0.01877990042861453
6.0,5.9517386938335095,1.2,ST,0.5,10000.0,0.018588516374752652
6.0,6.273793349831704,1.2,ST,0.5,10000.0,0.018346526263989804
6.0,6.613274712005288,1.2,ST,0.5,10000.0,0.018059482629422897
6.0,6.971125757213828,1.2,ST,0.5,10000.0,0.017732658109063295
6.0,7.3483404877573175,1.2,ST,0.5,10000.0,0.0173713505099895
6.0,7.745966692414836,1.2,ST,0.5,10000.0,0.01698035270296484
6.0,8.165108856885828,1.2,ST,0.5,10000.0,0.016564378678976137
6.0,8.606931231718361,1.2,ST,0.5,10000.0,0.016127862765037963
6.0,9.072661066246061,1.2,ST,0.5,10000.0,0.0156748347676379
6.0,9.563592017516726,1.2,ST,0.5,10000.0,0.015209052506343343
6.0,10.081087743681516,1.2,ST,0.5,10000.0,0.014734003531348365
6.0,10.626585691826111,1.2,ST,0.5,10000.0,0.014252803457786945
6.0,11.20160109076529,1.2,ST,0.5,10000.0,0.013768252139102372
6.0,11.807731159891665,1.2,ST,0.5,10000.0,0.013282949570564202
6.0,12.446659545769569,1.2,ST,0.5,10000.0,0.012799112905047854
6.0,13.120160998797505,1.2,ST,0.5,10000.0,0.012318755957416555
6.0,13.830106302929654,1.2,ST,0.5,10000.0,0.011843645889939894
6.0,14.578467472149546,1.2,ST,0.5,10000.0,0.011375283606700133
6.0,15.367323228130308,1.2,ST,0.5,10000.0,0.010914980504368815
6.0,16.198864774296695,1.2,ST,0.5,10000.0,0.010463846342093044
6.0,17.07540188232742,1.2,ST,0.5,10000.0,0.010022822486823627
6.0,17.999369308004486,1.2,ST,0.5,10000.0,0.009592650738605827
6.0,18.973333554230518,1.2,ST,0.5,10000.0,0.009173961773451356
6.0,20.000000000000004,1.2,ST,0.5,10000.0,0.008767243577091972
6.0,3.0,1.2,ST,0.5,15000.0,0.012935643091229678
6.0,3.1623330622689494,1.2,ST,0.5,15000.0,0.01365200364289179
6.0,3.33345013223977,1.2,ST,0.5,15000.0,0.014298174569896085
6.0,3.5138265215355418,1.2,ST,0.5,15000.0,0.014869879754475464
6.0,3.703963261376446,1.2,ST,0.5,15000.0,0.015364457881386058
6.0,3.9043884942934204,1.2,ST,0.5,15000.0,0.01578077636133499
6.0,4.1156589411488556,1.2,ST,0.5,15000.0,0.01611906207968955
6.0,4.338361447539279,1.2,ST,0.5,15000.0,0.016380609949203307
6.0,4.573114613875481,1.2,ST,0.5,15000.0,0.016567824834259247
6.0,4.820570513667911,1.2,ST,0.5,15000.0,0.016683678361606058
6.0,5.0814165047902815,1.2,ST,0.5,15000.0,0.016732028935320668
6.0,5.356377138752477,1.2,ST,0.5,15000.0,0.016717116291889
6.0,5.389452332657201,1.2,ST,0.5,15000.0,0.016711472405502463
6.0,5.646216173286171,1.2,ST,0.5,15000.0,0.016643517118203336
6.0,5.9517386938335095,1.2,ST,0.5,15000.0,0.016515998245434885
6.0,6.273793349831704,1.2,ST,0.5,15000.0,0.01633946630327935
6.0,6.613274712005288,1.2,ST,0.5,15000.0,0.01611889702883458
6.0,6.971125757213828,1.2,ST,0.5,15000.0,0.015859079305991723
6.0,7.3483404877573175,1.2,ST,0.5,15000.0,0.015564873431052987
6.0,7.745966692414836,1.2,ST,0.5,15000.0,0.01524070352079806
6.0,8.165108856885828,1.2,ST,0.5,15000.0,0.014890963372588625
6.0,8.606931231718361,1.2,ST,0.5,15000.0,0.014519825288137122
6.0,9.072661066246061,1.2,ST,0.5,15000.0,0.01413109033308134
6.0,9.563592017516726,1.2,ST,0.5,15000.0,0.013728327624529394
6.0,10.081087743681516,1.2,ST,0.5,15000.0,0.013314875317436563
6.0,10.626585691826111,1.2,ST,0.5,15000.0,0.012893726838942366
6.0,11.20160109076529,1.2,ST,0.5,15000.0,0.012467586015332849
6.0,11.807731159891665,1.2,ST,0.5,15000.0,0.012038981713627099
6.0,12.446659545769569,1.2,ST,0.5,15000.0,0.011610083646114723
6.0,13.120160998797505,1.2,ST,0.5,15000.0,0.011182864478896746
6.0,13.830106302929654,1.2,ST,0.5,15000.0,0.010759077940951427
6.0,14.578467472149546,1.2,ST,0.5,15000.0,0.010340217827077731
6.0,15.367323228130308,1.2,ST,0.5,15000.0,0.009927600381326738
6.0,16.198864774296695,1.2,ST,0.5,15000.0,0.009522349636148711
6.0,17.07540188232742,1.2,ST,0.5,15000.0,0.00912543063605671
6.0,17.999369308004486,1.2,ST,0.5,15000.0,0.008737614010860454
6.0,18.973333554230518,1.2,ST,0.5,15000.0,0.008359565169829995
6.0,20.000000000000004,1.2,ST,0.5,15000.0,0.007991808630925903
6.0,3.0,1.2,ST,1.0,8000.0,0.01685194066873257
6.0,3.1623330622689494,1.2,ST,1.0,8000.0,0.017610039690528257
6.0,3.33345013223977,1.2,ST,1.0,8000.0,0.018277830531455225
6.0,3.5138265215355418,1.2,ST,1.0,8000.0,0.0188528986814569
6.0,3.703963261376446,1.2,ST,1.0,8000.0,0.019334479188163122
6.0,3.9043884942934204,1.2,ST,1.0,8000.0,0.019723323786956393
6.0,4.1156589411488556,1.2,ST,1.0,8000.0,0.020021484773109038
6.0,4.338361447539279,1.2,ST,1.0,8000.0,0.02023196724262485
6.0,4.573114613875481,1.2,ST,1.0,8000.0,0.020358779056450903
6.0,4.820570513667911,1.2,ST,1.0,8000.0,0.020406349850723156
6.0,5.0814165047902815,1.2,ST,1.0,8000.0,0.02037986728090147
6.0,5.356377138752477,1.2,ST,1.0,8000.0,0.02028476530688581
6.0,5.389452332657201,1.2,ST,1.0,8000.0,0.020269455038065456
6.0,5.646216173286171,1.2,ST,1.0,8000.0,0.020126668442200908
6.0,5.9517386938335095,1.2,ST,1.0,8000.0,0.01991130991933768
6.0,6.273793349831704,1.2,ST,1.0,8000.0,0.019644393388334236
6.0,6.613274712005288,1.2,ST,1.0,8000.0,0.019331633346539628
6.0,6.971125757213828,1.2,ST,1.0,8000.0,0.018978429293358395
6.0,7.3483404877573175,1.2,ST,1.0,8000.0,0.018590197817401392
6.0,7.745966692414836,1.2,ST,1.0,8000.0,0.01817182853352834
6.0,8.165108856885828,1.2,ST,1.0,8000.0,0.01772812367850792
6.0,8.606931231718361,1.2,ST,1.0,8000.0,0.017263595284940148
6.0,9.072661066246061,1.2,ST,1.0,8000.0,0.01678234588552401
6.0,9.563592017516726,1.2,ST,1.0,8000.0,0.016288202365083028
6.0,10.081087743681516,1.2,ST,1.0,8000.0,0.015784717036732666
6.0,10.626585691826111,1.2,ST,1.0,8000.0,0.015275064635786144
6.0,11.20160109076529,1.2,ST,1.0,8000.0,0.014762103320322486
6.0,11.807731159891665,1.2,ST,1.0,8000.0,0.014248488276938625
6.0,12.446659545769569,1.2,ST,1.0,8000.0,0.013736488171321747
6.0,13.120160998797505,1.2,ST,1.0,8000.0,0.013228171072635306
6.0,13.830106302929654,1.2,ST,1.0,8000.0,0.012725349696423817
6.0,14.578467472149546,1.2,ST,1.0,8000.0,0.012229569119101434
6.0,15.367323228130308,1.2,ST,1.0,8000.0,0.01174218393075352
6.0,16.198864774296695,1.2,ST,1.0,8000.0,0.011264343889268398
6.0,17.07540188232742,1.2,ST,1.0,8000.0,0.010797026196318438
6.0,17.999369308004486,1.2,ST,1.0,8000.0,0.010341003265098955
6.0,18.973333554230518,1.2,ST,1.0,8000.0,0.00989693648566028
6.0,20.000000000000004,1.2,ST,1.0,8000.0,0.009465341305907635
6.0,3.0,1.2,ST,1.0,10000.0,0.015441802088173539
6.0,3.1623330622689494,1.2,ST,1.0,10000.0,0.016191880208562114
6.0,3.33345013223977,1.2,ST,1.0,10000.0,0.016858985129768075
6.0,3.5138265215355418,1.2,ST,1.0,10000.0,0.01743999271493083
6.0,3.703963261376446,1.2,ST,1.0,10000.0,0.01793342371932328
6.0,3.9043884942934204,1.2,ST,1.0,10000.0,0.0183393160656093
6.0,4.1156589411488556,1.2,ST,1.0,10000.0,0.018659032808341875
6.0,4.338361447539279,1.2,ST,1.0,10000.0,0.01889492867100372
6.0,4.573114613875481,1.2,ST,1.0,10000.0,0.019050399740629477
6.0,4.820570513667911,1.2,ST,1.0,10000.0,0.019129312896399988
6.0,5.0814165047902815,1.2,ST,1.0,10000.0,0.0191363389909743
6.0,5.356377138752477,1.2,ST,1.0,10000.0,0.01907644834688286
6.0,5.389452332657201,1.2,ST,1.0,10000.0,0.019065342471765237
6.0,5.646216173286171,1.2,ST,1.0,10000.0,0.018954849050977166
6.0,5.9517386938335095,1.2,ST,1.0,10000.0,0.01877689360293492
6.0,6.273793349831704,1.2,ST,1.0,10000.0,0.01854796734312912
6.0,6.613274712005288,1.2,ST,1.0,10000.0,0.018273492093380642
6.0,6.971125757213828,1.2,ST,1.0,10000.0,0.017958623592702894
6.0,7.3483404877573175,1.2,ST,1.0,10000.0,0.017608561173632877
6.0,7.745966692414836,1.2,ST,1.0,10000.0,0.01722801119831492
6.0,8.165108856885828,1.2,ST,1.0,10000.0,0.016821620899447273
6.0,8.606931231718361,1.2,ST,1.0,10000.0,0.016393777044693882
6.0,9.072661066246061,1.2,ST,1.0,10000.0,0.015948474329584964
6.0,9.563592017516726,1.2,ST,1.0,10000.0,0.01548945049705287
6.0,10.081087743681516,1.2,ST,1.0,10000.0,0.015020190737279823
6.0,10.626585691826111,1.2,ST,1.0,10000.0,0.014543816654994239
6.0,11.20160109076529,1.2,ST,1.0,10000.0,0.014063144703551425
6.0,11.807731159891665,1.2,ST,1.0,10000.0,0.013580802923909747
6.0,12.446659545769569,1.2,ST,1.0,10000.0,0.013099043349196043
6.0,13.120160998797505,1.2,ST,1.0,10000.0,0.012619919607383824
6.0,13.830106302929654,1.2,ST,1.0,10000.0,0.012145245813553527
6.0,14.578467472149546,1.2,ST,1.0,10000.0,0.011676570067647052
6.0,15.367323228130308,1.2,ST,1.0,10000.0,0.011215255859284788
6.0,16.198864774296695,1.2,ST,1.0,10000.0,0.010762466256545885
6.0,17.07540188232742,1.2,ST,1.0,10000.0,0.010319196355865257
6.0,17.999369308004486,1.2,ST,1.0,10000.0,0.009886239176776461
6.0,18.973333554230518,1.2,ST,1.0,10000.0,0.00946427880049598
6.0,20.000000000000004,1.2,ST,1.0,10000.0,0.009053854115626227
6.0,3.0,1.2,ST,1.0,15000.0,0.012969377292992003
6.0,3.1623330622689494,1.2,ST,1.0,15000.0,0.013692867876663102
6.0,3.33345013223977,1.2,ST,1.0,15000.0,0.014347139339933812
6.0,3.5138265215355418,1.2,ST,1.0,15000.0,0.014927911669040632
6.0,3.703963261376446,1.2,ST,1.0,15000.0,0.015432491008119952
6.0,3.9043884942934204,1.2,ST,1.0,15000.0,0.015859684556283886
6.0,4.1156589411488556,1.2,ST,1.0,15000.0,0.01620963267233294
6.0,4.338361447539279,1.2,ST,1.0,15000.0,0.016483519897977705
6.0,4.573114613875481,1.2,ST,1.0,15000.0,0.016683622561817473
6.0,4.820570513667911,1.2,ST,1.0,15000.0,0.01681276708101229
6.0,5.0814165047902815,1.2,ST,1.0,15000.0,0.016874659396077723
6.0,5.356377138752477,1.2,ST,1.0,15000.0,0.016873381280239616
6.0,5.389452332657201,1.2,ST,1.0,15000.0,0.016869328932857176
6.0,5.646216173286171,1.2,ST,1.0,15000.0,0.016813353368664727
6.0,5.9517386938335095,1.2,ST,1.0,15000.0,0.0166991897090782
6.0,6.273793349831704,1.2,ST,1.0,15000.0,0.01653565450175744
6.0,6.613274712005288,1.2,ST,1.0,15000.0,0.016327592291201565
6.0,6.971125757213828,1.2,ST,1.0,15000.0,0.016079674663206624
6.0,7.3483404877573175,1.2,ST,1.0,15000.0,0.015796663016483317
6.0,7.745966692414836,1.2,ST,1.0,15000.0,0.015482894585874837
6.0,8.165108856885828,1.2,ST,1.0,15000.0,0.015142696048163323
6.0,8.606931231718361,1.2,ST,1.0,15000.0,0.014780191839696526
6.0,9.072661066246061,1.2,ST,1.0,15000.0,0.014399147601315375
6.0,9.563592017516726,1.2,ST,1.0,15000.0,0.014003112083901065
6.0,10.081087743681516,1.2,ST,1.0,15000.0,0.013595420834639962
6.0,10.626585691826111,1.2,ST,1.0,15000.0,0.013179073033099828
6.0,11.20160109076529,1.2,ST,1.0,15000.0,0.012756788884024688
6.0,11.807731159891665,1.2,ST,1.0,15000.0,0.01233112510599398
6.0,12.446659545769569,1.2,ST,1.0,15000.0,0.01190428613077537
6.0,13.120160998797505,1.2,ST,1.0,15000.0,0.011478284239343241
6.0,13.830106302929654,1.2,ST,1.0,15000.0,0.011054919991843964
6.0,14.578467472149546,1.2,ST,1.0,15000.0,0.010635734239298363
6.0,15.367323228130308,1.2,ST,1.0,15000.0,0.010222095196045621
6.0,16.198864774296695,1.2,ST,1.0,15000.0,0.009815180093137756
6.0,17.07540188232742,1.2,ST,1.0,15000.0,0.009416007615492984
6.0,17.999369308004486,1.2,ST,1.0,15000.0,0.009025399526943884
6.0,18.973333554230518,1.2,ST,1.0,15000.0,0.008644074569270169
6.0,20.000000000000004,1.2,ST,1.0,15000.0,0.008272608081729867
6.0,3.0,1.2,ST,2.0,8000.0,0.01687654864795364
6.0,3.1623330622689494,1.2,ST,2.0,8000.0,0.01763920081297414
6.0,3.33345013223977,1.2,ST,2.0,8000.0,0.018312209867396335
6.0,3.5138265215355418,1.2,ST,2.0,8000.0,0.018893186163152057
6.0,3.703963261376446,1.2,ST,2.0,8000.0,0.019381371891699434
6.0,3.9043884942934204,1.2,ST,2.0,8000.0,0.019777507190702568
6.0,4.1156589411488556,1.2,ST,2.0,8000.0,0.0200836133227875
6.0,4.338361447539279,1.2,ST,2.0,8000.0,0.020302645090385978
6.0,4.573114613875481,1.2,ST,2.0,8000.0,0.020438543290771428
6.0,4.820570513667911,1.2,ST,2.0,8000.0,0.020495654058661966
6.0,5.0814165047902815,1.2,ST,2.0,8000.0,0.02047907038519899
6.0,5.356377138752477,1.2,ST,2.0,8000.0,0.020394121708679613
6.0,5.389452332657201,1.2,ST,2.0,8000.0,0.02038000911236113
6.0,5.646216173286171,1.2,ST,2.0,8000.0,0.02024632334100423
6.0,5.9517386938335095,1.2,ST,2.0,8000.0,0.020041295752194727
6.0,6.273793349831704,1.2,ST,2.0,8000.0,0.01978463162491655
6.0,6.613274712005288,1.2,ST,2.0,8000.0,0.01948193800720566
6.0,6.971125757213828,1.2,ST,2.0,8000.0,0.01913851282141584
6.0,7.3483404877573175,1.2,ST,2.0,8000.0,0.018759681377060355
6.0,7.745966692414836,1.2,ST,2.0,8000.0,0.01835024853020274
6.0,8.165108856885828,1.2,ST,2.0,8000.0,0.01791494466474923
6.0,8.606931231718361,1.2,ST,2.0,8000.0,0.017458223320575738
6.0,9.072661066246061,1.2,ST,2.0,8000.0,0.016984138041569542
6.0,9.563592017516726,1.2,ST,2.0,8000.0,0.01649647818358483
6.0,10.081087743681516,1.2,ST,2.0,8000.0,0.015998772995539697
6.0,10.626585691826111,1.2,ST,2.0,8000.0,0.01549418182716677
6.0,11.20160109076529,1.2,ST,2.0,8000.0,0.014985557221647978
6.0,11.807731159891665,1.2,ST,2.0,8000.0,0.014475559185291118
6.0,12.446659545769569,1.2,ST,2.0,8000.0,0.013966468564510703
6.0,13.120160998797505,1.2,ST,2.0,8000.0,0.01346037137810224
6.0,13.830106302929654,1.2,ST,2.0,8000.0,0.012959105699233173
6.0,14.578467472149546,1.2,ST,2.0,8000.0,0.012464244295260185
6.0,15.367323228130308,1.2,ST,2.0,8000.0,0.01197717503610231
6.0,16.198864774296695,1.2,ST,2.0,8000.0,0.011499083604340038
6.0,17.07540188232742,1.2,ST,2.0,8000.0,0.011030984975050643
6.0,17.999369308004486,1.2,ST,2.0,8000.0,0.010573689065909754
6.0,18.973333554230518,1.2,ST,2.0,8000.0,0.010127897521443994
6.0,20.000000000000004,1.2,ST,2.0,8000.0,0.009694165300701302
6.0,3.0,1.2,ST,2.0,10000.0,0.015462203689959807
6.0,3.1623330622689494,1.2,ST,2.0,10000.0,0.016216641914651723
6.0,3.33345013223977,1.2,ST,2.0,10000.0,0.016888784540255084
6.0,3.5138265215355418,1.2,ST,2.0,10000.0,0.017475532180605758
6.0,3.703963261376446,1.2,ST,2.0,10000.0,0.017975412490483986
6.0,3.9043884942934204,1.2,ST,2.0,10000.0,0.01838845140146255
6.0,4.1156589411488556,1.2,ST,2.0,10000.0,0.018715980456693104
6.0,4.338361447539279,1.2,ST,2.0,10000.0,0.01896030356050752
6.0,4.573114613875481,1.2,ST,2.0,10000.0,0.019124749159909103
6.0,4.820570513667911,1.2,ST,2.0,10000.0,0.019213100045430108
6.0,5.0814165047902815,1.2,ST,2.0,10000.0,0.019229931800854274
6.0,5.356377138752477,1.2,ST,2.0,10000.0,0.01918010964869002
6.0,5.389452332657201,1.2,ST,2.0,10000.0,0.019170192061637024
6.0,5.646216173286171,1.2,ST,2.0,10000.0,0.01906873190390127
6.0,5.9517386938335095,1.2,ST,2.0,10000.0,0.018901037703820695
6.0,6.273793349831704,1.2,ST,2.0,10000.0,0.01868230093724773
6.0,6.613274712005288,1.2,ST,2.0,10000.0,0.018417835444447816
6.0,6.971125757213828,1.2,ST,2.0,10000.0,0.018112694944221932
6.0,7.3483404877573175,1.2,ST,2.0,10000.0,0.0177719870343087
6.0,7.745966692414836,1.2,ST,2.0,10000.0,0.017400332905998486
6.0,8.165108856885828,1.2,ST,2.0,10000.0,0.017002307558380673
6.0,8.606931231718361,1.2,ST,2.0,10000.0,0.016582238945581137
6.0,9.072661066246061,1.2,ST,2.0,10000.0,0.016144072449621537
6.0,9.563592017516726,1.2,ST,2.0,10000.0,0.01569150797523008
6.0,10.081087743681516,1.2,ST,2.0,10000.0,0.015228007398341443
6.0,10.626585691826111,1.2,ST,2.0,10000.0,0.014756676703266136
6.0,11.20160109076529,1.2,ST,2.0,10000.0,0.014280326498635853
6.0,11.807731159891665,1.2,ST,2.0,10000.0,0.01380158946225689
6.0,12.446659545769569,1.2,ST,2.0,10000.0,0.013322729650771229
6.0,13.120160998797505,1.2,ST,2.0,10000.0,0.012845818439456268
6.0,13.830106302929654,1.2,ST,2.0,10000.0,0.012372695199829243
6.0,14.578467472149546,1.2,ST,2.0,10000.0,0.011904935590661313
6.0,15.367323228130308,1.2,ST,2.0,10000.0,0.011443936269627412
6.0,16.198864774296695,1.2,ST,2.0,10000.0,0.010990896130342685
6.0,17.07540188232742,1.2,ST,2.0,10000.0,0.010546847967476193
6.0,17.999369308004486,1.2,ST,2.0,10000.0,0.010112622239481336
6.0,18.973333554230518,1.2,ST,2.0,10000.0,0.009688943223052174
6.0,20.000000000000004,1.2,ST,2.0,10000.0,0.009276389251465515
6.0,3.0,1.2,ST,2.0,15000.0,0.012987987226507222
6.0,3.1623330622689494,1.2,ST,2.0,15000.0,0.013715746215585769
6.0,3.33345013223977,1.2,ST,2.0,15000.0,0.014374968916245725
6.0,3.5138265215355418,1.2,ST,2.0,15000.0,0.014961400110932692
6.0,3.703963261376446,1.2,ST,2.0,15000.0,0.015472352807157558
6.0,3.9043884942934204,1.2,ST,2.0,15000.0,0.015906622110035115
6.0,4.1156589411488556,1.2,ST,2.0,15000.0,0.01626431670654201
6.0,4.338361447539279,1.2,ST,2.0,15000.0,0.016546570130579835
6.0,4.573114613875481,1.2,ST,2.0,15000.0,0.01675559084745677
6.0,4.820570513667911,1.2,ST,2.0,15000.0,0.01689412095229284
6.0,5.0814165047902815,1.2,ST,2.0,15000.0,0.016965770870458193
6.0,5.356377138752477,1.2,ST,2.0,15000.0,0.016974517020096048
6.0,5.389452332657201,1.2,ST,2.0,15000.0,0.01697164803273554
6.0,5.646216173286171,1.2,ST,2.0,15000.0,0.01692467002864063
6.0,5.9517386938335095,1.2,ST,2.0,15000.0,0.016820730313618144
6.0,6.273793349831704,1.2,ST,2.0,15000.0,0.016667350409299835
6.0,6.613274712005288,1.2,ST,2.0,15000.0,0.01646926663631873
6.0,6.971125757213828,1.2,ST,2.0,15000.0,0.016231048359101354
6.0,7.3483404877573175,1.2,ST,2.0,15000.0,0.015957365028237996
6.0,7.745966692414836,1.2,ST,2.0,15000.0,0.015652468519227594
6.0,8.165108856885828,1.2,ST,2.0,15000.0,0.01532061309214729
6.0,8.606931231718361,1.2,ST,2.0,15000.0,0.014965864214843317
6.0,9.072661066246061,1.2,ST,2.0,15000.0,0.014591938055598438
6.0,9.563592017516726,1.2,ST,2.0,15000.0,0.014202345380061857
6.0,10.081087743681516,1.2,ST,2.0,15000.0,0.013800398295026604
6.0,10.626585691826111,1.2,ST,2.0,15000.0,0.013389080238662943
6.0,11.20160109076529,1.2,ST,2.0,15000.0,0.01297110545774162
6.0,11.807731159891665,1.2,ST,2.0,15000.0,0.012549035208030348
6.0,12.446659545769569,1.2,ST,2.0,15000.0,0.01212508586177814
6.0,13.120160998797505,1.2,ST,2.0,15000.0,0.011701287345170187
6.0,13.830106302929654,1.2,ST,2.0,15000.0,0.011279465411118161
6.0,14.578467472149546,1.2,ST,2.0,15000.0,0.01086118839655113
6.0,15.367323228130308,1.2,ST,2.0,15000.0,0.010447857619313942
6.0,16.198864774296695,1.2,ST,2.0,15000.0,0.010040686077476393
6.0,17.07540188232742,1.2,ST,2.0,15000.0,0.00964073010621233
6.0,17.999369308004486,1.2,ST,2.0,15000.0,0.00924884886193529
6.0,18.973333554230518,1.2,ST,2.0,15000.0,0.008865801241818867
6.0,20.000000000000004,1.2,ST,2.0,15000.0,0.00849220198502152
6.0,3.0,1.2,PS,0.5,8000.0,0.016979889525768656
6.0,3.1623330622689494,1.2,PS,0.5,8000.0,0.01814714482328887
6.0,3.33345013223977,1.2,PS,0.5,8000.0,0.019224972370524264
6.0,3.5138265215355418,1.2,PS,0.5,8000.0,0.02020368909218816
6.0,3.703963261376446,1.2,PS,0.5,8000.0,0.02107624367856121
6.0,3.9043884942934204,1.2,PS,0.5,8000.0,0.021838145149843058
6.0,4.1156589411488556,1.2,PS,0.5,8000.0,0.022487236491196265
6.0,4.338361447539279,1.2,PS,0.5,8000.0,0.023023245097116056
6.0,4.573114613875481,1.2,PS,0.5,8000.0,0.02344785828866087
6.0,4.820570513667911,1.2,PS,0.5,8000.0,0.02376389398629775
6.0,5.0814165047902815,1.2,PS,0.5,8000.0,0.023975749630089017
6.0,5.356377138752477,1.2,PS,0.5,8000.0,0.0240886451220181
6.0,5.389452332657201,1.2,PS,0.5,8000.0,0.02409567011201978
6.0,5.646216173286171,1.2,PS,0.5,8000.0,0.024108503745425242
6.0,5.9517386938335095,1.2,PS,0.5,8000.0,0.024041789776404726
6.0,6.273793349831704,1.2,PS,0.5,8000.0,0.02389527143306611
6.0,6.613274712005288,1.2,PS,0.5,8000.0,0.0236760399553683
6.0,6.971125757213828,1.2,PS,0.5,8000.0,0.023390994917070685
6.0,7.3483404877573175,1.2,PS,0.5,8000.0,0.023047299875747416
6.0,7.745966692414836,1.2,PS,0.5,8000.0,0.0226515437375803
6.0,8.165108856885828,1.2,PS,0.5,8000.0,0.02221036490661111
6.0,8.606931231718361,1.2,PS,0.5,8000.0,0.021730125888842905
6.0,9.072661066246061,1.2,PS,0.5,8000.0,0.021216709389084713
6.0,9.563592017516726,1.2,PS,0.5,8000.0,0.020675695958554008
6.0,10.081087743681516,1.2,PS,0.5,8000.0,0.020112352651961478
6.0,10.626585691826111,1.2,PS,0.5,8000.0,0.019531456567883517
6.0,11.20160109076529,1.2,PS,0.5,8000.0,0.01893737466231461
6.0,11.807731159891665,1.2,PS,0.5,8000.0,0.018334222242878558
6.0,12.446659545769569,1.2,PS,0.5,8000.0,0.0177255768667603
6.0,13.120160998797505,1.2,PS,0.5,8000.0,0.01711474631697077
6.0,13.830106302929654,1.2,PS,0.5,8000.0,0.016504681319117056
6.0,14.578467472149546,1.2,PS,0.5,8000.0,0.01589794883403355
6.0,15.367323228130308,1.2,PS,0.5,8000.0,0.015296843264681318
6.0,16.198864774296695,1.2,PS,0.5,8000.0,0.014703359449072178
6.0,17.07540188232742,1.2,PS,0.5,8000.0,0.014119237698923648
6.0,17.999369308004486,1.2,PS,0.5,8000.0,0.013545912642152836
6.0,18.973333554230518,1.2,PS,0.5,8000.0,0.01298465075005036
6.0,20.000000000000004,1.2,PS,0.5,8000.0,0.01243649616834769
6.0,3.0,1.2,PS,0.5,10000.0,0.015205310410700383
6.0,3.1623330622689494,1.2,PS,0.5,10000.0,0.01632832284569757
6.0,3.33345013223977,1.2,PS,0.5,10000.0,0.017374228633651293
6.0,3.5138265215355418,1.2,PS,0.5,10000.0,0.01833267212728521
6.0,3.703963261376446,1.2,PS,0.5,10000.0,0.019195789867899
6.0,3.9043884942934204,1.2,PS,0.5,10000.0,0.019958170067356448
6.0,4.1156589411488556,1.2,PS,0.5,10000.0,0.020616682025724187
6.0,4.338361447539279,1.2,PS,0.5,10000.0,0.021170069726582877
6.0,4.573114613875481,1.2,PS,0.5,10000.0,0.021619040884485918
6.0,4.820570513667911,1.2,PS,0.5,10000.0,0.02196547366253059
6.0,5.0814165047902815,1.2,PS,0.5,10000.0,0.02221286570881236
6.0,5.356377138752477,1.2,PS,0.5,10000.0,0.022365602884854906
6.0,5.389452332657201,1.2,PS,0.5,10000.0,0.02237752610791173
6.0,5.646216173286171,1.2,PS,0.5,10000.0,0.022428838106085883
6.0,5.9517386938335095,1.2,PS,0.5,10000.0,0.02240831776633711
6.0,6.273793349831704,1.2,PS,0.5,10000.0,0.02231018747549373
6.0,6.613274712005288,1.2,PS,0.5,10000.0,0.022140960216800645
6.0,6.971125757213828,1.2,PS,0.5,10000.0,0.02190703959830387
6.0,7.3483404877573175,1.2,PS,0.5,10000.0,0.021615140468058736
6.0,7.745966692414836,1.2,PS,0.5,10000.0,0.021271466334560948
6.0,8.165108856885828,1.2,PS,0.5,10000.0,0.020882320862338953
6.0,8.606931231718361,1.2,PS,0.5,10000.0,0.020453786212998388
6.0,9.072661066246061,1.2,PS,0.5,10000.0,0.019991501435990943
6.0,9.563592017516726,1.2,PS,0.5,10000.0,0.019500840201141918
6.0,10.081087743681516,1.2,PS,0.5,10000.0,0.01898690366232033
6.0,10.626585691826111,1.2,PS,0.5,10000.0,0.018454332236399404
6.0,11.20160109076529,1.2,PS,0.5,10000.0,0.017907380442226464
6.0,11.807731159891665,1.2,PS,0.5,10000.0,0.01735007878140772
6.0,12.446659545769569,1.2,PS,0.5,10000.0,0.016785941969758654
6.0,13.120160998797505,1.2,PS,0.5,10000.0,0.016218223192250015
6.0,13.830106302929654,1.2,PS,0.5,10000.0,0.01564984660370447
6.0,14.578467472149546,1.2,PS,0.5,10000.0,0.01508335926416933
6.0,15.367323228130308,1.2,PS,0.5,10000.0,0.014521047825237717
6.0,16.198864774296695,1.2,PS,0.5,10000.0,0.013964909046452856
6.0,17.07540188232742,1.2,PS,0.5,10000.0,0.013416694627391373
6.0,17.999369308004486,1.2,PS,0.5,10000.0,0.012877857050519196
6.0,18.973333554230518,1.2,PS,0.5,10000.0,0.012349685645354842
6.0,20.000000000000004,1.2,PS,0.5,10000.0,0.011833250324966333
6.0,3.0,1.2,PS,0.5,15000.0,0.012172356659262093
6.0,3.1623330622689494,1.2,PS,0.5,15000.0,0.013196983922602053
6.0,3.33345013223977,1.2,PS,0.5,15000.0,0.01416632478470182
6.0,3.5138265215355418,1.2,PS,0.5,15000.0,0.015069232589930247
6.0,3.703963261376446,1.2,PS,0.5,15000.0,0.015896710917187837
6.0,3.9043884942934204,1.2,PS,0.5,15000.0,0.016641968155251503
6.0,4.1156589411488556,1.2,PS,0.5,15000.0,0.017300320421986662
6.0,4.338361447539279,1.2,PS,0.5,15000.0,0.01786888803869667
6.0,4.573114613875481,1.2,PS,0.5,15000.0,0.01834670803595672
6.0,4.820570513667911,1.2,PS,0.5,15000.0,0.0187340234686214
6.0,5.0814165047902815,1.2,PS,0.5,15000.0,0.01903273593616657
6.0,5.356377138752477,1.2,PS,0.5,15000.0,0.019245708089985297
6.0,5.389452332657201,1.2,PS,0.5,15000.0,0.01926518226133968
6.0,5.646216173286171,1.2,PS,0.5,15000.0,0.019376690888156755
6.0,5.9517386938335095,1.2,PS,0.5,15000.0,0.019430089319967026
6.0,6.273793349831704,1.2,PS,0.5,15000.0,0.019410874408282472
6.0,6.613274712005288,1.2,PS,0.5,15000.0,0.01932445296888934
6.0,6.971125757213828,1.2,PS,0.5,15000.0,0.019176271362606852
6.0,7.3483404877573175,1.2,PS,0.5,15000.0,0.018972164368756306
6.0,7.745966692414836,1.2,PS,0.5,15000.0,0.018717577657609962
6.0,8.165108856885828,1.2,PS,0.5,15000.0,0.018418141395544308
6.0,8.606931231718361,1.2,PS,0.5,15000.0,0.01807936697141767
6.0,9.072661066246061,1.2,PS,0.5,15000.0,0.017706390841914523
6.0,9.563592017516726,1.2,PS,0.5,15000.0,0.017304158856924705
6.0,10.081087743681516,1.2,PS,0.5,15000.0,0.016877417232663575
6.0,10.626585691826111,1.2,PS,0.5,15000.0,0.016430507417250457
6.0,11.20160109076529,1.2,PS,0.5,15000.0,0.015967437233064166
6.0,11.807731159891665,1.2,PS,0.5,15000.0,0.015492038486663213
6.0,12.446659545769569,1.2,PS,0.5,15000.0,0.015007674825299992
6.0,13.120160998797505,1.2,PS,0.5,15000.0,0.014517467044550134
6.0,13.830106302929654,1.2,PS,0.5,15000.0,0.01402425708563325
6.0,14.578467472149546,1.2,PS,0.5,15000.0,0.013530527643741576
6.0,15.367323228130308,1.2,PS,0.5,15000.0,0.01303852558626536
6.0,16.198864774296695,1.2,PS,0.5,15000.0,0.012550228260734318
6.0,17.07540188232742,1.2,PS,0.5,15000.0,0.012067387423525446
6.0,17.999369308004486,1.2,PS,0.5,15000.0,0.01159146844515405
6.0,18.973333554230518,1.2,PS,0.5,15000.0,0.011123786245761446
6.0,20.000000000000004,1.2,PS,0.5,15000.0,0.010665442791690443
6.0,3.0,1.2,PS,1.0,8000.0,0.017012172906493872
6.0,3.1623330622689494,1.2,PS,1.0,8000.0,0.01818421821010729
6.0,3.33345013223977,1.2,PS,1.0,8000.0,0.019267415703807973
6.0,3.5138265215355418,1.2,PS,1.0,8000.0,0.020252129824029252
6.0,3.703963261376446,1.2,PS,1.0,8000.0,0.021131346864455225
6.0,3.9043884942934204,1.2,PS,1.0,8000.0,0.021900600772817743
6.0,4.1156589411488556,1.2,PS,1.0,8000.0,0.02255774375207661
6.0,4.338361447539279,1.2,PS,1.0,8000.0,0.02310249427312406
6.0,4.573114613875481,1.2,PS,1.0,8000.0,0.023536512926468328
6.0,4.820570513667911,1.2,PS,1.0,8000.0,0.023862570573108848
6.0,5.0814165047902815,1.2,PS,1.0,8000.0,0.024085001743113475
6.0,5.356377138752477,1.2,PS,1.0,8000.0,0.024208946678674945
6.0,5.389452332657201,1.2,PS,1.0,8000.0,0.024217289208515885
6.0,5.646216173286171,1.2,PS,1.0,8000.0,0.024240236592674436
6.0,5.9517386938335095,1.2,PS,1.0,8000.0,0.024185232535333317
6.0,6.273793349831704,1.2,PS,1.0,8000.0,0.02405059326331774
6.0,6.613274712005288,1.2,PS,1.0,8000.0,0.023843296868155135
6.0,6.971125757213828,1.2,PS,1.0,8000.0,0.023570128715818827
6.0,7.3483404877573175,1.2,PS,1.0,8000.0,0.023238143242951804
6.0,7.745966692414836,1.2,PS,1.0,8000.0,0.022853821183136006
6.0,8.165108856885828,1.2,PS,1.0,8000.0,0.022423702690779413
6.0,8.606931231718361,1.2,PS,1.0,8000.0,0.021954063356436338
6.0,9.072661066246061,1.2,PS,1.0,8000.0,0.021450706125348915
6.0,9.563592017516726,1.2,PS,1.0,8000.0,0.020919143181212702
6.0,10.081087743681516,1.2,PS,1.0,8000.0,0.020364588584124363
6.0,10.626585691826111,1.2,PS,1.0,8000.0,0.019791774302699787
6.0,11.20160109076529,1.2,PS,1.0,8000.0,0.019205033487937426
6.0,11.807731159891665,1.2,PS,1.0,8000.0,0.01860846075777398
6.0,12.446659545769569,1.2,PS,1.0,8000.0,0.0180056221833311
6.0,13.120160998797505,1.2,PS,1.0,8000.0,0.01739982232515722
6.0,13.830106302929654,1.2,PS,1.0,8000.0,0.016794019240804946
6.0,14.578467472149546,1.2,PS,1.0,8000.0,0.016190791153389485
6.0,15.367323228130308,1.2,PS,1.0,8000.0,0.01559245266682792
6.0,16.198864774296695,1.2,PS,1.0,8000.0,0.015001023960830888
6.0,17.07540188232742,1.2,PS,1.0,8000.0,0.01441827502331463
6.0,17.999369308004486,1.2,PS,1.0,8000.0,0.013845670987601292
6.0,18.973333554230518,1.2,PS,1.0,8000.0,0.01328451492697061
6.0,20.000000000000004,1.2,PS,1.0,8000.0,0.012735888275648775
6.0,3.0,1.2,PS,1.0,10000.0,0.015227030669436321
6.0,3.1623330622689494,1.2,PS,1.0,10000.0,0.016354140973839904
6.0,3.33345013223977,1.2,PS,1.0,10000.0,0.01740475923652706
6.0,3.5138265215355418,1.2,PS,1.0,10000.0,0.018368579555261947
6.0,3.703963261376446,1.2,PS,1.0,10000.0,0.01923777745566404
6.0,3.9043884942934204,1.2,PS,1.0,10000.0,0.020006966597095655
6.0,4.1156589411488556,1.2,PS,1.0,10000.0,0.020673025375051505
6.0,4.338361447539279,1.2,PS,1.0,10000.0,0.021234688262156264
6.0,4.573114613875481,1.2,PS,1.0,10000.0,0.021692635200191754
6.0,4.820570513667911,1.2,PS,1.0,10000.0,0.022048696005886586
6.0,5.0814165047902815,1.2,PS,1.0,10000.0,0.022306303849508678
6.0,5.356377138752477,1.2,PS,1.0,10000.0,0.02246976329218577
6.0,5.389452332657201,1.2,PS,1.0,10000.0,0.02248296787390218
6.0,5.646216173286171,1.2,PS,1.0,10000.0,0.022544133440778862
6.0,5.9517386938335095,1.2,PS,1.0,10000.0,0.022535055546089696
6.0,6.273793349831704,1.2,PS,1.0,10000.0,0.02244856410282131
6.0,6.613274712005288,1.2,PS,1.0,10000.0,0.022291057098288634
6.0,6.971125757213828,1.2,PS,1.0,10000.0,0.022068822328111297
6.0,7.3483404877573175,1.2,PS,1.0,10000.0,0.021788463838722318
6.0,7.745966692414836,1.2,PS,1.0,10000.0,0.02145607543524678
6.0,8.165108856885828,1.2,PS,1.0,10000.0,0.02107786107456325
6.0,8.606931231718361,1.2,PS,1.0,10000.0,0.020659814726693804
6.0,9.072661066246061,1.2,PS,1.0,10000.0,0.020207494418057134
6.0,9.563592017516726,1.2,PS,1.0,10000.0,0.01972620424505153
6.0,10.081087743681516,1.2,PS,1.0,10000.0,0.01922099134716109
6.0,10.626585691826111,1.2,PS,1.0,10000.0,0.018696450062664082
6.0,11.20160109076529,1.2,PS,1.0,10000.0,0.018156800192899888
6.0,11.807731159891665,1.2,PS,1.0,10000.0,0.01760605078667428
6.0,12.446659545769569,1.2,PS,1.0,10000.0,0.017047704414380988
6.0,13.120160998797505,1.2,PS,1.0,10000.0,0.016485010263113126
6.0,13.830106302929654,1.2,PS,1.0,10000.0,0.015920899356729894
6.0,14.578467472149546,1.2,PS,1.0,10000.0,0.015357929485758202
6.0,15.367323228130308,1.2,PS,1.0,10000.0,0.014798407044256176
6.0,16.198864774296695,1.2,PS,1.0,10000.0,0.01424435372742295
6.0,17.07540188232742,1.2,PS,1.0,10000.0,0.01369755058778117
6.0,17.999369308004486,1.2,PS,1.0,10000.0,0.013159480332798403
6.0,18.973333554230518,1.2,PS,1.0,10000.0,0.012631468641058952
6.0,20.000000000000004,1.2,PS,1.0,10000.0,0.01211462245073675
6.0,3.0,1.2,PS,1.0,15000.0,0.01218967068990569
6.0,3.1623330622689494,1.2,PS,1.0,15000.0,0.013218072197652536
6.0,3.33345013223977,1.2,PS,1.0,15000.0,0.01419181457753358
6.0,3.5138265215355418,1.2,PS,1.0,15000.0,0.015099802338596258
6.0,3.703963261376446,1.2,PS,1.0,15000.0,0.01593307903339161
6.0,3.9043884942934204,1.2,PS,1.0,15000.0,0.01668487910215213
6.0,4.1156589411488556,1.2,PS,1.0,15000.0,0.01735052801697733
6.0,4.338361447539279,1.2,PS,1.0,15000.0,0.01792713660842277
6.0,4.573114613875481,1.2,PS,1.0,15000.0,0.01841371390428451
6.0,4.820570513667911,1.2,PS,1.0,15000.0,0.018810454245833184
6.0,5.0814165047902815,1.2,PS,1.0,15000.0,0.01911919423030247
6.0,5.356377138752477,1.2,PS,1.0,15000.0,0.019342714579821573
6.0,5.389452332657201,1.2,PS,1.0,15000.0,0.019363450670266992
6.0,5.646216173286171,1.2,PS,1.0,15000.0,0.019484671800448272
6.0,5.9517386938335095,1.2,PS,1.0,15000.0,0.019549364949663608
6.0,6.273793349831704,1.2,PS,1.0,15000.0,0.019541653255098827
6.0,6.613274712005288,1.2,PS,1.0,15000.0,0.019466827740771662
6.0,6.971125757213828,1.2,PS,1.0,15000.0,0.019330218262749402
6.0,7.3483404877573175,1.2,PS,1.0,15000.0,0.0191375480428481
6.0,7.745966692414836,1.2,PS,1.0,15000.0,0.01889415237001567
6.0,8.165108856885828,1.2,PS,1.0,15000.0,0.018605561024009044
6.0,8.606931231718361,1.2,PS,1.0,15000.0,0.01827719660261188
6.0,9.072661066246061,1.2,PS,1.0,15000.0,0.017914113935431464
6.0,9.563592017516726,1.2,PS,1.0,15000.0,0.017521188731058714
6.0,10.081087743681516,1.2,PS,1.0,15000.0,0.017103112686643974
6.0,10.626585691826111,1.2,PS,1.0,15000.0,0.0166641806923524
6.0,11.20160109076529,1.2,PS,1.0,15000.0,0.01620836540389537
6.0,11.807731159891665,1.2,PS,1.0,15000.0,0.015739476768229246
6.0,12.446659545769569,1.2,PS,1.0,15000.0,0.015260865942554163
6.0,13.120160998797505,1.2,PS,1.0,15000.0,0.01477564932833699
6.0,13.830106302929654,1.2,PS,1.0,15000.0,0.014286675460467952
6.0,14.578467472149546,1.2,PS,1.0,15000.0,0.013796437471477905
6.0,15.367323228130308,1.2,PS,1.0,15000.0,0.013307201708456102
6.0,16.198864774296695,1.2,PS,1.0,15000.0,0.012820970216815763
6.0,17.07540188232742,1.2,PS,1.0,15000.0,0.012339523905370202
6.0,17.999369308004486,1.2,PS,1.0,15000.0,0.011864358182042536
6.0,18.973333554230518,1.2,PS,1.0,15000.0,0.011396824150709785
6.0,20.000000000000004,1.2,PS,1.0,15000.0,0.010938060629548867
6.0,3.0,1.2,PS,2.0,8000.0,0.01702863668317281
6.0,3.1623330622689494,1.2,PS,2.0,8000.0,0.01820322397485961
6.0,3.33345013223977,1.2,PS,2.0,8000.0,0.019289311972832686
6.0,3.5138265215355418,1.2,PS,2.0,8000.0,0.02027730491285299
6.0,3.703963261376446,1.2,PS,2.0,8000.0,0.021160225416337164
6.0,3.9043884942934204,1.2,PS,2.0,8000.0,0.021933638222491683
6.0,4.1156589411488556,1.2,PS,2.0,8000.0,0.022595418418990376
6.0,4.338361447539279,1.2,PS,2.0,8000.0,0.023145297272936904
6.0,4.573114613875481,1.2,PS,2.0,8000.0,0.023584937345687784
6.0,4.820570513667911,1.2,PS,2.0,8000.0,0.023917098373435298
6.0,5.0814165047902815,1.2,PS,2.0,8000.0,0.024146092234077553
6.0,5.356377138752477,1.2,PS,2.0,8000.0,0.02427702384091866
6.0,5.389452332657201,1.2,PS,2.0,8000.0,0.02428620817267862
6.0,5.646216173286171,1.2,PS,2.0,8000.0,0.02431567840717667
6.0,5.9517386938335095,1.2,PS,2.0,8000.0,0.02426836044624846
6.0,6.273793349831704,1.2,PS,2.0,8000.0,0.024141664498767097
6.0,6.613274712005288,1.2,PS,2.0,8000.0,0.023942498180340156
6.0,6.971125757213828,1.2,PS,2.0,8000.0,0.023677571860007296
6.0,7.3483404877573175,1.2,PS,2.0,8000.0,0.023353864574942127
6.0,7.745966692414836,1.2,PS,2.0,8000.0,0.022977778975307197
6.0,8.165108856885828,1.2,PS,2.0,8000.0,0.022555780567982294
6.0,8.606931231718361,1.2,PS,2.0,8000.0,0.02209407527132309
6.0,9.072661066246061,1.2,PS,2.0,8000.0,0.0215983992545263
6.0,9.563592017516726,1.2,PS,2.0,8000.0,0.021074203798257196
6.0,10.081087743681516,1.2,PS,2.0,8000.0,0.02052665155276285
6.0,10.626585691826111,1.2,PS,2.0,8000.0,0.019960427820217983
6.0,11.20160109076529,1.2,PS,2.0,8000.0,0.019379826632944252
6.0,11.807731159891665,1.2,PS,2.0,8000.0,0.018788912635475417
6.0,12.446659545769569,1.2,PS,2.0,8000.0,0.018191228937669748
6.0,13.120160998797505,1.2,PS,2.0,8000.0,0.01759006348325397
6.0,13.830106302929654,1.2,PS,2.0,8000.0,0.01698836609625156
6.0,14.578467472149546,1.2,PS,2.0,8000.0,0.016388710686298467
6.0,15.367323228130308,1.2,PS,2.0,8000.0,0.015793415032077835
6.0,16.198864774296695,1.2,PS,2.0,8000.0,0.015204507370429466
6.0,17.07540188232742,1.2,PS,2.0,8000.0,0.014623770054172673
6.0,17.999369308004486,1.2,PS,2.0,8000.0,0.014052682631011972
6.0,18.973333554230518,1.2,PS,2.0,8000.0,0.013492568024364753
6.0,20.000000000000004,1.2,PS,2.0,8000.0,0.012944529241108945
6.0,3.0,1.2,PS,2.0,10000.0,0.015238156662182952
6.0,3.1623330622689494,1.2,PS,2.0,10000.0,0.01636745681745344
6.0,3.33345013223977,1.2,PS,2.0,10000.0,0.017420630548814486
6.0,3.5138265215355418,1.2,PS,2.0,10000.0,0.018387412876515893
6.0,3.703963261376446,1.2,PS,2.0,10000.0,0.019260016348351224
6.0,3.9043884942934204,1.2,PS,2.0,10000.0,0.020033085675793184
6.0,4.1156589411488556,1.2,PS,2.0,10000.0,0.02070352207584952
6.0,4.338361447539279,1.2,PS,2.0,10000.0,0.02127007251950569
6.0,4.573114613875481,1.2,PS,2.0,10000.0,0.021733418391486552
6.0,4.820570513667911,1.2,PS,2.0,10000.0,0.02209537773179582
6.0,5.0814165047902815,1.2,PS,2.0,10000.0,0.022359360263791494
6.0,5.356377138752477,1.2,PS,2.0,10000.0,0.022529634387490637
6.0,5.389452332657201,1.2,PS,2.0,10000.0,0.02254366168120408
6.0,5.646216173286171,1.2,PS,2.0,10000.0,0.022611212327470813
6.0,5.9517386938335095,1.2,PS,2.0,10000.0,0.022609677822979485
6.0,6.273793349831704,1.2,PS,2.0,10000.0,0.022531000310718807
6.0,6.613274712005288,1.2,PS,2.0,10000.0,0.022381506360120304
6.0,6.971125757213828,1.2,PS,2.0,10000.0,0.02216740795014325
6.0,7.3483404877573175,1.2,PS,2.0,10000.0,0.021895232867697952
6.0,7.745966692414836,1.2,PS,2.0,10000.0,0.021570996049234615
6.0,8.165108856885828,1.2,PS,2.0,10000.0,0.021200826054362715
6.0,8.606931231718361,1.2,PS,2.0,10000.0,0.02079064652253927
6.0,9.072661066246061,1.2,PS,2.0,10000.0,0.020345948050627352
6.0,9.563592017516726,1.2,PS,2.0,10000.0,0.01987197320621723
6.0,10.081087743681516,1.2,PS,2.0,10000.0,0.01937371718704953
6.0,10.626585691826111,1.2,PS,2.0,10000.0,0.01885572716810112
6.0,11.20160109076529,1.2,PS,2.0,10000.0,0.018322183352189256
6.0,11.807731159891665,1.2,PS,2.0,10000.0,0.017777064410431434
6.0,12.446659545769569,1.2,PS,2.0,10000.0,0.01722384959995148
6.0,13.120160998797505,1.2,PS,2.0,10000.0,0.01666577107767542
6.0,13.830106302929654,1.2,PS,2.0,10000.0,0.016105751381216858
6.0,14.578467472149546,1.2,PS,2.0,10000.0,0.015546343698292877
6.0,15.367323228130308,1.2,PS,2.0,10000.0,0.014989857345587316
6.0,16.198864774296695,1.2,PS,2.0,10000.0,0.014438321849841186
6.0,17.07540188232742,1.2,PS,2.0,10000.0,0.013893530445553831
6.0,17.999369308004486,1.2,PS,2.0,10000.0,0.013356980093808793
6.0,18.973333554230518,1.2,PS,2.0,10000.0,0.012830016176862935
6.0,20.000000000000004,1.2,PS,2.0,10000.0,0.01231376705360025
6.0,3.0,1.2,PS,2.0,15000.0,0.012198588334133991
6.0,3.1623330622689494,1.2,PS,2.0,15000.0,0.013229017272490703
6.0,3.33345013223977,1.2,PS,2.0,15000.0,0.014205159007384961
6.0,3.5138265215355418,1.2,PS,2.0,15000.0,0.015115959680805457
6.0,3.703963261376446,1.2,PS,2.0,15000.0,0.0159525003624977
6.0,3.9043884942934204,1.2,PS,2.0,15000.0,0.016708046846834947
6.0,4.1156589411488556,1.2,PS,2.0,15000.0,0.017377947556570374
6.0,4.338361447539279,1.2,PS,2.0,15000.0,0.01795932583023053
6.0,4.573114613875481,1.2,PS,2.0,15000.0,0.018451192022748076
6.0,4.820570513667911,1.2,PS,2.0,15000.0,0.018853728514065634
6.0,5.0814165047902815,1.2,PS,2.0,15000.0,0.019168748191031034
6.0,5.356377138752477,1.2,PS,2.0,15000.0,0.01939899529873394
6.0,5.389452332657201,1.2,PS,2.0,15000.0,0.019420544275587124
6.0,5.646216173286171,1.2,PS,2.0,15000.0,0.019548079137607078
6.0,5.9517386938335095,1.2,PS,2.0,15000.0,0.019620240857190135
6.0,6.273793349831704,1.2,PS,2.0,15000.0,0.019620274285157335
6.0,6.613274712005288,1.2,PS,2.0,15000.0,0.01955339862739665
6.0,6.971125757213828,1.2,PS,2.0,15000.0,0.019424867574859606
6.0,7.3483404877573175,1.2,PS,2.0,15000.0,0.01924032770926702
6.0,7.745966692414836,1.2,PS,2.0,15000.0,0.019005035109239177
6.0,8.165108856885828,1.2,PS,2.0,15000.0,0.018724443814876132
6.0,8.606931231718361,1.2,PS,2.0,15000.0,0.018403905790713174
6.0,9.072661066246061,1.2,PS,2.0,15000.0,0.018048408131583555
6.0,9.563592017516726,1.2,PS,2.0,15000.0,0.017662764729965075
6.0,10.081087743681516,1.2,PS,2.0,15000.0,0.01725161508547997
6.0,10.626585691826111,1.2,PS,2.0,15000.0,0.016819206681676697
6.0,11.20160109076529,1.2,PS,2.0,15000.0,0.016369472347335018
6.0,11.807731159891665,1.2,PS,2.0,15000.0,0.015906191444359216
6.0,12.446659545769569,1.2,PS,2.0,15000.0,0.015432691640336803
6.0,13.120160998797505,1.2,PS,2.0,15000.0,0.014952072103920924
6.0,13.830106302929654,1.2,PS,2.0,15000.0,0.014467172741721874
6.0,14.578467472149546,1.2,PS,2.0,15000.0,0.01398048193216789
6.0,15.367323228130308,1.2,PS,2.0,15000.0,0.01349426880868562
6.0,16.198864774296695,1.2,PS,2.0,15000.0,0.013010543124236175
6.0,17.07540188232742,1.2,PS,2.0,15000.0,0.01253109786411394
6.0,17.999369308004486,1.2,PS,2.0,15000.0,0.01205744259057824
6.0,18.973333554230518,1.2,PS,2.0,15000.0,0.011590948022824479
6.0,20.000000000000004,1.2,PS,2.0,15000.0,0.011132774307039137
4.0,3.0,0.8,ST,0.5,8000.0,0.021904682678427212
4.0,3.1623330622689494,0.8,ST,0.5,8000.0,0.02260908854876733
4.0,3.33345013223977,0.8,ST,0.5,8000.0,0.023196963291025535
4.0,3.5138265215355418,0.8,ST,0.5,8000.0,0.023668985396590184
4.0,3.703963261376446,0.8,ST,0.5,8000.0,0.024027477146881807
4.0,3.9043884942934204,0.8,ST,0.5,8000.0,0.02427619289950527
4.0,4.1156589411488556,0.8,ST,0.5,8000.0,0.024420102403793626
4.0,4.338361447539279,0.8,ST,0.5,8000.0,0.024464927775684816
4.0,4.573114613875481,0.8,ST,0.5,8000.0,0.024417297460697252
4.0,4.820570513667911,0.8,ST,0.5,8000.0,0.024283978323343322
4.0,5.0814165047902815,0.8,ST,0.5,8000.0,0.024072364119172792
4.0,5.356377138752477,0.8,ST,0.5,8000.0,0.02378985121618793
4.0,5.389452332657201,0.8,ST,0.5,8000.0,0.02375258668546522
4.0,5.646216173286171,0.8,ST,0.5,8000.0,0.02344381943190078
4.0,5.9517386938335095,0.8,ST,0.5,8000.0,0.02304153496064434
4.0,6.273793349831704,0.8,ST,0.5,8000.0,0.022590043208741348
4.0,6.613274712005288,0.8,ST,0.5,8000.0,0.02209620186973922
4.0,6.971125757213828,0.8,ST,0.5,8000.0,0.021566375708018934
4.0,7.3483404877573175,0.8,ST,0.5,8000.0,0.02100675881612869
4.0,7.745966692414836,0.8,ST,0.5,8000.0,0.020422870708826354
4.0,8.165108856885828,0.8,ST,0.5,8000.0,0.01982000580097929
4.0,8.606931231718361,0.8,ST,0.5,8000.0,0.01920303071417955
4.0,9.072661066246061,0.8,ST,0.5,8000.0,0.018576295443878496
4.0,9.563592017516726,0.8,ST,0.5,8000.0,0.01794375969583278
4.0,10.081087743681516,0.8,ST,0.5,8000.0,0.017309046626076876
4.0,10.626585691826111,0.8,ST,0.5,8000.0,0.016675301079091587
4.0,11.20160109076529,0.8,ST,0.5,8000.0,0.016045305026481833
4.0,11.807731159891665,0.8,ST,0.5,8000.0,0.015421579543673694
4.0,12.446659545769569,0.8,ST,0.5,8000.0,0.014806227311479377
4.0,13.120160998797505,0.8,ST,0.5,8000.0,0.014201099384861325
4.0,13.830106302929654,0.8,ST,0.5,8000.0,0.013607780132852122
4.0,14.578467472149546,0.8,ST,0.5,8000.0,0.013027561967936196
4.0,15.367323228130308,0.8,ST,0.5,8000.0,0.012461536510949611
4.0,16.198864774296695,0.8,ST,0.5,8000.0,0.011910574454571434
4.0,17.07540188232742,0.8,ST,0.5,8000.0,0.011375375955434785
4.0,17.999369308004486,0.8,ST,0.5,8000.0,0.010856443298520268
4.0,18.973333554230518,0.8,ST,0.5,8000.0,0.010354152909941324
4.0,20.000000000000004,0.8,ST,0.5,8000.0,0.009868750248186021
4.0,3.0,0.8,ST,0.5,10000.0,0.02028080788054902
4.0,3.1623330622689494,0.8,ST,0.5,10000.0,0.020993525972572865
4.0,3.33345013223977,0.8,ST,0.5,10000.0,0.02159659738266303
4.0,3.5138265215355418,0.8,ST,0.5,10000.0,0.02208984318820956
4.0,3.703963261376446,0.8,ST,0.5,10000.0,0.02247475975542607
4.0,3.9043884942934204,0.8,ST,0.5,10000.0,0.022754321989025317
4.0,4.1156589411488556,0.8,ST,0.5,10000.0,0.022932768802454605
4.0,4.338361447539279,0.8,ST,0.5,10000.0,0.023015155519808483
4.0,4.573114613875481,0.8,ST,0.5,10000.0,0.023007500130217795
4.0,4.820570513667911,0.8,ST,0.5,10000.0,0.022916023080953706
4.0,5.0814165047902815,0.8,ST,0.5,10000.0,0.022747630580337345
4.0,5.356377138752477,0.8,ST,0.5,10000.0,0.022509282831900162
4.0,5.389452332657201,0.8,ST,0.5,10000.0,0.022477221032830067
4.0,5.646216173286171,0.8,ST,0.5,10000.0,0.022207987763956005
4.0,5.9517386938335095,0.8,ST,0.5,10000.0,0.021850669755068153
4.0,6.273793349831704,0.8,ST,0.5,10000.0,0.021444099842772353
4.0,6.613274712005288,0.8,ST,0.5,10000.0,0.020994885354715043
4.0,6.971125757213828,0.8,ST,0.5,10000.0,0.020509190356331294
4.0,7.3483404877573175,0.8,ST,0.5,10000.0,0.01999303240457098
4.0,7.745966692414836,0.8,ST,0.5,10000.0,0.019451788074424277
4.0,8.165108856885828,0.8,ST,0.5,10000.0,0.018890632916194132
4.0,8.606931231718361,0.8,ST,0.5,10000.0,0.01831434454341239
4.0,9.072661066246061,0.8,ST,0.5,10000.0,0.017727196441668043
4.0,9.563592017516726,0.8,ST,0.5,10000.0,0.017133091102795078
4.0,10.081087743681516,0.8,ST,0.5,10000.0,0.016535613038959247
4.0,10.626585691826111,0.8,ST,0.5,10000.0,0.01593787887787973
4.0,11.20160109076529,0.8,ST,0.5,10000.0,0.015342653727571659
4.0,11.807731159891665,0.8,ST,0.5,10000.0,0.014752452972425507
4.0,12.446659545769569,0.8,ST,0.5,10000.0,0.014169382758628514
4.0,13.120160998797505,0.8,ST,0.5,10000.0,0.01359529884355492
4.0,13.830106302929654,0.8,ST,0.5,10000.0,0.013031802976308935
4.0,14.578467472149546,0.8,ST,0.5,10000.0,0.012480205699049394
4.0,15.367323228130308,0.8,ST,0.5,10000.0,0.011941621528799882
4.0,16.198864774296695,0.8,ST,0.5,10000.0,0.011416947173869601
4.0,17.07540188232742,0.8,ST,0.5,10000.0,0.010906912161273371
4.0,17.999369308004486,0.8,ST,0.5,10000.0,0.010412049072198866
4.0,18.973333554230518,0.8,ST,0.5,10000.0,0.009932766722029841
4.0,20.000000000000004,0.8,ST,0.5,10000.0,0.009469342595051994
4.0,3.0,0.8,ST,0.5,15000.0,0.017600028604542114
4.0,3.1623330622689494,0.8,ST,0.5,15000.0,0.018314668146706577
4.0,3.33345013223977,0.8,ST,0.5,15000.0,0.018931969129576686
4.0,3.5138265215355418,0.8,ST,0.5,15000.0,0.019450373027266685
4.0,3.703963261376446,0.8,ST,0.5,15000.0,0.01987000754891692
4.0,3.9043884942934204,0.8,ST,0.5,15000.0,0.02019255120478427
4.0,4.1156589411488556,0.8,ST,0.5,15000.0,0.02042099987804125
4.0,4.338361447539279,0.8,ST,0.5,15000.0,0.020559264173278406
4.0,4.573114613875481,0.8,ST,0.5,15000.0,0.020612298521862898
4.0,4.820570513667911,0.8,ST,0.5,15000.0,0.02058536578144499
4.0,5.0814165047902815,0.8,ST,0.5,15000.0,0.02048450957453042
4.0,5.356377138752477,0.8,ST,0.5,15000.0,0.020315899822332305
4.0,5.389452332657201,0.8,ST,0.5,15000.0,0.020292095332429736
4.0,5.646216173286171,0.8,ST,0.5,15000.0,0.020085877703594792
4.0,5.9517386938335095,0.8,ST,0.5,15000.0,0.01980074451913964
4.0,6.273793349831704,0.8,ST,0.5,15000.0,0.01946676347972215
4.0,6.613274712005288,0.8,ST,0.5,15000.0,0.01909007422581684
4.0,6.971125757213828,0.8,ST,0.5,15000.0,0.01867646403096932
4.0,7.3483404877573175,0.8,ST,0.5,15000.0,0.018231611690656076
4.0,7.745966692414836,0.8,ST,0.5,15000.0,0.0177606199268117
4.0,8.165108856885828,0.8,ST,0.5,15000.0,0.01726842948075567
4.0,8.606931231718361,0.8,ST,0.5,15000.0,0.01675963680982954
4.0,9.072661066246061,0.8,ST,0.5,15000.0,0.016238356380135478
4.0,9.563592017516726,0.8,ST,0.5,15000.0,0.015708372459092127
4.0,10.081087743681516,0.8,ST,0.5,15000.0,0.015173180509379568
4.0,10.626585691826111,0.8,ST,0.5,15000.0,0.014635826978870642
4.0,11.20160109076529,0.8,ST,0.5,15000.0,0.014099032514602223
4.0,11.807731159891665,0.8,ST,0.5,15000.0,0.013565284062587469
4.0,12.446659545769569,0.8,ST,0.5,15000.0,0.013036678616324236
4.0,13.120160998797505,0.8,ST,0.5,15000.0,0.012515068065174852
4.0,13.830106302929654,0.8,ST,0.5,15000.0,0.012002071216068425
4.0,14.578467472149546,0.8,ST,0.5,15000.0,0.011499017851225712
4.0,15.367323228130308,0.8,ST,0.5,15000.0,0.011007052093258297
4.0,16.198864774296695,0.8,ST,0.5,15000.0,0.010527106772992314
4.0,17.07540188232742,0.8,ST,0.5,15000.0,0.010059953762682278
4.0,17.999369308004486,0.8,ST,0.5,15000.0,0.009606169407040021
4.0,18.973333554230518,0.8,ST,0.5,15000.0,0.009166212494758718
4.0,20.000000000000004,0.8,ST,0.5,15000.0,0.00874040970430069
4.0,3.0,0.8,ST,1.0,8000.0,0.022013188673081927
4.0,3.1623330622689494,0.8,ST,1.0,8000.0,0.022734121957366887
4.0,3.33345013223977,0.8,ST,1.0,8000.0,0.02333994553780895
4.0,3.5138265215355418,0.8,ST,1.0,8000.0,0.02383120293248232
4.0,3.703963261376446,0.8,ST,1.0,8000.0,0.024210038284782284
4.0,3.9043884942934204,0.8,ST,1.0,8000.0,0.024479992976109057
4.0,4.1156589411488556,0.8,ST,1.0,8000.0,0.02464579690493784
4.0,4.338361447539279,0.8,ST,1.0,8000.0,0.024712913361994285
4.0,4.573114613875481,0.8,ST,1.0,8000.0,0.024687705549704175
4.0,4.820570513667911,0.8,ST,1.0,8000.0,0.02457667158089396
4.0,5.0814165047902815,0.8,ST,1.0,8000.0,0.024386948957884774
4.0,5.356377138752477,0.8,ST,1.0,8000.0,0.024125690958569285
4.0,5.389452332657201,0.8,ST,1.0,8000.0,0.024090857404062006
4.0,5.646216173286171,0.8,ST,1.0,8000.0,0.023800057542355757
4.0,5.9517386938335095,0.8,ST,1.0,8000.0,0.023417117913226333
4.0,6.273793349831704,0.8,ST,1.0,8000.0,0.022983750168871372
4.0,6.613274712005288,0.8,ST,1.0,8000.0,0.022506673699829616
4.0,6.971125757213828,0.8,ST,1.0,8000.0,0.021992144041212542
4.0,7.3483404877573175,0.8,ST,1.0,8000.0,0.021446279112861837
4.0,7.745966692414836,0.8,ST,1.0,8000.0,0.020874543607745093
4.0,8.165108856885828,0.8,ST,1.0,8000.0,0.02028220655535208
4.0,8.606931231718361,0.8,ST,1.0,8000.0,0.01967413594473428
4.0,9.072661066246061,0.8,ST,1.0,8000.0,0.019054699412848004
4.0,9.563592017516726,0.8,ST,1.0,8000.0,0.018427891729252077
4.0,10.081087743681516,0.8,ST,1.0,8000.0,0.017797391758680635
4.0,10.626585691826111,0.8,ST,1.0,8000.0,0.017166407111214158
4.0,11.20160109076529,0.8,ST,1.0,8000.0,0.016537792038397628
4.0,11.807731159891665,0.8,ST,1.0,8000.0,0.01591415057032494
4.0,12.446659545769569,0.8,ST,1.0,8000.0,0.015297671758275629
4.0,13.120160998797505,0.8,ST,1.0,8000.0,0.014690295256909385
4.0,13.830106302929654,0.8,ST,1.0,8000.0,0.014093698113394587
4.0,14.578467472149546,0.8,ST,1.0,8000.0,0.013509261555168154
4.0,15.367323228130308,0.8,ST,1.0,8000.0,0.012938167908333601
4.0,16.198864774296695,0.8,ST,1.0,8000.0,0.012381376342741602
4.0,17.07540188232742,0.8,ST,1.0,8000.0,0.011839672080566027
4.0,17.999369308004486,0.8,ST,1.0,8000.0,0.01131363641375037
4.0,18.973333554230518,0.8,ST,1.0,8000.0,0.010803724450852592
4.0,20.000000000000004,0.8,ST,1.0,8000.0,0.010310254417182602
4.0,3.0,0.8,ST,1.0,10000.0,0.02037491291267357
4.0,3.1623330622689494,0.8,ST,1.0,10000.0,0.021103663801795586
4.0,3.33345013223977,0.8,ST,1.0,10000.0,0.021724231104097887
4.0,3.5138265215355418,0.8,ST,1.0,10000.0,0.022236299362297506
4.0,3.703963261376446,0.8,ST,1.0,10000.0,0.022641184980823213
4.0,3.9043884942934204,0.8,ST,1.0,10000.0,0.02294164789990319
4.0,4.1156589411488556,0.8,ST,1.0,10000.0,0.023141685052372348
4.0,4.338361447539279,0.8,ST,1.0,10000.0,0.023246090831895355
4.0,4.573114613875481,0.8,ST,1.0,10000.0,0.02326061584793654
4.0,4.820570513667911,0.8,ST,1.0,10000.0,0.02319120974713964
4.0,5.0814165047902815,0.8,ST,1.0,10000.0,0.023044520512165562
4.0,5.356377138752477,0.8,ST,1.0,10000.0,0.02282726332271174
4.0,5.389452332657201,0.8,ST,1.0,10000.0,0.0227976147817271
4.0,5.646216173286171,0.8,ST,1.0,10000.0,0.022546224564271966
4.0,5.9517386938335095,0.8,ST,1.0,10000.0,0.02220812979133694
4.0,6.273793349831704,0.8,ST,1.0,10000.0,0.02181958133824524
4.0,6.613274712005288,0.8,ST,1.0,10000.0,0.021387046700064992
4.0,6.971125757213828,0.8,ST,1.0,10000.0,0.02091657949607313
4.0,7.3483404877573175,0.8,ST,1.0,10000.0,0.020414119862481598
4.0,7.745966692414836,0.8,ST,1.0,10000.0,0.019884988473350025
4.0,8.165108856885828,0.8,ST,1.0,10000.0,0.01933433448071936
4.0,8.606931231718361,0.8,ST,1.0,10000.0,0.018766936083121244
4.0,9.072661066246061,0.8,ST,1.0,10000.0,0.018187083567693472
4.0,9.563592017516726,0.8,ST,1.0,10000.0,0.01759871375688192
4.0,10.081087743681516,0.8,ST,1.0,10000.0,0.017005466294623968
4.0,10.626585691826111,0.8,ST,1.0,10000.0,0.016410520010026478
4.0,11.20160109076529,0.8,ST,1.0,10000.0,0.01581671178665558
4.0,11.807731159891665,0.8,ST,1.0,10000.0,0.015226639563084256
4.0,12.446659545769569,0.8,ST,1.0,10000.0,0.014642495540438054
4.0,13.120160998797505,0.8,ST,1.0,10000.0,0.014066223647514661
4.0,13.830106302929654,0.8,ST,1.0,10000.0,0.013499518129765397
4.0,14.578467472149546,0.8,ST,1.0,10000.0,0.012943778087314305
4.0,15.367323228130308,0.8,ST,1.0,10000.0,0.012400208546064105
4.0,16.198864774296695,0.8,ST,1.0,10000.0,0.011869794526211784
4.0,17.07540188232742,0.8,ST,1.0,10000.0,0.01135335051706265
4.0,17.999369308004486,0.8,ST,1.0,10000.0,0.010851487996979837
4.0,18.973333554230518,0.8,ST,1.0,10000.0,0.01036469439899115
4.0,20.000000000000004,0.8,ST,1.0,10000.0,0.009893319873177204
4.0,3.0,0.8,ST,1.0,15000.0,0.017687812805016735
4.0,3.1623330622689494,0.8,ST,1.0,15000.0,0.018418236543606917
4.0,3.33345013223977,0.8,ST,1.0,15000.0,0.019052802827171138
4.0,3.5138265215355418,0.8,ST,1.0,15000.0,0.019589816110819697
4.0,3.703963261376446,0.8,ST,1.0,15000.0,0.02002922346313521
4.0,3.9043884942934204,0.8,ST,1.0,15000.0,0.020372487685751874
4.0,4.1156589411488556,0.8,ST,1.0,15000.0,0.020622361813178277
4.0,4.338361447539279,0.8,ST,1.0,15000.0,0.020782494644964736
4.0,4.573114613875481,0.8,ST,1.0,15000.0,0.020857572308278303
4.0,4.820570513667911,0.8,ST,1.0,15000.0,0.020852585969523576
4.0,5.0814165047902815,0.8,ST,1.0,15000.0,0.020773320154796698
4.0,5.356377138752477,0.8,ST,1.0,15000.0,0.020625698849450362
4.0,5.389452332657201,0.8,ST,1.0,15000.0,0.02060429635169876
4.0,5.646216173286171,0.8,ST,1.0,15000.0,0.020415840936684568
4.0,5.9517386938335095,0.8,ST,1.0,15000.0,0.02014984803510695
4.0,6.273793349831704,0.8,ST,1.0,15000.0,0.019833813987551237
4.0,6.613274712005288,0.8,ST,1.0,15000.0,0.019473737859877868
4.0,6.971125757213828,0.8,ST,1.0,15000.0,0.019075295894124975
4.0,7.3483404877573175,0.8,ST,1.0,15000.0,0.018644088839150096
4.0,7.745966692414836,0.8,ST,1.0,15000.0,0.018185162989457927
4.0,8.165108856885828,0.8,ST,1.0,15000.0,0.017703432168753606
4.0,8.606931231718361,0.8,ST,1.0,15000.0,0.01720349300617194
4.0,9.072661066246061,0.8,ST,1.0,15000.0,0.016689476319125228
4.0,9.563592017516726,0.8,ST,1.0,15000.0,0.016165200335411637
4.0,10.081087743681516,0.8,ST,1.0,15000.0,0.01563421532526249
4.0,10.626585691826111,0.8,ST,1.0,15000.0,0.015099629612453326
4.0,11.20160109076529,0.8,ST,1.0,15000.0,0.014564235350164547
4.0,11.807731159891665,0.8,ST,1.0,15000.0,0.014030601786272875
4.0,12.446659545769569,0.8,ST,1.0,15000.0,0.013500911769853725
4.0,13.120160998797505,0.8,ST,1.0,15000.0,0.012977105123673508
4.0,13.830106302929654,0.8,ST,1.0,15000.0,0.012460893012919961
4.0,14.578467472149546,0.8,ST,1.0,15000.0,0.011953693603043491
4.0,15.367323228130308,0.8,ST,1.0,15000.0,0.011456741388914749
4.0,16.198864774296695,0.8,ST,1.0,15000.0,0.010971057394950868
4.0,17.07540188232742,0.8,ST,1.0,15000.0,0.010497498365020359
4.0,17.999369308004486,0.8,ST,1.0,15000.0,0.010036719438292933
4.0,18.973333554230518,0.8,ST,1.0,15000.0,0.009589257961895779
4.0,20.000000000000004,0.8,ST,1.0,15000.0,0.00915551319807662
4.0,3.0,0.8,ST,2.0,8000.0,0.02207457420278238
4.0,3.1623330622689494,0.8,ST,2.0,8000.0,0.022806052921996552
4.0,3.33345013223977,0.8,ST,2.0,8000.0,0.023423598892354933
4.0,3.5138265215355418,0.8,ST,2.0,8000.0,0.023927710886537976
4.0,3.703963261376446,0.8,ST,2.0,8000.0,0.024320452805090327
4.0,3.9043884942934204,0.8,ST,2.0,8000.0,0.0246052534090428
4.0,4.1156589411488556,0.8,ST,2.0,8000.0,0.02478670129150195
4.0,4.338361447539279,0.8,ST,2.0,8000.0,0.02487009429801746
4.0,4.573114613875481,0.8,ST,2.0,8000.0,0.024861614018144514
4.0,4.820570513667911,0.8,ST,2.0,8000.0,0.02476756371980361
4.0,5.0814165047902815,0.8,ST,2.0,8000.0,0.024594883736027015
4.0,5.356377138752477,0.8,ST,2.0,8000.0,0.024350530384046654
4.0,5.389452332657201,0.8,ST,2.0,8000.0,0.024317653810587134
4.0,5.646216173286171,0.8,ST,2.0,8000.0,0.024041475678864634
4.0,5.9517386938335095,0.8,ST,2.0,8000.0,0.023674610635216222
4.0,6.273793349831704,0.8,ST,2.0,8000.0,0.023256652024683046
4.0,6.613274712005288,0.8,ST,2.0,8000.0,0.022794176066503385
4.0,6.971125757213828,0.8,ST,2.0,8000.0,0.022293314776584267
4.0,7.3483404877573175,0.8,ST,2.0,8000.0,0.021760086795678743
4.0,7.745966692414836,0.8,ST,2.0,8000.0,0.021199874400724815
4.0,8.165108856885828,0.8,ST,2.0,8000.0,0.020617888028423053
4.0,8.606931231718361,0.8,ST,2.0,8000.0,0.020018959840788202
4.0,9.072661066246061,0.8,ST,2.0,8000.0,0.01940743750440461
4.0,9.563592017516726,0.8,ST,2.0,8000.0,0.01878731211348955
4.0,10.081087743681516,0.8,ST,2.0,8000.0,0.018162278902462945
4.0,10.626585691826111,0.8,ST,2.0,8000.0,0.017535570960809117
4.0,11.20160109076529,0.8,ST,2.0,8000.0,0.016910079261739864
4.0,11.807731159891665,0.8,ST,2.0,8000.0,0.016288456414371575
4.0,12.446659545769569,0.8,ST,2.0,8000.0,0.015672946298817363
4.0,13.120160998797505,0.8,ST,2.0,8000.0,0.015065548231214827
4.0,13.830106302929654,0.8,ST,2.0,8000.0,0.014468005085649717
4.0,14.578467472149546,0.8,ST,2.0,8000.0,0.013881763673845821
4.0,15.367323228130308,0.8,ST,2.0,8000.0,0.013308075584210063
4.0,16.198864774296695,0.8,ST,2.0,8000.0,0.0127479694762939
4.0,17.07540188232742,0.8,ST,2.0,8000.0,0.012202299014074797
4.0,17.999369308004486,0.8,ST,2.0,8000.0,0.011671710883671794
4.0,18.973333554230518,0.8,ST,2.0,8000.0,0.011156726226894127
4.0,20.000000000000004,0.8,ST,2.0,8000.0,0.010657725560467941
4.0,3.0,0.8,ST,2.0,10000.0,0.02042898410086508
4.0,3.1623330622689494,0.8,ST,2.0,10000.0,0.02116802451061597
4.0,3.33345013223977,0.8,ST,2.0,10000.0,0.021800078908496667
4.0,3.5138265215355418,0.8,ST,2.0,10000.0,0.022324786302015148
4.0,3.703963261376446,0.8,ST,2.0,10000.0,0.02274338192926544
4.0,3.9043884942934204,0.8,ST,2.0,10000.0,0.023058512102157407
4.0,4.1156589411488556,0.8,ST,2.0,10000.0,0.02327403136715863
4.0,4.338361447539279,0.8,ST,2.0,10000.0,0.02339456760293668
4.0,4.573114613875481,0.8,ST,2.0,10000.0,0.023425688718755385
4.0,4.820570513667911,0.8,ST,2.0,10000.0,0.023373148472014684
4.0,5.0814165047902815,0.8,ST,2.0,10000.0,0.02324339666900502
4.0,5.356377138752477,0.8,ST,2.0,10000.0,0.02304295053960139
4.0,5.389452332657201,0.8,ST,2.0,10000.0,0.023015248762275446
4.0,5.646216173286171,0.8,ST,2.0,10000.0,0.022778407661117182
4.0,5.9517386938335095,0.8,ST,2.0,10000.0,0.022456314456621957
4.0,6.273793349831704,0.8,ST,2.0,10000.0,0.02208311121537983
4.0,6.613274712005288,0.8,ST,2.0,10000.0,0.021665121470900498
4.0,6.971125757213828,0.8,ST,2.0,10000.0,0.021208274691752477
4.0,7.3483404877573175,0.8,ST,2.0,10000.0,0.020718411085682453
4.0,7.745966692414836,0.8,ST,2.0,10000.0,0.020200768346440478
4.0,8.165108856885828,0.8,ST,2.0,10000.0,0.019660436501464745
4.0,8.606931231718361,0.8,ST,2.0,10000.0,0.019102157508021363
4.0,9.072661066246061,0.8,ST,2.0,10000.0,0.018530201237463503
4.0,9.563592017516726,0.8,ST,2.0,10000.0,0.017948500445267794
4.0,10.081087743681516,0.8,ST,2.0,10000.0,0.017360710833500746
4.0,10.626585691826111,0.8,ST,2.0,10000.0,0.01677003640476779
4.0,11.20160109076529,0.8,ST,2.0,10000.0,0.016179350488582763
4.0,11.807731159891665,0.8,ST,2.0,10000.0,0.015591299380540236
4.0,12.446659545769569,0.8,ST,2.0,10000.0,0.015008129932750202
4.0,13.120160998797505,0.8,ST,2.0,10000.0,0.014431845498066406
4.0,13.830106302929654,0.8,ST,2.0,10000.0,0.01386420604110447
4.0,14.578467472149546,0.8,ST,2.0,10000.0,0.01330667609929338
4.0,15.367323228130308,0.8,ST,2.0,10000.0,0.012760529846332675
4.0,16.198864774296695,0.8,ST,2.0,10000.0,0.012226821694892637
4.0,17.07540188232742,0.8,ST,2.0,10000.0,0.01170643451303664
4.0,17.999369308004486,0.8,ST,2.0,10000.0,0.011200045108383055
4.0,18.973333554230518,0.8,ST,2.0,10000.0,0.010708206908092766
4.0,20.000000000000004,0.8,ST,2.0,10000.0,0.010231332297270355
4.0,3.0,0.8,ST,2.0,15000.0,0.017738711577521753
4.0,3.1623330622689494,0.8,ST,2.0,15000.0,0.018479299564177532
4.0,3.33345013223977,0.8,ST,2.0,15000.0,0.019125236646184138
4.0,3.5138265215355418,0.8,ST,2.0,15000.0,0.019674781500164787
4.0,3.703963261376446,0.8,ST,2.0,15000.0,0.020127799687458973
4.0,3.9043884942934204,0.8,ST,2.0,15000.0,0.02048564000757688
4.0,4.1156589411488556,0.8,ST,2.0,15000.0,0.020750912672513555
4.0,4.338361447539279,0.8,ST,2.0,15000.0,0.020927099527222024
4.0,4.573114613875481,0.8,ST,2.0,15000.0,0.021018703533798182
4.0,4.820570513667911,0.8,ST,2.0,15000.0,0.021030519521350464
4.0,5.0814165047902815,0.8,ST,2.0,15000.0,0.020968133401300035
4.0,5.356377138752477,0.8,ST,2.0,15000.0,0.020837270749852414
4.0,5.389452332657201,0.8,ST,2.0,15000.0,0.02081780922169413
4.0,5.646216173286171,0.8,ST,2.0,15000.0,0.020643861262518524
4.0,5.9517386938335095,0.8,ST,2.0,15000.0,0.02039382699364755
4.0,6.273793349831704,0.8,ST,2.0,15000.0,0.02009309940516319
4.0,6.613274712005288,0.8,ST,2.0,15000.0,0.01974753322630193
4.0,6.971125757213828,0.8,ST,2.0,15000.0,0.019362680251867357
4.0,7.3483404877573175,0.8,ST,2.0,15000.0,0.018944040984985932
4.0,7.745966692414836,0.8,ST,2.0,15000.0,0.01849657847228844
4.0,8.165108856885828,0.8,ST,2.0,15000.0,0.018025147148565724
4.0,8.606931231718361,0.8,ST,2.0,15000.0,0.01753430719053995
4.0,9.072661066246061,0.8,ST,2.0,15000.0,0.017028168769662035
4.0,9.563592017516726,0.8,ST,2.0,15000.0,0.01651054585656042
4.0,10.081087743681516,0.8,ST,2.0,15000.0,0.015985004612276275
4.0,10.626585691826111,0.8,ST,2.0,15000.0,0.015454678365763344
4.0,11.20160109076529,0.8,ST,2.0,15000.0,0.014922395575771796
4.0,11.807731159891665,0.8,ST,2.0,15000.0,0.014390773715110427
4.0,12.446659545769569,0.8,ST,2.0,15000.0,0.013862050178168234
4.0,13.120160998797505,0.8,ST,2.0,15000.0,0.013338224086142651
4.0,13.830106302929654,0.8,ST,2.0,15000.0,0.012821072247996263
4.0,14.578467472149546,0.8,ST,2.0,15000.0,0.012312078172172523
4.0,15.367323228130308,0.8,ST,2.0,15000.0,0.011812545425961357
4.0,16.198864774296695,0.8,ST,2.0,15000.0,0.011323564359801065
4.0,17.07540188232742,0.8,ST,2.0,15000.0,0.010846060043536207
4.0,17.999369308004486,0.8,ST,2.0,15000.0,0.01038075288633427
4.0,18.973333554230518,0.8,ST,2.0,15000.0,0.009928246191950681
4.0,20.000000000000004,0.8,ST,2.0,15000.0,0.009489001408195212
4.0,3.0,0.8,PS,0.5,8000.0,0.023794436213200047
4.0,3.1623330622689494,0.8,PS,0.5,8000.0,0.025028924389617044
4.0,3.33345013223977,0.8,PS,0.5,8000.0,0.026129150441681032
4.0,3.5138265215355418,0.8,PS,0.5,8000.0,0.027089113728161144
4.0,3.703963261376446,0.8,PS,0.5,8000.0,0.027905730914558172
4.0,3.9043884942934204,0.8,PS,0.5,8000.0,0.02857858715311975
4.0,4.1156589411488556,0.8,PS,0.5,8000.0,0.02910964835043764
4.0,4.338361447539279,0.8,PS,0.5,8000.0,0.029502593792997776
4.0,4.573114613875481,0.8,PS,0.5,8000.0,0.029763024421734677
4.0,4.820570513667911,0.8,PS,0.5,8000.0,0.029897313330275285
4.0,5.0814165047902815,0.8,PS,0.5,8000.0,0.02991329028709168
4.0,5.356377138752477,0.8,PS,0.5,8000.0,0.02981928516951691
4.0,5.389452332657201,0.8,PS,0.5,8000.0,0.02980156226697658
4.0,5.646216173286171,0.8,PS,0.5,8000.0,0.029624065406109262
4.0,5.9517386938335095,0.8,PS,0.5,8000.0,0.02933663595432048
4.0,6.273793349831704,0.8,PS,0.5,8000.0,0.028966049750631537
4.0,6.613274712005288,0.8,PS,0.5,8000.0,0.02852141176370782
4.0,6.971125757213828,0.8,PS,0.5,8000.0,0.028011382858255315
4.0,7.3483404877573175,0.8,PS,0.5,8000.0,0.027444633162704995
4.0,7.745966692414836,0.8,PS,0.5,8000.0,0.026829033026122197
4.0,8.165108856885828,0.8,PS,0.5,8000.0,0.026172313412596
4.0,8.606931231718361,0.8,PS,0.5,8000.0,0.02548173157186457
4.0,9.072661066246061,0.8,PS,0.5,8000.0,0.02476389697238052
4.0,9.563592017516726,0.8,PS,0.5,8000.0,0.02402494094224186
4.0,10.081087743681516,0.8,PS,0.5,8000.0,0.023270591650229384
4.0,10.626585691826111,0.8,PS,0.5,8000.0,0.022505918434264763
4.0,11.20160109076529,0.8,PS,0.5,8000.0,0.021735500001988758
4.0,11.807731159891665,0.8,PS,0.5,8000.0,0.020963568919290333
4.0,12.446659545769569,0.8,PS,0.5,8000.0,0.02019375385346744
4.0,13.120160998797505,0.8,PS,0.5,8000.0,0.01942932076691985
4.0,13.830106302929654,0.8,PS,0.5,8000.0,0.018673148405856453
4.0,14.578467472149546,0.8,PS,0.5,8000.0,0.017927673422523258
4.0,15.367323228130308,0.8,PS,0.5,8000.0,0.017195030531463155
4.0,16.198864774296695,0.8,PS,0.5,8000.0,0.01647701353625252
4.0,17.07540188232742,0.8,PS,0.5,8000.0,0.01577514737130822
4.0,17.999369308004486,0.8,PS,0.5,8000.0,0.015090642227686375
4.0,18.973333554230518,0.8,PS,0.5,8000.0,0.014424506431017187
4.0,20.000000000000004,0.8,PS,0.5,8000.0,0.013777530944824484
4.0,3.0,0.8,PS,0.5,10000.0,0.02161395050645536
4.0,3.1623330622689494,0.8,PS,0.5,10000.0,0.022827735067205732
4.0,3.33345013223977,0.8,PS,0.5,10000.0,0.0239202734684993
4.0,3.5138265215355418,0.8,PS,0.5,10000.0,0.02488438620021398
4.0,3.703963261376446,0.8,PS,0.5,10000.0,0.025715756442501236
4.0,3.9043884942934204,0.8,PS,0.5,10000.0,0.02641272760921642
4.0,4.1156589411488556,0.8,PS,0.5,10000.0,0.026976040722529317
4.0,4.338361447539279,0.8,PS,0.5,10000.0,0.027408210437705565
4.0,4.573114613875481,0.8,PS,0.5,10000.0,0.02771373212977096
4.0,4.820570513667911,0.8,PS,0.5,10000.0,0.02789796206486949
4.0,5.0814165047902815,0.8,PS,0.5,10000.0,0.027967795166728728
4.0,5.356377138752477,0.8,PS,0.5,10000.0,0.027930709500918454
4.0,5.389452332657201,0.8,PS,0.5,10000.0,0.027919799515348752
4.0,5.646216173286171,0.8,PS,0.5,10000.0,0.027794725463248637
4.0,5.9517386938335095,0.8,PS,0.5,10000.0,0.027568158347680505
4.0,6.273793349831704,0.8,PS,0.5,10000.0,0.027259485584959955
4.0,6.613274712005288,0.8,PS,0.5,10000.0,0.026877286803489504
4.0,6.971125757213828,0.8,PS,0.5,10000.0,0.026429787492071137
4.0,7.3483404877573175,0.8,PS,0.5,10000.0,0.025925271789374645
4.0,7.745966692414836,0.8,PS,0.5,10000.0,0.02537128964122084
4.0,8.165108856885828,0.8,PS,0.5,10000.0,0.02477529939991556
4.0,8.606931231718361,0.8,PS,0.5,10000.0,0.024144342391305265
4.0,9.072661066246061,0.8,PS,0.5,10000.0,0.023484842114537694
4.0,9.563592017516726,0.8,PS,0.5,10000.0,0.02280278244694045
4.0,10.081087743681516,0.8,PS,0.5,10000.0,0.022103780431071814
4.0,10.626585691826111,0.8,PS,0.5,10000.0,0.021392817929241085
4.0,11.20160109076529,0.8,PS,0.5,10000.0,0.02067440991971007
4.0,11.807731159891665,0.8,PS,0.5,10000.0,0.019952747776125466
4.0,12.446659545769569,0.8,PS,0.5,10000.0,0.01923143807032007
4.0,13.120160998797505,0.8,PS,0.5,10000.0,0.018513730860560126
4.0,13.830106302929654,0.8,PS,0.5,10000.0,0.01780251192618978
4.0,14.578467472149546,0.8,PS,0.5,10000.0,0.01710022937922731
4.0,15.367323228130308,0.8,PS,0.5,10000.0,0.016409039344461373
4.0,16.198864774296695,0.8,PS,0.5,10000.0,0.01573076412045696
4.0,17.07540188232742,0.8,PS,0.5,10000.0,0.01506696421062756
4.0,17.999369308004486,0.8,PS,0.5,10000.0,0.014418888453013604
4.0,18.973333554230518,0.8,PS,0.5,10000.0,0.013787588406629095
4.0,20.000000000000004,0.8,PS,0.5,10000.0,0.01317389890762058
4.0,3.0,0.8,PS,0.5,15000.0,0.018093598302553242
4.0,3.1623330622689494,0.8,PS,0.5,15000.0,0.019252132526981703
4.0,3.33345013223977,0.8,PS,0.5,15000.0,0.020311671869634985
4.0,3.5138265215355418,0.8,PS,0.5,15000.0,0.021263354946935605
4.0,3.703963261376446,0.8,PS,0.5,15000.0,0.022101001407416946
4.0,3.9043884942934204,0.8,PS,0.5,15000.0,0.02282103666386505
4.0,4.1156589411488556,0.8,PS,0.5,15000.0,0.023422243571577094
4.0,4.338361447539279,0.8,PS,0.5,15000.0,0.023905240410302994
4.0,4.573114613875481,0.8,PS,0.5,15000.0,0.0242726826681189
4.0,4.820570513667911,0.8,PS,0.5,15000.0,0.0245282148905204
4.0,5.0814165047902815,0.8,PS,0.5,15000.0,0.024677134844724218
4.0,5.356377138752477,0.8,PS,0.5,15000.0,0.0247254300694571
4.0,5.389452332657201,0.8,PS,0.5,15000.0,0.02472484088705379
4.0,5.646216173286171,0.8,PS,0.5,15000.0,0.0246798175521919
4.0,5.9517386938335095,0.8,PS,0.5,15000.0,0.02454738818533369
4.0,6.273793349831704,0.8,PS,0.5,15000.0,0.02433558206915425
4.0,6.613274712005288,0.8,PS,0.5,15000.0,0.024052021045856888
4.0,6.971125757213828,0.8,PS,0.5,15000.0,0.02370413138738881
4.0,7.3483404877573175,0.8,PS,0.5,15000.0,0.02329947439126462
4.0,7.745966692414836,0.8,PS,0.5,15000.0,0.022844999015428868
4.0,8.165108856885828,0.8,PS,0.5,15000.0,0.02234763933462725
4.0,8.606931231718361,0.8,PS,0.5,15000.0,0.021814012219955145
4.0,9.072661066246061,0.8,PS,0.5,15000.0,0.02125016921630128
4.0,9.563592017516726,0.8,PS,0.5,15000.0,0.02066179962946927
4.0,10.081087743681516,0.8,PS,0.5,15000.0,0.020054284122730904
4.0,10.626585691826111,0.8,PS,0.5,15000.0,0.019432410905702566
4.0,11.20160109076529,0.8,PS,0.5,15000.0,0.018800551863222374
4.0,11.807731159891665,0.8,PS,0.5,15000.0,0.018162789521170206
4.0,12.446659545769569,0.8,PS,0.5,15000.0,0.017522660583103797
4.0,13.120160998797505,0.8,PS,0.5,15000.0,0.016883361219384743
4.0,13.830106302929654,0.8,PS,0.5,15000.0,0.016247761948083864
4.0,14.578467472149546,0.8,PS,0.5,15000.0,0.015618305350354564
4.0,15.367323228130308,0.8,PS,0.5,15000.0,0.014997162902669057
4.0,16.198864774296695,0.8,PS,0.5,15000.0,0.014386186778452716
4.0,17.07540188232742,0.8,PS,0.5,15000.0,0.013786980711536721
4.0,17.999369308004486,0.8,PS,0.5,15000.0,0.013200842390712175
4.0,18.973333554230518,0.8,PS,0.5,15000.0,0.012628884455863541
4.0,20.000000000000004,0.8,PS,0.5,15000.0,0.012072004144496504
4.0,3.0,0.8,PS,1.0,8000.0,0.023872126398253014
4.0,3.1623330622689494,0.8,PS,1.0,8000.0,0.025117954781031425
4.0,3.33345013223977,0.8,PS,1.0,8000.0,0.026230774982076918
4.0,3.5138265215355418,0.8,PS,1.0,8000.0,0.027204612179410115
4.0,3.703963261376446,0.8,PS,1.0,8000.0,0.028036374247028623
4.0,3.9043884942934204,0.8,PS,1.0,8000.0,0.028725601424726854
4.0,4.1156589411488556,0.8,PS,1.0,8000.0,0.02927417812743936
4.0,4.338361447539279,0.8,PS,1.0,8000.0,0.029685665953721272
4.0,4.573114613875481,0.8,PS,1.0,8000.0,0.029965518548860114
4.0,4.820570513667911,0.8,PS,1.0,8000.0,0.030119931566523716
4.0,5.0814165047902815,0.8,PS,1.0,8000.0,0.030156540644965184
4.0,5.356377138752477,0.8,PS,1.0,8000.0,0.03008346580994047
4.0,5.389452332657201,0.8,PS,1.0,8000.0,0.030068197452094048
4.0,5.646216173286171,0.8,PS,1.0,8000.0,0.029909259377384555
4.0,5.9517386938335095,0.8,PS,1.0,8000.0,0.029642709264984007
4.0,6.273793349831704,0.8,PS,1.0,8000.0,0.02929265831894912
4.0,6.613274712005288,0.8,PS,1.0,8000.0,0.02886801239959838
4.0,6.971125757213828,0.8,PS,1.0,8000.0,0.028377247573284567
4.0,7.3483404877573175,0.8,PS,1.0,8000.0,0.02782887198336068
4.0,7.745966692414836,0.8,PS,1.0,8000.0,0.027230608348274683
4.0,8.165108856885828,0.8,PS,1.0,8000.0,0.026590066444735213
4.0,8.606931231718361,0.8,PS,1.0,8000.0,0.02591440896370436
4.0,9.072661066246061,0.8,PS,1.0,8000.0,0.025210169000224738
4.0,9.563592017516726,0.8,PS,1.0,8000.0,0.024483423240247496
4.0,10.081087743681516,0.8,PS,1.0,8000.0,0.02373987229638537
4.0,10.626585691826111,0.8,PS,1.0,8000.0,0.022984571251908326
4.0,11.20160109076529,0.8,PS,1.0,8000.0,0.022222101702933223
4.0,11.807731159891665,0.8,PS,1.0,8000.0,0.021456718349596064
4.0,12.446659545769569,0.8,PS,1.0,8000.0,0.020692083161480416
4.0,13.120160998797505,0.8,PS,1.0,8000.0,0.01993150551340341
4.0,13.830106302929654,0.8,PS,1.0,8000.0,0.019177919814329078
4.0,14.578467472149546,0.8,PS,1.0,8000.0,0.018433820995626585
4.0,15.367323228130308,0.8,PS,1.0,8000.0,0.017701411174079848
4.0,16.198864774296695,0.8,PS,1.0,8000.0,0.016982555444533608
4.0,17.07540188232742,0.8,PS,1.0,8000.0,0.016278852150736465
4.0,17.999369308004486,0.8,PS,1.0,8000.0,0.015591583000117485
4.0,18.973333554230518,0.8,PS,1.0,8000.0,0.014921832742737893
4.0,20.000000000000004,0.8,PS,1.0,8000.0,0.014270466161052391
4.0,3.0,0.8,PS,1.0,10000.0,0.02167226807329494
4.0,3.1623330622689494,0.8,PS,1.0,10000.0,0.022896436086034658
4.0,3.33345013223977,0.8,PS,1.0,10000.0,0.02400068053647373
4.0,3.5138265215355418,0.8,PS,1.0,10000.0,0.02497784785550934
4.0,3.703963261376446,0.8,PS,1.0,10000.0,0.02582361149449546
4.0,3.9043884942934204,0.8,PS,1.0,10000.0,0.02653626818977744
4.0,4.1156589411488556,0.8,PS,1.0,10000.0,0.02711647500565698
4.0,4.338361447539279,0.8,PS,1.0,10000.0,0.027566626103246214
4.0,4.573114613875481,0.8,PS,1.0,10000.0,0.027891066362579157
4.0,4.820570513667911,0.8,PS,1.0,10000.0,0.028094971342394293
4.0,5.0814165047902815,0.8,PS,1.0,10000.0,0.028185038451534746
4.0,5.356377138752477,0.8,PS,1.0,10000.0,0.028168532464731593
4.0,5.389452332657201,0.8,PS,1.0,10000.0,0.02816003901045292
4.0,5.646216173286171,0.8,PS,1.0,10000.0,0.028053255504213365
4.0,5.9517386938335095,0.8,PS,1.0,10000.0,0.027847302389384546
4.0,6.273793349831704,0.8,PS,1.0,10000.0,0.027558937647776463
4.0,6.613274712005288,0.8,PS,1.0,10000.0,0.027196538770436516
4.0,6.971125757213828,0.8,PS,1.0,10000.0,0.02676814390910934
4.0,7.3483404877573175,0.8,PS,1.0,10000.0,0.026281872632049064
4.0,7.745966692414836,0.8,PS,1.0,10000.0,0.025745124976909117
4.0,8.165108856885828,0.8,PS,1.0,10000.0,0.025165235945400478
4.0,8.606931231718361,0.8,PS,1.0,10000.0,0.02454915052585035
4.0,9.072661066246061,0.8,PS,1.0,10000.0,0.023903214027231567
4.0,9.563592017516726,0.8,PS,1.0,10000.0,0.02323335406648728
4.0,10.081087743681516,0.8,PS,1.0,10000.0,0.022545158782105314
4.0,10.626585691826111,0.8,PS,1.0,10000.0,0.021843594499134623
4.0,11.20160109076529,0.8,PS,1.0,10000.0,0.021133177928318855
4.0,11.807731159891665,0.8,PS,1.0,10000.0,0.02041812160989998
4.0,12.446659545769569,0.8,PS,1.0,10000.0,0.019702064616705907
4.0,13.120160998797505,0.8,PS,1.0,10000.0,0.018988299477274293
4.0,13.830106302929654,0.8,PS,1.0,10000.0,0.01827976709291592
4.0,14.578467472149546,0.8,PS,1.0,10000.0,0.01757897322834546
4.0,15.367323228130308,0.8,PS,1.0,10000.0,0.01688814089968931
4.0,16.198864774296695,0.8,PS,1.0,10000.0,0.01620916325573508
4.0,17.07540188232742,0.8,PS,1.0,10000.0,0.015543673882769518
4.0,17.999369308004486,0.8,PS,1.0,10000.0,0.01489299281720674
4.0,18.973333554230518,0.8,PS,1.0,10000.0,0.014258247809862906
4.0,20.000000000000004,0.8,PS,1.0,10000.0,0.013640347244043057
4.0,3.0,0.8,PS,1.0,15000.0,0.018143597522758605
4.0,3.1623330622689494,0.8,PS,1.0,15000.0,0.019312047486819854
4.0,3.33345013223977,0.8,PS,1.0,15000.0,0.020382852926403655
4.0,3.5138265215355418,0.8,PS,1.0,15000.0,0.021347179071177093
4.0,3.703963261376446,0.8,PS,1.0,15000.0,0.022198835916210954
4.0,3.9043884942934204,0.8,PS,1.0,15000.0,0.02293420188685084
4.0,4.1156589411488556,0.8,PS,1.0,15000.0,0.023551975145534174
4.0,4.338361447539279,0.8,PS,1.0,15000.0,0.024052652537243292
4.0,4.573114613875481,0.8,PS,1.0,15000.0,0.02443873785699292
4.0,4.820570513667911,0.8,PS,1.0,15000.0,0.02471369368272227
4.0,5.0814165047902815,0.8,PS,1.0,15000.0,0.024882618904292317
4.0,5.356377138752477,0.8,PS,1.0,15000.0,0.024951286277384143
4.0,5.389452332657201,0.8,PS,1.0,15000.0,0.024953090697941698
4.0,5.646216173286171,0.8,PS,1.0,15000.0,0.024926193194900595
4.0,5.9517386938335095,0.8,PS,1.0,15000.0,0.024814208560510517
4.0,6.273793349831704,0.8,PS,1.0,15000.0,0.02462255831137922
4.0,6.613274712005288,0.8,PS,1.0,15000.0,0.024358660759050386
4.0,6.971125757213828,0.8,PS,1.0,15000.0,0.024029753678015662
4.0,7.3483404877573175,0.8,PS,1.0,15000.0,0.023643232563516785
4.0,7.745966692414836,0.8,PS,1.0,15000.0,0.023205895402131024
4.0,8.165108856885828,0.8,PS,1.0,15000.0,0.022724551863269004
4.0,8.606931231718361,0.8,PS,1.0,15000.0,0.022205721595781387
4.0,9.072661066246061,0.8,PS,1.0,15000.0,0.021655377033979305
4.0,9.563592017516726,0.8,PS,1.0,15000.0,0.021079150435909907
4.0,10.081087743681516,0.8,PS,1.0,15000.0,0.020482392854019624
4.0,10.626585691826111,0.8,PS,1.0,15000.0,0.019869876272621143
4.0,11.20160109076529,0.8,PS,1.0,15000.0,0.01924597372001862
4.0,11.807731159891665,0.8,PS,1.0,15000.0,0.018614788336748306
4.0,12.446659545769569,0.8,PS,1.0,15000.0,0.01797988887315783
4.0,13.120160998797505,0.8,PS,1.0,15000.0,0.017344513469588037
4.0,13.830106302929654,0.8,PS,1.0,15000.0,0.016711587428500898
4.0,14.578467472149546,0.8,PS,1.0,15000.0,0.016083610604441207
4.0,15.367323228130308,0.8,PS,1.0,15000.0,0.015462821053399311
4.0,16.198864774296695,0.8,PS,1.0,15000.0,0.014851141525456496
4.0,17.07540188232742,0.8,PS,1.0,15000.0,0.014250248614644717
4.0,17.999369308004486,0.8,PS,1.0,15000.0,0.013661510976503926
4.0,18.973333554230518,0.8,PS,1.0,15000.0,0.01308611728416046
4.0,20.000000000000004,0.8,PS,1.0,15000.0,0.012525038136654188
4.0,3.0,0.8,PS,2.0,8000.0,0.023912648943111632
4.0,3.1623330622689494,0.8,PS,2.0,8000.0,0.025164829405185548
4.0,3.33345013223977,0.8,PS,2.0,8000.0,0.026284842761696223
4.0,3.5138265215355418,0.8,PS,2.0,8000.0,0.027266765062313503
4.0,3.703963261376446,0.8,PS,2.0,8000.0,0.028107535824627897
4.0,3.9043884942934204,0.8,PS,2.0,8000.0,0.028806704810361645
4.0,4.1156589411488556,0.8,PS,2.0,8000.0,0.029366141522766592
4.0,4.338361447539279,0.8,PS,2.0,8000.0,0.029789366601267502
4.0,4.573114613875481,0.8,PS,2.0,8000.0,0.030081768795637374
4.0,4.820570513667911,0.8,PS,2.0,8000.0,0.030249453558056347
4.0,5.0814165047902815,0.8,PS,2.0,8000.0,0.030299947777601085
4.0,5.356377138752477,0.8,PS,2.0,8000.0,0.03024124465859852
4.0,5.389452332657201,0.8,PS,2.0,8000.0,0.03022768062301242
4.0,5.646216173286171,0.8,PS,2.0,8000.0,0.030081758237392512
4.0,5.9517386938335095,0.8,PS,2.0,8000.0,0.0298301285903032
4.0,6.273793349831704,0.8,PS,2.0,8000.0,0.02949504780472351
4.0,6.613274712005288,0.8,PS,2.0,8000.0,0.0290852714611176
4.0,6.971125757213828,0.8,PS,2.0,8000.0,0.02860912904950242
4.0,7.3483404877573175,0.8,PS,2.0,8000.0,0.028074992703201712
4.0,7.745966692414836,0.8,PS,2.0,8000.0,0.027490455269055948
4.0,8.165108856885828,0.8,PS,2.0,8000.0,0.026863011990801697
4.0,8.606931231718361,0.8,PS,2.0,8000.0,0.026199727836212362
4.0,9.072661066246061,0.8,PS,2.0,8000.0,0.02550705046312097
4.0,9.563592017516726,0.8,PS,2.0,8000.0,0.024790986056737966
4.0,10.081087743681516,0.8,PS,2.0,8000.0,0.02405718507600546
4.0,10.626585691826111,0.8,PS,2.0,8000.0,0.023310663273542327
4.0,11.20160109076529,0.8,PS,2.0,8000.0,0.022555977091398494
4.0,11.807731159891665,0.8,PS,2.0,8000.0,0.021797372059362656
4.0,12.446659545769569,0.8,PS,2.0,8000.0,0.02103851166073637
4.0,13.120160998797505,0.8,PS,2.0,8000.0,0.020282716561061606
4.0,13.830106302929654,0.8,PS,2.0,8000.0,0.01953294409416557
4.0,14.578467472149546,0.8,PS,2.0,8000.0,0.01879171680214905
4.0,15.367323228130308,0.8,PS,2.0,8000.0,0.018061273551730574
4.0,16.198864774296695,0.8,PS,2.0,8000.0,0.017343521478863273
4.0,17.07540188232742,0.8,PS,2.0,8000.0,0.016640104728217933
4.0,17.999369308004486,0.8,PS,2.0,8000.0,0.01595235180807844
4.0,18.973333554230518,0.8,PS,2.0,8000.0,0.015281399586368085
4.0,20.000000000000004,0.8,PS,2.0,8000.0,0.014628164739405071
4.0,3.0,0.8,PS,2.0,10000.0,0.02170295090814058
4.0,3.1623330622689494,0.8,PS,2.0,10000.0,0.022932978649227446
4.0,3.33345013223977,0.8,PS,2.0,10000.0,0.024043957856988662
4.0,3.5138265215355418,0.8,PS,2.0,10000.0,0.025028785899929018
4.0,3.703963261376446,0.8,PS,2.0,10000.0,0.025883167403178454
4.0,3.9043884942934204,0.8,PS,2.0,10000.0,0.02660540773550251
4.0,4.1156589411488556,0.8,PS,2.0,10000.0,0.027196147803604916
4.0,4.338361447539279,0.8,PS,2.0,10000.0,0.02765773939000649
4.0,4.573114613875481,0.8,PS,2.0,10000.0,0.02799446085828952
4.0,4.820570513667911,0.8,PS,2.0,10000.0,0.0282113959083373
4.0,5.0814165047902815,0.8,PS,2.0,10000.0,0.02831513148043307
4.0,5.356377138752477,0.8,PS,2.0,10000.0,0.02831280377806674
4.0,5.389452332657201,0.8,PS,2.0,10000.0,0.028305993486825432
4.0,5.646216173286171,0.8,PS,2.0,10000.0,0.028212075033496625
4.0,5.9517386938335095,0.8,PS,2.0,10000.0,0.02802089047086411
4.0,6.273793349831704,0.8,PS,2.0,10000.0,0.02774736242059049
4.0,6.613274712005288,0.8,PS,2.0,10000.0,0.02739971654122401
4.0,6.971125757213828,0.8,PS,2.0,10000.0,0.02698584310405255
4.0,7.3483404877573175,0.8,PS,2.0,10000.0,0.02651372433576672
4.0,7.745966692414836,0.8,PS,2.0,10000.0,0.02599062922588027
4.0,8.165108856885828,0.8,PS,2.0,10000.0,0.025423777122276052
4.0,8.606931231718361,0.8,PS,2.0,10000.0,0.02482001436488459
4.0,9.072661066246061,0.8,PS,2.0,10000.0,0.02418559987763217
4.0,9.563592017516726,0.8,PS,2.0,10000.0,0.02352638992864872
4.0,10.081087743681516,0.8,PS,2.0,10000.0,0.022847921792631495
4.0,10.626585691826111,0.8,PS,2.0,10000.0,0.022155121785563628
4.0,11.20160109076529,0.8,PS,2.0,10000.0,0.02145248084941674
4.0,11.807731159891665,0.8,PS,2.0,10000.0,0.020744201836146003
4.0,12.446659545769569,0.8,PS,2.0,10000.0,0.020033924900191742
4.0,13.120160998797505,0.8,PS,2.0,10000.0,0.01932495335343962
4.0,13.830106302929654,0.8,PS,2.0,10000.0,0.01862025072510839
4.0,14.578467472149546,0.8,PS,2.0,10000.0,0.017922350048471643
4.0,15.367323228130308,0.8,PS,2.0,10000.0,0.017233510808487326
4.0,16.198864774296695,0.8,PS,2.0,10000.0,0.016555667951527697
4.0,17.07540188232742,0.8,PS,2.0,10000.0,0.015890500683395932
4.0,17.999369308004486,0.8,PS,2.0,10000.0,0.015239375666301555
4.0,18.973333554230518,0.8,PS,2.0,10000.0,0.014603472641587543
4.0,20.000000000000004,0.8,PS,2.0,10000.0,0.013983751740810476
4.0,3.0,0.8,PS,2.0,15000.0,0.018170105357805184
4.0,3.1623330622689494,0.8,PS,2.0,15000.0,0.019344179636490023
4.0,3.33345013223977,0.8,PS,2.0,15000.0,0.020421498247324116
4.0,3.5138265215355418,0.8,PS,2.0,15000.0,0.021393277694208065
4.0,3.703963261376446,0.8,PS,2.0,15000.0,0.022253359183319533
4.0,3.9043884942934204,0.8,PS,2.0,15000.0,0.0229981296165307
4.0,4.1156589411488556,0.8,PS,2.0,15000.0,0.02362627062943859
4.0,4.338361447539279,0.8,PS,2.0,15000.0,0.02413823621590875
4.0,4.573114613875481,0.8,PS,2.0,15000.0,0.02453646305254236
4.0,4.820570513667911,0.8,PS,2.0,15000.0,0.02482432122508199
4.0,5.0814165047902815,0.8,PS,2.0,15000.0,0.025006798469815975
4.0,5.356377138752477,0.8,PS,2.0,15000.0,0.025089538220622012
4.0,5.389452332657201,0.8,PS,2.0,15000.0,0.02509301408501434
4.0,5.646216173286171,0.8,PS,2.0,15000.0,0.025078897315583968
4.0,5.9517386938335095,0.8,PS,2.0,15000.0,0.024981594300650344
4.0,6.273793349831704,0.8,PS,2.0,15000.0,0.024804702280892675
4.0,6.613274712005288,0.8,PS,2.0,15000.0,0.024555487032725924
4.0,6.971125757213828,0.8,PS,2.0,15000.0,0.024241037864261288
4.0,7.3483404877573175,0.8,PS,2.0,15000.0,0.02386861230672545
4.0,7.745966692414836,0.8,PS,2.0,15000.0,0.023444876760463685
4.0,8.165108856885828,0.8,PS,2.0,15000.0,0.022976524706641282
4.0,8.606931231718361,0.8,PS,2.0,15000.0,0.02246997669640854
4.0,9.072661066246061,0.8,PS,2.0,15000.0,0.02193111831112309
4.0,9.563592017516726,0.8,PS,2.0,15000.0,0.02136551005856556
4.0,10.081087743681516,0.8,PS,2.0,15000.0,0.02077845176603059
4.0,10.626585691826111,0.8,PS,2.0,15000.0,0.02017467505622222
4.0,11.20160109076529,0.8,PS,2.0,15000.0,0.019558526885493175
4.0,11.807731159891665,0.8,PS,2.0,15000.0,0.0189341004210462
4.0,12.446659545769569,0.8,PS,2.0,15000.0,0.018304965258591183
4.0,13.120160998797505,0.8,PS,2.0,15000.0,0.01767437006157612
4.0,13.830106302929654,0.8,PS,2.0,15000.0,0.01704526258189496
4.0,14.578467472149546,0.8,PS,2.0,15000.0,0.016420169742421564
4.0,15.367323228130308,0.8,PS,2.0,15000.0,0.01580136590130275
4.0,16.198864774296695,0.8,PS,2.0,15000.0,0.015190815458307241
4.0,17.07540188232742,0.8,PS,2.0,15000.0,0.014590240504326297
4.0,17.999369308004486,0.8,PS,2.0,15000.0,0.01400105619288539
4.0,18.973333554230518,0.8,PS,2.0,15000.0,0.013424503096360908
4.0,20.000000000000004,0.8,PS,2.0,15000.0,0.01286160345640116
4.0,3.0,1.0,ST,0.5,8000.0,0.028917903188734936
4.0,3.1623330622689494,1.0,ST,0.5,8000.0,0.029483075447365194
4.0,3.33345013223977,1.0,ST,0.5,8000.0,0.02990470172445914
4.0,3.5138265215355418,1.0,ST,0.5,8000.0,0.03018784143804912
4.0,3.703963261376446,1.0,ST,0.5,8000.0,0.0303389780362574
4.0,3.9043884942934204,1.0,ST,0.5,8000.0,0.03036576114975885
4.0,4.1156589411488556,1.0,ST,0.5,8000.0,0.030276758704012686
4.0,4.338361447539279,1.0,ST,0.5,8000.0,0.030080957605717447
4.0,4.573114613875481,1.0,ST,0.5,8000.0,0.029787930262933592
4.0,4.820570513667911,1.0,ST,0.5,8000.0,0.02940703715565492
4.0,5.0814165047902815,1.0,ST,0.5,8000.0,0.02894795496778096
4.0,5.356377138752477,1.0,ST,0.5,8000.0,0.02842004278495378
4.0,5.389452332657201,1.0,ST,0.5,8000.0,0.028354326762010124
4.0,5.646216173286171,1.0,ST,0.5,8000.0,0.027832339690256315
4.0,5.9517386938335095,1.0,ST,0.5,8000.0,0.027193501110314978
4.0,6.273793349831704,1.0,ST,0.5,8000.0,0.02651170406054512
4.0,6.613274712005288,1.0,ST,0.5,8000.0,0.02579471061449139
4.0,6.971125757213828,1.0,ST,0.5,8000.0,0.025049580348506323
4.0,7.3483404877573175,1.0,ST,0.5,8000.0,0.024283019373119677
4.0,7.745966692414836,1.0,ST,0.5,8000.0,0.02350090172283472
4.0,8.165108856885828,1.0,ST,0.5,8000.0,0.02270873713146488
4.0,8.606931231718361,1.0,ST,0.5,8000.0,0.021911484452175403
4.0,9.072661066246061,1.0,ST,0.5,8000.0,0.02111348955378825
4.0,9.563592017516726,1.0,ST,0.5,8000.0,0.020318627774458767
4.0,10.081087743681516,1.0,ST,0.5,8000.0,0.019530361676653566
4.0,10.626585691826111,1.0,ST,0.5,8000.0,0.01875162736465778
4.0,11.20160109076529,1.0,ST,0.5,8000.0,0.0179849550504303
4.0,11.807731159891665,1.0,ST,0.5,8000.0,0.01723257822905698
4.0,12.446659545769569,1.0,ST,0.5,8000.0,0.016496289140682362
4.0,13.120160998797505,1.0,ST,0.5,8000.0,0.015777614080467444
4.0,13.830106302929654,1.0,ST,0.5,8000.0,0.015077799384038353
4.0,14.578467472149546,1.0,ST,0.5,8000.0,0.01439779801962784
4.0,15.367323228130308,1.0,ST,0.5,8000.0,0.013738359444788864
4.0,16.198864774296695,1.0,ST,0.5,8000.0,0.013100015539515245
4.0,17.07540188232742,1.0,ST,0.5,8000.0,0.012483134010505862
4.0,17.999369308004486,1.0,ST,0.5,8000.0,0.011887894631216912
4.0,18.973333554230518,1.0,ST,0.5,8000.0,0.011314358380372468
4.0,20.000000000000004,1.0,ST,0.5,8000.0,0.010762468021761314
4.0,3.0,1.0,ST,0.5,10000.0,0.027086026100163644
4.0,3.1623330622689494,1.0,ST,0.5,10000.0,0.02767918545013658
4.0,3.33345013223977,1.0,ST,0.5,10000.0,0.02813447715148609
4.0,3.5138265215355418,1.0,ST,0.5,10000.0,0.028456045550987668
4.0,3.703963261376446,1.0,ST,0.5,10000.0,0.028649529075292928
4.0,3.9043884942934204,1.0,ST,0.5,10000.0,0.028721809296637184
4.0,4.1156589411488556,1.0,ST,0.5,10000.0,0.028680757382790144
4.0,4.338361447539279,1.0,ST,0.5,10000.0,0.028534742917034974
4.0,4.573114613875481,1.0,ST,0.5,10000.0,0.02829279002165247
4.0,4.820570513667911,1.0,ST,0.5,10000.0,0.02796377944070183
4.0,5.0814165047902815,1.0,ST,0.5,10000.0,0.02755697337097181
4.0,5.356377138752477,1.0,ST,0.5,10000.0,0.02708136768512484
4.0,5.389452332657201,1.0,ST,0.5,10000.0,0.027021749369515225
4.0,5.646216173286171,1.0,ST,0.5,10000.0,0.026545702439515605
4.0,5.9517386938335095,1.0,ST,0.5,10000.0,0.025958361190466687
4.0,6.273793349831704,1.0,ST,0.5,10000.0,0.02532731455518257
4.0,6.613274712005288,1.0,ST,0.5,10000.0,0.02466013846059568
4.0,6.971125757213828,1.0,ST,0.5,10000.0,0.02396375156435252
4.0,7.3483404877573175,1.0,ST,0.5,10000.0,0.02324473999064195
4.0,7.745966692414836,1.0,ST,0.5,10000.0,0.022508885710840743
4.0,8.165108856885828,1.0,ST,0.5,10000.0,0.02176162741944832
4.0,8.606931231718361,1.0,ST,0.5,10000.0,0.021007878926394705
4.0,9.072661066246061,1.0,ST,0.5,10000.0,0.020251949007702094
4.0,9.563592017516726,1.0,ST,0.5,10000.0,0.01949769176156431
4.0,10.081087743681516,1.0,ST,0.5,10000.0,0.01874856415494365
4.0,10.626585691826111,1.0,ST,0.5,10000.0,0.018007503411919763
4.0,11.20160109076529,1.0,ST,0.5,10000.0,0.01727704935708736
4.0,11.807731159891665,1.0,ST,0.5,10000.0,0.016559454036634527
4.0,12.446659545769569,1.0,ST,0.5,10000.0,0.015856534524081048
4.0,13.120160998797505,1.0,ST,0.5,10000.0,0.015169841112604943
4.0,13.830106302929654,1.0,ST,0.5,10000.0,0.014500654918137759
4.0,14.578467472149546,1.0,ST,0.5,10000.0,0.013849962380718941
4.0,15.367323228130308,1.0,ST,0.5,10000.0,0.013218549705124594
4.0,16.198864774296695,1.0,ST,0.5,10000.0,0.012606987099698604
4.0,17.07540188232742,1.0,ST,0.5,10000.0,0.012015682674406104
4.0,17.999369308004486,1.0,ST,0.5,10000.0,0.011444856192032506
4.0,18.973333554230518,1.0,ST,0.5,10000.0,0.010894609764168724
4.0,20.000000000000004,1.0,ST,0.5,10000.0,0.01036492594330399
4.0,3.0,1.0,ST,0.5,15000.0,0.024015640944541658
4.0,3.1623330622689494,1.0,ST,0.5,15000.0,0.02464467908493582
4.0,3.33345013223977,1.0,ST,0.5,15000.0,0.025146418227681433
4.0,3.5138265215355418,1.0,ST,0.5,15000.0,0.025523453043079684
4.0,3.703963261376446,1.0,ST,0.5,15000.0,0.025779957181954305
4.0,3.9043884942934204,1.0,ST,0.5,15000.0,0.025921483464512715
4.0,4.1156589411488556,1.0,ST,0.5,15000.0,0.0259546737845576
4.0,4.338361447539279,1.0,ST,0.5,15000.0,0.025886801347671656
4.0,4.573114613875481,1.0,ST,0.5,15000.0,0.025725903554900502
4.0,4.820570513667911,1.0,ST,0.5,15000.0,0.02547999412479453
4.0,5.0814165047902815,1.0,ST,0.5,15000.0,0.025157579712906483
4.0,5.356377138752477,1.0,ST,0.5,15000.0,0.024766975887196552
4.0,5.389452332657201,1.0,ST,0.5,15000.0,0.024717299610095483
4.0,5.646216173286171,1.0,ST,0.5,15000.0,0.024316370834419673
4.0,5.9517386938335095,1.0,ST,0.5,15000.0,0.023813636696981166
4.0,6.273793349831704,1.0,ST,0.5,15000.0,0.023266347686220355
4.0,6.613274712005288,1.0,ST,0.5,15000.0,0.022681718441084218
4.0,6.971125757213828,1.0,ST,0.5,15000.0,0.022066391576454916
4.0,7.3483404877573175,1.0,ST,0.5,15000.0,0.021426710625391168
4.0,7.745966692414836,1.0,ST,0.5,15000.0,0.020768271096199546
4.0,8.165108856885828,1.0,ST,0.5,15000.0,0.020096359752699477
4.0,8.606931231718361,1.0,ST,0.5,15000.0,0.01941578624978622
4.0,9.072661066246061,1.0,ST,0.5,15000.0,0.018730769574300633
4.0,9.563592017516726,1.0,ST,0.5,15000.0,0.01804510941989908
4.0,10.081087743681516,1.0,ST,0.5,15000.0,0.01736223271419251
4.0,10.626585691826111,1.0,ST,0.5,15000.0,0.016685059047186816
4.0,11.20160109076529,1.0,ST,0.5,15000.0,0.016016131564741836
4.0,11.807731159891665,1.0,ST,0.5,15000.0,0.015357717852130796
4.0,12.446659545769569,1.0,ST,0.5,15000.0,0.014711664803265813
4.0,13.120160998797505,1.0,ST,0.5,15000.0,0.014079554137562237
4.0,13.830106302929654,1.0,ST,0.5,15000.0,0.013462716129737217
4.0,14.578467472149546,1.0,ST,0.5,15000.0,0.012862184798094516
4.0,15.367323228130308,1.0,ST,0.5,15000.0,0.012278801704699213
4.0,16.198864774296695,1.0,ST,0.5,15000.0,0.011713196176360074
4.0,17.07540188232742,1.0,ST,0.5,15000.0,0.011165839391568367
4.0,17.999369308004486,1.0,ST,0.5,15000.0,0.01063701313464215
4.0,18.973333554230518,1.0,ST,0.5,15000.0,0.010126886078197997
4.0,20.000000000000004,1.0,ST,0.5,15000.0,0.009635504737016675
4.0,3.0,1.0,ST,1.0,8000.0,0.029128207453675614
4.0,3.1623330622689494,1.0,ST,1.0,8000.0,0.02972308819851896
4.0,3.33345013223977,1.0,ST,1.0,8000.0,0.03017600467013969
4.0,3.5138265215355418,1.0,ST,1.0,8000.0,0.030491633839503925
4.0,3.703963261376446,1.0,ST,1.0,8000.0,0.030676039410294578
4.0,3.9043884942934204,1.0,ST,1.0,8000.0,0.03073643311063103
4.0,4.1156589411488556,1.0,ST,1.0,8000.0,0.030680942077823934
4.0,4.338361447539279,1.0,ST,1.0,8000.0,0.030518122559606956
4.0,4.573114613875481,1.0,ST,1.0,8000.0,0.030257143892076187
4.0,4.820570513667911,1.0,ST,1.0,8000.0,0.029906992583850288
4.0,5.0814165047902815,1.0,ST,1.0,8000.0,0.029477019747279738
4.0,5.356377138752477,1.0,ST,1.0,8000.0,0.028976303220903932
4.0,5.389452332657201,1.0,ST,1.0,8000.0,0.028913628202988446
4.0,5.646216173286171,1.0,ST,1.0,8000.0,0.02841365483719141
4.0,5.9517386938335095,1.0,ST,1.0,8000.0,0.027797550203796477
4.0,6.273793349831704,1.0,ST,1.0,8000.0,0.027136039293907593
4.0,6.613274712005288,1.0,ST,1.0,8000.0,0.026436803629241976
4.0,6.971125757213828,1.0,ST,1.0,8000.0,0.025706865361255726
4.0,7.3483404877573175,1.0,ST,1.0,8000.0,0.024952937741568364
4.0,7.745966692414836,1.0,ST,1.0,8000.0,0.024180928163446868
4.0,8.165108856885828,1.0,ST,1.0,8000.0,0.023396414075192145
4.0,8.606931231718361,1.0,ST,1.0,8000.0,0.02260445116868947
4.0,9.072661066246061,1.0,ST,1.0,8000.0,0.021809496296212028
4.0,9.563592017516726,1.0,ST,1.0,8000.0,0.02101555044180427
4.0,10.081087743681516,1.0,ST,1.0,8000.0,0.020226219960933194
4.0,10.626585691826111,1.0,ST,1.0,8000.0,0.019444585585036558
4.0,11.20160109076529,1.0,ST,1.0,8000.0,0.018673325973544326
4.0,11.807731159891665,1.0,ST,1.0,8000.0,0.0179148284511178
4.0,12.446659545769569,1.0,ST,1.0,8000.0,0.017171035899700218
4.0,13.120160998797505,1.0,ST,1.0,8000.0,0.016443620939595876
4.0,13.830106302929654,1.0,ST,1.0,8000.0,0.01573397462606689
4.0,14.578467472149546,1.0,ST,1.0,8000.0,0.015043183945598256
4.0,15.367323228130308,1.0,ST,1.0,8000.0,0.01437212927324855
4.0,16.198864774296695,1.0,ST,1.0,8000.0,0.01372146579006265
4.0,17.07540188232742,1.0,ST,1.0,8000.0,0.013091675922557024
4.0,17.999369308004486,1.0,ST,1.0,8000.0,0.012483043147081931
4.0,18.973333554230518,1.0,ST,1.0,8000.0,0.011895728266800616
4.0,20.000000000000004,1.0,ST,1.0,8000.0,0.011329763889165656
4.0,3.0,1.0,ST,1.0,10000.0,0.027280105461766267
4.0,3.1623330622689494,1.0,ST,1.0,10000.0,0.027902586312045327
4.0,3.33345013223977,1.0,ST,1.0,10000.0,0.028388821992105757
4.0,3.5138265215355418,1.0,ST,1.0,10000.0,0.028742571825953335
4.0,3.703963261376446,1.0,ST,1.0,10000.0,0.02896905188180856
4.0,3.9043884942934204,1.0,ST,1.0,10000.0,0.02907470324888733
4.0,4.1156589411488556,1.0,ST,1.0,10000.0,0.029066953752031034
4.0,4.338361447539279,1.0,ST,1.0,10000.0,0.028953739912728614
4.0,4.573114613875481,1.0,ST,1.0,10000.0,0.02874368047801129
4.0,4.820570513667911,1.0,ST,1.0,10000.0,0.028445280066261826
4.0,5.0814165047902815,1.0,ST,1.0,10000.0,0.0280674733288325
4.0,5.356377138752477,1.0,ST,1.0,10000.0,0.027618972996884154
4.0,5.389452332657201,1.0,ST,1.0,10000.0,0.02756238634547491
4.0,5.646216173286171,1.0,ST,1.0,10000.0,0.027108290280265138
4.0,5.9517386938335095,1.0,ST,1.0,10000.0,0.026543627191116723
4.0,6.273793349831704,1.0,ST,1.0,10000.0,0.025932826054690036
4.0,6.613274712005288,1.0,ST,1.0,10000.0,0.025283380875666644
4.0,6.971125757213828,1.0,ST,1.0,10000.0,0.024602171831063144
4.0,7.3483404877573175,1.0,ST,1.0,10000.0,0.023895791120672565
4.0,7.745966692414836,1.0,ST,1.0,10000.0,0.02317005315396596
4.0,8.165108856885828,1.0,ST,1.0,10000.0,0.022430463503451452
4.0,8.606931231718361,1.0,ST,1.0,10000.0,0.02168203221248492
4.0,9.072661066246061,1.0,ST,1.0,10000.0,0.020929178359378898
4.0,9.563592017516726,1.0,ST,1.0,10000.0,0.02017588111078305
4.0,10.081087743681516,1.0,ST,1.0,10000.0,0.01942574080934057
4.0,10.626585691826111,1.0,ST,1.0,10000.0,0.01868183888211791
4.0,11.20160109076529,1.0,ST,1.0,10000.0,0.01794686322962376
4.0,11.807731159891665,1.0,ST,1.0,10000.0,0.017223219463463196
4.0,12.446659545769569,1.0,ST,1.0,10000.0,0.01651287510113858
4.0,13.120160998797505,1.0,ST,1.0,10000.0,0.01581752644682829
4.0,13.830106302929654,1.0,ST,1.0,10000.0,0.015138599264855345
4.0,14.578467472149546,1.0,ST,1.0,10000.0,0.014477213853324768
4.0,15.367323228130308,1.0,ST,1.0,10000.0,0.013834287233064941
4.0,16.198864774296695,1.0,ST,1.0,10000.0,0.013210512835270492
4.0,17.07540188232742,1.0,ST,1.0,10000.0,0.012606413469752338
4.0,17.999369308004486,1.0,ST,1.0,10000.0,0.012022312565040473
4.0,18.973333554230518,1.0,ST,1.0,10000.0,0.01145841206448531
4.0,20.000000000000004,1.0,ST,1.0,10000.0,0.010914784330202305
4.0,3.0,1.0,ST,1.0,15000.0,0.024202491313419866
4.0,3.1623330622689494,1.0,ST,1.0,15000.0,0.02486064855415234
4.0,3.33345013223977,1.0,ST,1.0,15000.0,0.025393147601399504
4.0,3.5138265215355418,1.0,ST,1.0,15000.0,0.025802197067848434
4.0,3.703963261376446,1.0,ST,1.0,15000.0,0.026091547119328245
4.0,3.9043884942934204,1.0,ST,1.0,15000.0,0.026266309003529012
4.0,4.1156589411488556,1.0,ST,1.0,15000.0,0.02633268013776152
4.0,4.338361447539279,1.0,ST,1.0,15000.0,0.026297499592273777
4.0,4.573114613875481,1.0,ST,1.0,15000.0,0.02616839833602158
4.0,4.820570513667911,1.0,ST,1.0,15000.0,0.025953012973898845
4.0,5.0814165047902815,1.0,ST,1.0,15000.0,0.025659521703437948
4.0,5.356377138752477,1.0,ST,1.0,15000.0,0.025295956017681396
4.0,5.389452332657201,1.0,ST,1.0,15000.0,0.025249304100192667
4.0,5.646216173286171,1.0,ST,1.0,15000.0,0.02487027451593
4.0,5.9517386938335095,1.0,ST,1.0,15000.0,0.024390166959477166
4.0,6.273793349831704,1.0,ST,1.0,15000.0,0.023863078647917764
4.0,6.613274712005288,1.0,ST,1.0,15000.0,0.02329614160898593
4.0,6.971125757213828,1.0,ST,1.0,15000.0,0.022695959450468223
4.0,7.3483404877573175,1.0,ST,1.0,15000.0,0.022068881225669943
4.0,7.745966692414836,1.0,ST,1.0,15000.0,0.021420534416266873
4.0,8.165108856885828,1.0,ST,1.0,15000.0,0.020756272216848788
4.0,8.606931231718361,1.0,ST,1.0,15000.0,0.020081000177936986
4.0,9.072661066246061,1.0,ST,1.0,15000.0,0.01939904720500577
4.0,9.563592017516726,1.0,ST,1.0,15000.0,0.018714337757551675
4.0,10.081087743681516,1.0,ST,1.0,15000.0,0.01803044188550866
4.0,10.626585691826111,1.0,ST,1.0,15000.0,0.01735042311795636
4.0,11.20160109076529,1.0,ST,1.0,15000.0,0.016676972466824147
4.0,11.807731159891665,1.0,ST,1.0,15000.0,0.016012510892659405
4.0,12.446659545769569,1.0,ST,1.0,15000.0,0.01535903558783569
4.0,13.120160998797505,1.0,ST,1.0,15000.0,0.014718274096882625
4.0,13.830106302929654,1.0,ST,1.0,15000.0,0.014091701256798126
4.0,14.578467472149546,1.0,ST,1.0,15000.0,0.013480484813990492
4.0,15.367323228130308,1.0,ST,1.0,15000.0,0.012885597054684403
4.0,16.198864774296695,1.0,ST,1.0,15000.0,0.012307790451402663
4.0,17.07540188232742,1.0,ST,1.0,15000.0,0.011747650831658206
4.0,17.999369308004486,1.0,ST,1.0,15000.0,0.011205563577169338
4.0,18.973333554230518,1.0,ST,1.0,15000.0,0.010681797167940911
4.0,20.000000000000004,1.0,ST,1.0,15000.0,0.010176487878487657
4.0,3.0,1.0,ST,2.0,8000.0,0.0292568956689511
4.0,3.1623330622689494,1.0,ST,2.0,8000.0,0.0298726897713909
4.0,3.33345013223977,1.0,ST,2.0,8000.0,0.0303481652874048
4.0,3.5138265215355418,1.0,ST,2.0,8000.0,0.03068777491386521
4.0,3.703963261376446,1.0,ST,2.0,8000.0,0.0308973121727663
4.0,3.9043884942934204,1.0,ST,2.0,8000.0,0.03098368472371328
4.0,4.1156589411488556,1.0,ST,2.0,8000.0,0.03095469281283489
4.0,4.338361447539279,1.0,ST,2.0,8000.0,0.030818553919229826
4.0,4.573114613875481,1.0,ST,2.0,8000.0,0.030584101050684386
4.0,4.820570513667911,1.0,ST,2.0,8000.0,0.030259991770444035
4.0,5.0814165047902815,1.0,ST,2.0,8000.0,0.029855271178145664
4.0,5.356377138752477,1.0,ST,2.0,8000.0,0.029378735824109048
4.0,5.389452332657201,1.0,ST,2.0,8000.0,0.029318804036659558
4.0,5.646216173286171,1.0,ST,2.0,8000.0,0.028838951769803195
4.0,5.9517386938335095,1.0,ST,2.0,8000.0,0.028244181244385876
4.0,6.273793349831704,1.0,ST,2.0,8000.0,0.027602300869835453
4.0,6.613274712005288,1.0,ST,2.0,8000.0,0.02692085664127135
4.0,6.971125757213828,1.0,ST,2.0,8000.0,0.026206771946268456
4.0,7.3483404877573175,1.0,ST,2.0,8000.0,0.025466701203389324
4.0,7.745966692414836,1.0,ST,2.0,8000.0,0.024706519598915802
4.0,8.165108856885828,1.0,ST,2.0,8000.0,0.023931806185807317
4.0,8.606931231718361,1.0,ST,2.0,8000.0,0.023147648420780213
4.0,9.072661066246061,1.0,ST,2.0,8000.0,0.02235855387407353
4.0,9.563592017516726,1.0,ST,2.0,8000.0,0.021568592264649196
4.0,10.081087743681516,1.0,ST,2.0,8000.0,0.020781460817401513
4.0,10.626585691826111,1.0,ST,2.0,8000.0,0.02000033780846041
4.0,11.20160109076529,1.0,ST,2.0,8000.0,0.019228008529768314
4.0,11.807731159891665,1.0,ST,2.0,8000.0,0.018466976431681922
4.0,12.446659545769569,1.0,ST,2.0,8000.0,0.017719302679908462
4.0,13.120160998797505,1.0,ST,2.0,8000.0,0.016986778528871805
4.0,13.830106302929654,1.0,ST,2.0,8000.0,0.016270915820698784
4.0,14.578467472149546,1.0,ST,2.0,8000.0,0.015572916625131198
4.0,15.367323228130308,1.0,ST,2.0,8000.0,0.014893776001726748
4.0,16.198864774296695,1.0,ST,2.0,8000.0,0.014234259332922498
4.0,17.07540188232742,1.0,ST,2.0,8000.0,0.013594953505688562
4.0,17.999369308004486,1.0,ST,2.0,8000.0,0.012976238807022627
4.0,18.973333554230518,1.0,ST,2.0,8000.0,0.012378369936386356
4.0,20.000000000000004,1.0,ST,2.0,8000.0,0.01180146557327869
4.0,3.0,1.0,ST,2.0,10000.0,0.027400553079856758
4.0,3.1623330622689494,1.0,ST,2.0,10000.0,0.028043745500304463
4.0,3.33345013223977,1.0,ST,2.0,10000.0,0.02855235863977293
4.0,3.5138265215355418,1.0,ST,2.0,10000.0,0.028929926245389637
4.0,3.703963261376446,1.0,ST,2.0,10000.0,0.029181392880086355
4.0,3.9043884942934204,1.0,ST,2.0,10000.0,0.029312894256305407
4.0,4.1156589411488556,1.0,ST,2.0,10000.0,0.029331530010702996
4.0,4.338361447539279,1.0,ST,2.0,10000.0,0.02924489667454408
4.0,4.573114613875481,1.0,ST,2.0,10000.0,0.029061275493650878
4.0,4.820570513667911,1.0,ST,2.0,10000.0,0.028788841041977122
4.0,5.0814165047902815,1.0,ST,2.0,10000.0,0.028436220949080843
4.0,5.356377138752477,1.0,ST,2.0,10000.0,0.028011845687341524
4.0,5.389452332657201,1.0,ST,2.0,10000.0,0.027957996292175796
4.0,5.646216173286171,1.0,ST,2.0,10000.0,0.02752397987556821
4.0,5.9517386938335095,1.0,ST,2.0,10000.0,0.026980611258927988
4.0,6.273793349831704,1.0,ST,2.0,10000.0,0.026389408164744197
4.0,6.613274712005288,1.0,ST,2.0,10000.0,0.025757728360428545
4.0,6.971125757213828,1.0,ST,2.0,10000.0,0.02509235270824394
4.0,7.3483404877573175,1.0,ST,2.0,10000.0,0.024399814017257857
4.0,7.745966692414836,1.0,ST,2.0,10000.0,0.023685894005049876
4.0,8.165108856885828,1.0,ST,2.0,10000.0,0.0229560994056967
4.0,8.606931231718361,1.0,ST,2.0,10000.0,0.022215471702414325
4.0,9.072661066246061,1.0,ST,2.0,10000.0,0.021468480325963935
4.0,9.563592017516726,1.0,ST,2.0,10000.0,0.020719172864741942
4.0,10.081087743681516,1.0,ST,2.0,10000.0,0.01997124029989004
4.0,10.626585691826111,1.0,ST,2.0,10000.0,0.019227861367884954
4.0,11.20160109076529,1.0,ST,2.0,10000.0,0.018491830393043574
4.0,11.807731159891665,1.0,ST,2.0,10000.0,0.017765668959682773
4.0,12.446659545769569,1.0,ST,2.0,10000.0,0.0170514627506699
4.0,13.120160998797505,1.0,ST,2.0,10000.0,0.016351026524613618
4.0,13.830106302929654,1.0,ST,2.0,10000.0,0.01566590678096343
4.0,14.578467472149546,1.0,ST,2.0,10000.0,0.014997338803033184
4.0,15.367323228130308,1.0,ST,2.0,10000.0,0.014346354229738954
4.0,16.198864774296695,1.0,ST,2.0,10000.0,0.013713756640525628
4.0,17.07540188232742,1.0,ST,2.0,10000.0,0.01310017328481908
4.0,17.999369308004486,1.0,ST,2.0,10000.0,0.012506024373542129
4.0,18.973333554230518,1.0,ST,2.0,10000.0,0.011931605743728856
4.0,20.000000000000004,1.0,ST,2.0,10000.0,0.011377075807023775
4.0,3.0,1.0,ST,2.0,15000.0,0.024319310731246137
4.0,3.1623330622689494,1.0,ST,2.0,15000.0,0.024998077392307402
4.0,3.33345013223977,1.0,ST,2.0,15000.0,0.02555286088713899
4.0,3.5138265215355418,1.0,ST,2.0,15000.0,0.025985643732328843
4.0,3.703963261376446,1.0,ST,2.0,15000.0,0.02629990402300102
4.0,3.9043884942934204,1.0,ST,2.0,15000.0,0.026500447083069284
4.0,4.1156589411488556,1.0,ST,2.0,15000.0,0.026593141572312594
4.0,4.338361447539279,1.0,ST,2.0,15000.0,0.026584486031307437
4.0,4.573114613875481,1.0,ST,2.0,15000.0,0.026481773396478645
4.0,4.820570513667911,1.0,ST,2.0,15000.0,0.026292309731282666
4.0,5.0814165047902815,1.0,ST,2.0,15000.0,0.026023965752053613
4.0,5.356377138752477,1.0,ST,2.0,15000.0,0.02568449022286685
4.0,5.389452332657201,1.0,ST,2.0,15000.0,0.025640571753345803
4.0,5.646216173286171,1.0,ST,2.0,15000.0,0.0252815947782588
4.0,5.9517386938335095,1.0,ST,2.0,15000.0,0.024822754490217175
4.0,6.273793349831704,1.0,ST,2.0,15000.0,0.024315240346996864
4.0,6.613274712005288,1.0,ST,2.0,15000.0,0.0237660477905085
4.0,6.971125757213828,1.0,ST,2.0,15000.0,0.023181680846690107
4.0,7.3483404877573175,1.0,ST,2.0,15000.0,0.022568428896150555
4.0,7.745966692414836,1.0,ST,2.0,15000.0,0.021931886492001052
4.0,8.165108856885828,1.0,ST,2.0,15000.0,0.021277407762196415
4.0,8.606931231718361,1.0,ST,2.0,15000.0,0.020609929523752266
4.0,9.072661066246061,1.0,ST,2.0,15000.0,0.01993383083776053
4.0,9.563592017516726,1.0,ST,2.0,15000.0,0.01925310442914546
4.0,10.081087743681516,1.0,ST,2.0,15000.0,0.018571410854559278
4.0,10.626585691826111,1.0,ST,2.0,15000.0,0.017891910815039692
4.0,11.20160109076529,1.0,ST,2.0,15000.0,0.017217401635817482
4.0,11.807731159891665,1.0,ST,2.0,15000.0,0.016550420149276584
4.0,12.446659545769569,1.0,ST,2.0,15000.0,0.015893081634505916
4.0,13.120160998797505,1.0,ST,2.0,15000.0,0.015247231991019749
4.0,13.830106302929654,1.0,ST,2.0,15000.0,0.014614466741677228
4.0,14.578467472149546,1.0,ST,2.0,15000.0,0.013996068546282492
4.0,15.367323228130308,1.0,ST,2.0,15000.0,0.013393124256267588
4.0,16.198864774296695,1.0,ST,2.0,15000.0,0.012806496446664904
4.0,17.07540188232742,1.0,ST,2.0,15000.0,0.012236875351891954
4.0,17.999369308004486,1.0,ST,2.0,15000.0,0.011684743094113556
4.0,18.973333554230518,1.0,ST,2.0,15000.0,0.011150462027083193
4.0,20.000000000000004,1.0,ST,2.0,15000.0,0.010634254441592115
4.0,3.0,1.0,PS,0.5,8000.0,0.033764742133571175
4.0,3.1623330622689494,1.0,PS,0.5,8000.0,0.03495207887970359
4.0,3.33345013223977,1.0,PS,0.5,8000.0,0.03595111873929922
4.0,3.5138265215355418,1.0,PS,0.5,8000.0,0.036762163932812085
4.0,3.703963261376446,1.0,PS,0.5,8000.0,0.0373884009318814
4.0,3.9043884942934204,1.0,PS,0.5,8000.0,0.03783552096090101
4.0,4.1156589411488556,1.0,PS,0.5,8000.0,0.03811133251606033
4.0,4.338361447539279,1.0,PS,0.5,8000.0,0.03822498711976282
4.0,4.573114613875481,1.0,PS,0.5,8000.0,0.03818718872929567
4.0,4.820570513667911,1.0,PS,0.5,8000.0,0.038008945885598104
4.0,5.0814165047902815,1.0,PS,0.5,8000.0,0.037702317948018337
4.0,5.356377138752477,1.0,PS,0.5,8000.0,0.03727940456001748
4.0,5.389452332657201,1.0,PS,0.5,8000.0,0.03722300811884218
4.0,5.646216173286171,1.0,PS,0.5,8000.0,0.03675229929089269
4.0,5.9517386938335095,1.0,PS,0.5,8000.0,0.03613291804745073
4.0,6.273793349831704,1.0,PS,0.5,8000.0,0.035432820848603025
4.0,6.613274712005288,1.0,PS,0.5,8000.0,0.03466325161758884
4.0,6.971125757213828,1.0,PS,0.5,8000.0,0.033834655320626815
4.0,7.3483404877573175,1.0,PS,0.5,8000.0,0.03295717387536257
4.0,7.745966692414836,1.0,PS,0.5,8000.0,0.03203985982033083
4.0,8.165108856885828,1.0,PS,0.5,8000.0,0.031091372360150388
4.0,8.606931231718361,1.0,PS,0.5,8000.0,0.03011966164025822
4.0,9.072661066246061,1.0,PS,0.5,8000.0,0.029131832762651955
4.0,9.563592017516726,1.0,PS,0.5,8000.0,0.02813434213329234
4.0,10.081087743681516,1.0,PS,0.5,8000.0,0.02713308210978197
4.0,10.626585691826111,1.0,PS,0.5,8000.0,0.026133166354895012
4.0,11.20160109076529,1.0,PS,0.5,8000.0,0.025139110633824638
4.0,11.807731159891665,1.0,PS,0.5,8000.0,0.024154990651636322
4.0,12.446659545769569,1.0,PS,0.5,8000.0,0.023184206732539268
4.0,13.120160998797505,1.0,PS,0.5,8000.0,0.02222974099690957
4.0,13.830106302929654,1.0,PS,0.5,8000.0,0.02129413763490108
4.0,14.578467472149546,1.0,PS,0.5,8000.0,0.020379469479835283
4.0,15.367323228130308,1.0,PS,0.5,8000.0,0.019487478246805807
4.0,16.198864774296695,1.0,PS,0.5,8000.0,0.018619547934583956
4.0,17.07540188232742,1.0,PS,0.5,8000.0,0.017776783902389775
4.0,17.999369308004486,1.0,PS,0.5,8000.0,0.016959975428378425
4.0,18.973333554230518,1.0,PS,0.5,8000.0,0.016169705163128354
4.0,20.000000000000004,1.0,PS,0.5,8000.0,0.015406345051832852
4.0,3.0,1.0,PS,0.5,10000.0,0.031171068244329823
4.0,3.1623330622689494,1.0,PS,0.5,10000.0,0.032372485097806145
4.0,3.33345013223977,1.0,PS,0.5,10000.0,0.03339759135396248
4.0,3.5138265215355418,1.0,PS,0.5,10000.0,0.03424512323465412
4.0,3.703963261376446,1.0,PS,0.5,10000.0,0.03491675908981521
4.0,3.9043884942934204,1.0,PS,0.5,10000.0,0.03541676988448108
4.0,4.1156589411488556,1.0,PS,0.5,10000.0,0.035751639224849245
4.0,4.338361447539279,1.0,PS,0.5,10000.0,0.03592931498546022
4.0,4.573114613875481,1.0,PS,0.5,10000.0,0.03595940855292827
4.0,4.820570513667911,1.0,PS,0.5,10000.0,0.03585195654619296
4.0,5.0814165047902815,1.0,PS,0.5,10000.0,0.035618160717184266
4.0,5.356377138752477,1.0,PS,0.5,10000.0,0.035269362048988014
4.0,5.389452332657201,1.0,PS,0.5,10000.0,0.03522167612986993
4.0,5.646216173286171,1.0,PS,0.5,10000.0,0.03481701337482287
4.0,5.9517386938335095,1.0,PS,0.5,10000.0,0.034272452046167586
4.0,6.273793349831704,1.0,PS,0.5,10000.0,0.03364677837714889
4.0,6.613274712005288,1.0,PS,0.5,10000.0,0.032950826024465904
4.0,6.971125757213828,1.0,PS,0.5,10000.0,0.032194715857773844
4.0,7.3483404877573175,1.0,PS,0.5,10000.0,0.031388312826896435
4.0,7.745966692414836,1.0,PS,0.5,10000.0,0.030540449395431546
4.0,8.165108856885828,1.0,PS,0.5,10000.0,0.029659608795254176
4.0,8.606931231718361,1.0,PS,0.5,10000.0,0.028753615719615173
4.0,9.072661066246061,1.0,PS,0.5,10000.0,0.02782947159654628
4.0,9.563592017516726,1.0,PS,0.5,10000.0,0.02689356148262731
4.0,10.081087743681516,1.0,PS,0.5,10000.0,0.025951737331082934
4.0,10.626585691826111,1.0,PS,0.5,10000.0,0.025009088653105114
4.0,11.20160109076529,1.0,PS,0.5,10000.0,0.024070125089586426
4.0,11.807731159891665,1.0,PS,0.5,10000.0,0.023138934276620452
4.0,12.446659545769569,1.0,PS,0.5,10000.0,0.02221894149719002
4.0,13.120160998797505,1.0,PS,0.5,10000.0,0.021313155698559717
4.0,13.830106302929654,1.0,PS,0.5,10000.0,0.020424166757333197
4.0,14.578467472149546,1.0,PS,0.5,10000.0,0.019554093167089306
4.0,15.367323228130308,1.0,PS,0.5,10000.0,0.01870472901100491
4.0,16.198864774296695,1.0,PS,0.5,10000.0,0.01787751435559827
4.0,17.07540188232742,1.0,PS,0.5,10000.0,0.01707361486970771
4.0,17.999369308004486,1.0,PS,0.5,10000.0,0.016293880237153217
4.0,18.973333554230518,1.0,PS,0.5,10000.0,0.015538955981280328
4.0,20.000000000000004,1.0,PS,0.5,10000.0,0.0148092753671928
4.0,3.0,1.0,PS,0.5,15000.0,0.026890773181871167
4.0,3.1623330622689494,1.0,PS,0.5,15000.0,0.02809393304541919
4.0,3.33345013223977,1.0,PS,0.5,15000.0,0.029142313684988663
4.0,3.5138265215355418,1.0,PS,0.5,15000.0,0.030032151918136
4.0,3.703963261376446,1.0,PS,0.5,15000.0,0.030762641984792196
4.0,3.9043884942934204,1.0,PS,0.5,15000.0,0.031335696937112786
4.0,4.1156589411488556,1.0,PS,0.5,15000.0,0.03175554786210826
4.0,4.338361447539279,1.0,PS,0.5,15000.0,0.032028072100808276
4.0,4.573114613875481,1.0,PS,0.5,15000.0,0.03216097020933001
4.0,4.820570513667911,1.0,PS,0.5,15000.0,0.03216256509447793
4.0,5.0814165047902815,1.0,PS,0.5,15000.0,0.03204252824372333
4.0,5.356377138752477,1.0,PS,0.5,15000.0,0.03181081349957507
4.0,5.389452332657201,1.0,PS,0.5,15000.0,0.03177696470460886
4.0,5.646216173286171,1.0,PS,0.5,15000.0,0.03147770946469599
4.0,5.9517386938335095,1.0,PS,0.5,15000.0,0.031053482928394775
4.0,6.273793349831704,1.0,PS,0.5,15000.0,0.030548367889625505
4.0,6.613274712005288,1.0,PS,0.5,15000.0,0.0299724152532756
4.0,6.971125757213828,1.0,PS,0.5,15000.0,0.02933512150968215
4.0,7.3483404877573175,1.0,PS,0.5,15000.0,0.028645803575205547
4.0,7.745966692414836,1.0,PS,0.5,15000.0,0.027912856546411673
4.0,8.165108856885828,1.0,PS,0.5,15000.0,0.02714439958038942
4.0,8.606931231718361,1.0,PS,0.5,15000.0,0.026347985375343757
4.0,9.072661066246061,1.0,PS,0.5,15000.0,0.0255303829604227
4.0,9.563592017516726,1.0,PS,0.5,15000.0,0.024697813683283883
4.0,10.081087743681516,1.0,PS,0.5,15000.0,0.023856015967051284
4.0,10.626585691826111,1.0,PS,0.5,15000.0,0.02300999626259608
4.0,11.20160109076529,1.0,PS,0.5,15000.0,0.022164222718315602
4.0,11.807731159891665,1.0,PS,0.5,15000.0,0.021322768554837966
4.0,12.446659545769569,1.0,PS,0.5,15000.0,0.020489073415034104
4.0,13.120160998797505,1.0,PS,0.5,15000.0,0.019666169185426453
4.0,13.830106302929654,1.0,PS,0.5,15000.0,0.018856700714875576
4.0,14.578467472149546,1.0,PS,0.5,15000.0,0.018062843257243184
4.0,15.367323228130308,1.0,PS,0.5,15000.0,0.017286463080667672
4.0,16.198864774296695,1.0,PS,0.5,15000.0,0.01652908103639142
4.0,17.07540188232742,1.0,PS,0.5,15000.0,0.015791952024796108
4.0,17.999369308004486,1.0,PS,0.5,15000.0,0.015076015195415553
4.0,18.973333554230518,1.0,PS,0.5,15000.0,0.014382014108997374
4.0,20.000000000000004,1.0,PS,0.5,15000.0,0.013710477389701168
4.0,3.0,1.0,PS,1.0,8000.0,0.03391034975947877
4.0,3.1623330622689494,1.0,PS,1.0,8000.0,0.03512004628085823
4.0,3.33345013223977,1.0,PS,1.0,8000.0,0.03614364849660652
4.0,3.5138265215355418,1.0,PS,1.0,8000.0,0.03698133824604666
4.0,3.703963261376446,1.0,PS,1.0,8000.0,0.03763611158603408
4.0,3.9043884942934204,1.0,PS,1.0,8000.0,0.03811340757680457
4.0,4.1156589411488556,1.0,PS,1.0,8000.0,0.03842072979515851
4.0,4.338361447539279,1.0,PS,1.0,8000.0,0.0385668820029536
4.0,4.573114613875481,1.0,PS,1.0,8000.0,0.03856219542519532
4.0,4.820570513667911,1.0,PS,1.0,8000.0,0.03841728559390031
4.0,5.0814165047902815,1.0,PS,1.0,8000.0,0.03814382334182102
4.0,5.356377138752477,1.0,PS,1.0,8000.0,0.03775352703871857
4.0,5.389452332657201,1.0,PS,1.0,8000.0,0.03770088823247456
4.0,5.646216173286171,1.0,PS,1.0,8000.0,0.037258133150261004
4.0,5.9517386938335095,1.0,PS,1.0,8000.0,0.036669226591587736
4.0,6.273793349831704,1.0,PS,1.0,8000.0,0.03599807476373892
4.0,6.613274712005288,1.0,PS,1.0,8000.0,0.03525566866090397
4.0,6.971125757213828,1.0,PS,1.0,8000.0,0.03445224199939013
4.0,7.3483404877573175,1.0,PS,1.0,8000.0,0.03359777495310555
4.0,7.745966692414836,1.0,PS,1.0,8000.0,0.032701191484112845
4.0,8.165108856885828,1.0,PS,1.0,8000.0,0.031771068936874515
4.0,8.606931231718361,1.0,PS,1.0,8000.0,0.030815319199728575
4.0,9.072661066246061,1.0,PS,1.0,8000.0,0.02984103722933915
4.0,9.563592017516726,1.0,PS,1.0,8000.0,0.028854699662979575
4.0,10.081087743681516,1.0,PS,1.0,8000.0,0.02786225481137777
4.0,10.626585691826111,1.0,PS,1.0,8000.0,0.026868886966174642
4.0,11.20160109076529,1.0,PS,1.0,8000.0,0.025879201054372577
4.0,11.807731159891665,1.0,PS,1.0,8000.0,0.024897382183113246
4.0,12.446659545769569,1.0,PS,1.0,8000.0,0.02392694885880375
4.0,13.120160998797505,1.0,PS,1.0,8000.0,0.02297100797887228
4.0,13.830106302929654,1.0,PS,1.0,8000.0,0.022032237867346847
4.0,14.578467472149546,1.0,PS,1.0,8000.0,0.021112842051095013
4.0,15.367323228130308,1.0,PS,1.0,8000.0,0.020214698230774476
4.0,16.198864774296695,1.0,PS,1.0,8000.0,0.019339324972034142
4.0,17.07540188232742,1.0,PS,1.0,8000.0,0.018487958645104958
4.0,17.999369308004486,1.0,PS,1.0,8000.0,0.017661511527174028
4.0,18.973333554230518,1.0,PS,1.0,8000.0,0.01686069010127826
4.0,20.000000000000004,1.0,PS,1.0,8000.0,0.016085981888281052
4.0,3.0,1.0,PS,1.0,10000.0,0.03129367475632948
4.0,3.1623330622689494,1.0,PS,1.0,10000.0,0.032516670051797605
4.0,3.33345013223977,1.0,PS,1.0,10000.0,0.033565633961699454
4.0,3.5138265215355418,1.0,PS,1.0,10000.0,0.03443917906805629
4.0,3.703963261376446,1.0,PS,1.0,10000.0,0.035138789512516796
4.0,3.9043884942934204,1.0,PS,1.0,10000.0,0.03566847997384852
4.0,4.1156589411488556,1.0,PS,1.0,10000.0,0.03603442476763537
4.0,4.338361447539279,1.0,PS,1.0,10000.0,0.03624421967475726
4.0,4.573114613875481,1.0,PS,1.0,10000.0,0.03630709900579641
4.0,4.820570513667911,1.0,PS,1.0,10000.0,0.03623270219465235
4.0,5.0814165047902815,1.0,PS,1.0,10000.0,0.03603183848794512
4.0,5.356377138752477,1.0,PS,1.0,10000.0,0.035715463737348484
4.0,5.389452332657201,1.0,PS,1.0,10000.0,0.03567151535822358
4.0,5.646216173286171,1.0,PS,1.0,10000.0,0.03529467027650602
4.0,5.9517386938335095,1.0,PS,1.0,10000.0,0.034780460906911476
4.0,6.273793349831704,1.0,PS,1.0,10000.0,0.03418364052526675
4.0,6.613274712005288,1.0,PS,1.0,10000.0,0.033514786927013034
4.0,6.971125757213828,1.0,PS,1.0,10000.0,0.03278380733742824
4.0,7.3483404877573175,1.0,PS,1.0,10000.0,0.03200040260652439
4.0,7.745966692414836,1.0,PS,1.0,10000.0,0.031173274551151608
4.0,8.165108856885828,1.0,PS,1.0,10000.0,0.030310822653487
4.0,8.606931231718361,1.0,PS,1.0,10000.0,0.029420831868153488
4.0,9.072661066246061,1.0,PS,1.0,10000.0,0.028510291936691964
4.0,9.563592017516726,1.0,PS,1.0,10000.0,0.027585606812927092
4.0,10.081087743681516,1.0,PS,1.0,10000.0,0.026652683360749992
4.0,10.626585691826111,1.0,PS,1.0,10000.0,0.025716680710026977
4.0,11.20160109076529,1.0,PS,1.0,10000.0,0.02478219677243084
4.0,11.807731159891665,1.0,PS,1.0,10000.0,0.02385342789848069
4.0,12.446659545769569,1.0,PS,1.0,10000.0,0.022933916995712084
4.0,13.120160998797505,1.0,PS,1.0,10000.0,0.02202679708766628
4.0,13.830106302929654,1.0,PS,1.0,10000.0,0.021134791880144554
4.0,14.578467472149546,1.0,PS,1.0,10000.0,0.02026015014263087
4.0,15.367323228130308,1.0,PS,1.0,10000.0,0.019404801640026007
4.0,16.198864774296695,1.0,PS,1.0,10000.0,0.018570320756017732
4.0,17.07540188232742,1.0,PS,1.0,10000.0,0.017758004028205772
4.0,17.999369308004486,1.0,PS,1.0,10000.0,0.016968823982952984
4.0,18.973333554230518,1.0,PS,1.0,10000.0,0.0162035499047399
4.0,20.000000000000004,1.0,PS,1.0,10000.0,0.015462730513361177
4.0,3.0,1.0,PS,1.0,15000.0,0.027003286812680116
4.0,3.1623330622689494,1.0,PS,1.0,15000.0,0.028227625529622477
4.0,3.33345013223977,1.0,PS,1.0,15000.0,0.029299497519971743
4.0,3.5138265215355418,1.0,PS,1.0,15000.0,0.03021501496479132
4.0,3.703963261376446,1.0,PS,1.0,15000.0,0.03097317651501874
4.0,3.9043884942934204,1.0,PS,1.0,15000.0,0.031575637401773535
4.0,4.1156589411488556,1.0,PS,1.0,15000.0,0.0320263176601008
4.0,4.338361447539279,1.0,PS,1.0,15000.0,0.032330740750148065
4.0,4.573114613875481,1.0,PS,1.0,15000.0,0.03249622828856982
4.0,4.820570513667911,1.0,PS,1.0,15000.0,0.032530704190438006
4.0,5.0814165047902815,1.0,PS,1.0,15000.0,0.032443445686469743
4.0,5.356377138752477,1.0,PS,1.0,15000.0,0.032244019690518474
4.0,5.389452332657201,1.0,PS,1.0,15000.0,0.03221389378198498
4.0,5.646216173286171,1.0,PS,1.0,15000.0,0.03194235278612019
4.0,5.9517386938335095,1.0,PS,1.0,15000.0,0.03154837555306093
4.0,6.273793349831704,1.0,PS,1.0,15000.0,0.0310720252469693
4.0,6.613274712005288,1.0,PS,1.0,15000.0,0.030523095495554944
4.0,6.971125757213828,1.0,PS,1.0,15000.0,0.029910867996198957
4.0,7.3483404877573175,1.0,PS,1.0,15000.0,0.029244494390108896
4.0,7.745966692414836,1.0,PS,1.0,15000.0,0.028532238117558645
4.0,8.165108856885828,1.0,PS,1.0,15000.0,0.027782133621537045
4.0,8.606931231718361,1.0,PS,1.0,15000.0,0.02700169308623894
4.0,9.072661066246061,1.0,PS,1.0,15000.0,0.026197673034221932
4.0,9.563592017516726,1.0,PS,1.0,15000.0,0.025376313033865918
4.0,10.081087743681516,1.0,PS,1.0,15000.0,0.024543405837460938
4.0,10.626585691826111,1.0,PS,1.0,15000.0,0.023704026937226945
4.0,11.20160109076529,1.0,PS,1.0,15000.0,0.022862732274408083
4.0,11.807731159891665,1.0,PS,1.0,15000.0,0.02202370335339156
4.0,12.446659545769569,1.0,PS,1.0,15000.0,0.02119049709328432
4.0,13.120160998797505,1.0,PS,1.0,15000.0,0.020366269061911815
4.0,13.830106302929654,1.0,PS,1.0,15000.0,0.01955379770674485
4.0,14.578467472149546,1.0,PS,1.0,15000.0,0.018755388271277793
4.0,15.367323228130308,1.0,PS,1.0,15000.0,0.017973042488045175
4.0,16.198864774296695,1.0,PS,1.0,15000.0,0.01720841533967287
4.0,17.07540188232742,1.0,PS,1.0,15000.0,0.016462892458522383
4.0,17.999369308004486,1.0,PS,1.0,15000.0,0.015737535679567663
4.0,18.973333554230518,1.0,PS,1.0,15000.0,0.01503321224230845
4.0,20.000000000000004,1.0,PS,1.0,15000.0,0.014350566110787161
4.0,3.0,1.0,PS,2.0,8000.0,0.03399032481063155
4.0,3.1623330622689494,1.0,PS,2.0,8000.0,0.0352137299868806
4.0,3.33345013223977,1.0,PS,2.0,8000.0,0.036252744435221695
4.0,3.5138265215355418,1.0,PS,2.0,8000.0,0.03710754271951863
4.0,3.703963261376446,1.0,PS,2.0,8000.0,0.03778106258721331
4.0,3.9043884942934204,1.0,PS,2.0,8000.0,0.03827863498650853
4.0,4.1156589411488556,1.0,PS,2.0,8000.0,0.03860760812483536
4.0,4.338361447539279,1.0,PS,2.0,8000.0,0.03877658739398082
4.0,4.573114613875481,1.0,PS,2.0,8000.0,0.03879567256067839
4.0,4.820570513667911,1.0,PS,2.0,8000.0,0.03867521796548795
4.0,5.0814165047902815,1.0,PS,2.0,8000.0,0.038426619140384116
4.0,5.356377138752477,1.0,PS,2.0,8000.0,0.038061309050205626
4.0,5.389452332657201,1.0,PS,2.0,8000.0,0.038011584000652
4.0,5.646216173286171,1.0,PS,2.0,8000.0,0.0375907421837589
4.0,5.9517386938335095,1.0,PS,2.0,8000.0,0.03702622740815654
4.0,6.273793349831704,1.0,PS,2.0,8000.0,0.03637877359421283
4.0,6.613274712005288,1.0,PS,2.0,8000.0,0.03565913421324006
4.0,6.971125757213828,1.0,PS,2.0,8000.0,0.03487733015418489
4.0,7.3483404877573175,1.0,PS,2.0,8000.0,0.0340431617340422
4.0,7.745966692414836,1.0,PS,2.0,8000.0,0.03316539636336898
4.0,8.165108856885828,1.0,PS,2.0,8000.0,0.03225248975472342
4.0,8.606931231718361,1.0,PS,2.0,8000.0,0.0313122666038098
4.0,9.072661066246061,1.0,PS,2.0,8000.0,0.030351759476457504
4.0,9.563592017516726,1.0,PS,2.0,8000.0,0.029377408834681436
4.0,10.081087743681516,1.0,PS,2.0,8000.0,0.028395159278485356
4.0,10.626585691826111,1.0,PS,2.0,8000.0,0.0274102075458818
4.0,11.20160109076529,1.0,PS,2.0,8000.0,0.02642719067631505
4.0,11.807731159891665,1.0,PS,2.0,8000.0,0.025450346699101695
4.0,12.446659545769569,1.0,PS,2.0,8000.0,0.02448325929513431
4.0,13.120160998797505,1.0,PS,2.0,8000.0,0.02352911052715951
4.0,13.830106302929654,1.0,PS,2.0,8000.0,0.022590665961187938
4.0,14.578467472149546,1.0,PS,2.0,8000.0,0.021670218335896156
4.0,15.367323228130308,1.0,PS,2.0,8000.0,0.020769742483525342
4.0,16.198864774296695,1.0,PS,2.0,8000.0,0.019890856519886906
4.0,17.07540188232742,1.0,PS,2.0,8000.0,0.019034896613577507
4.0,17.999369308004486,1.0,PS,2.0,8000.0,0.018202871737250086
4.0,18.973333554230518,1.0,PS,2.0,8000.0,0.01739558761965236
4.0,20.000000000000004,1.0,PS,2.0,8000.0,0.01661362648359212
4.0,3.0,1.0,PS,2.0,10000.0,0.03136196739603184
4.0,3.1623330622689494,1.0,PS,2.0,10000.0,0.03259826701448412
4.0,3.33345013223977,1.0,PS,2.0,10000.0,0.03366227688886396
4.0,3.5138265215355418,1.0,PS,2.0,10000.0,0.03455260068597711
4.0,3.703963261376446,1.0,PS,2.0,10000.0,0.03527066232592809
4.0,3.9043884942934204,1.0,PS,2.0,10000.0,0.03582036629466978
4.0,4.1156589411488556,1.0,PS,2.0,10000.0,0.03620772932877049
4.0,4.338361447539279,1.0,PS,2.0,10000.0,0.036440146646163046
4.0,4.573114613875481,1.0,PS,2.0,10000.0,0.03652661889781256
4.0,4.820570513667911,1.0,PS,2.0,10000.0,0.03647652220690087
4.0,5.0814165047902815,1.0,PS,2.0,10000.0,0.03630038849718886
4.0,5.356377138752477,1.0,PS,2.0,10000.0,0.0360088862514614
4.0,5.389452332657201,1.0,PS,2.0,10000.0,0.03596783954848755
4.0,5.646216173286171,1.0,PS,2.0,10000.0,0.03561282409480219
4.0,5.9517386938335095,1.0,PS,2.0,10000.0,0.03512292696172613
4.0,6.273793349831704,1.0,PS,2.0,10000.0,0.03454973978489886
4.0,6.613274712005288,1.0,PS,2.0,10000.0,0.03390360133107485
4.0,6.971125757213828,1.0,PS,2.0,10000.0,0.0331942047648955
4.0,7.3483404877573175,1.0,PS,2.0,10000.0,0.03243106986232422
4.0,7.745966692414836,1.0,PS,2.0,10000.0,0.031622740815087244
4.0,8.165108856885828,1.0,PS,2.0,10000.0,0.03077749448971662
4.0,8.606931231718361,1.0,PS,2.0,10000.0,0.02990302787234954
4.0,9.072661066246061,1.0,PS,2.0,10000.0,0.029006267504142664
4.0,9.563592017516726,1.0,PS,2.0,10000.0,0.028093580458440428
4.0,10.081087743681516,1.0,PS,2.0,10000.0,0.027170869332411914
4.0,10.626585691826111,1.0,PS,2.0,10000.0,0.026243305161069277
4.0,11.20160109076529,1.0,PS,2.0,10000.0,0.02531551748734998
4.0,11.807731159891665,1.0,PS,2.0,10000.0,0.02439175520768395
4.0,12.446659545769569,1.0,PS,2.0,10000.0,0.02347562609493785
4.0,13.120160998797505,1.0,PS,2.0,10000.0,0.022570337952639897
4.0,13.830106302929654,1.0,PS,2.0,10000.0,0.021678701551210915
4.0,14.578467472149546,1.0,PS,2.0,10000.0,0.02080305463526872
4.0,15.367323228130308,1.0,PS,2.0,10000.0,0.019945423925063002
4.0,16.198864774296695,1.0,PS,2.0,10000.0,0.01910748320775177
4.0,17.07540188232742,1.0,PS,2.0,10000.0,0.018290628731221236
4.0,17.999369308004486,1.0,PS,2.0,10000.0,0.0174959296237261
4.0,18.973333554230518,1.0,PS,2.0,10000.0,0.01672425436972379
4.0,20.000000000000004,1.0,PS,2.0,10000.0,0.015976246321553998
4.0,3.0,1.0,PS,2.0,15000.0,0.027066513849620614
4.0,3.1623330622689494,1.0,PS,2.0,15000.0,0.028303955538768313
4.0,3.33345013223977,1.0,PS,2.0,15000.0,0.029390688748063686
4.0,3.5138265215355418,1.0,PS,2.0,15000.0,0.030322816243881424
4.0,3.703963261376446,1.0,PS,2.0,15000.0,0.031099275763343256
4.0,3.9043884942934204,1.0,PS,2.0,15000.0,0.031721611575010154
4.0,4.1156589411488556,1.0,PS,2.0,15000.0,0.032193585251186214
4.0,4.338361447539279,1.0,PS,2.0,15000.0,0.03252051879206688
4.0,4.573114613875481,1.0,PS,2.0,15000.0,0.03270949921905277
4.0,4.820570513667911,1.0,PS,2.0,15000.0,0.03276818622896024
4.0,5.0814165047902815,1.0,PS,2.0,15000.0,0.03270557884943659
4.0,5.356377138752477,1.0,PS,2.0,15000.0,0.032530955721717034
4.0,5.389452332657201,1.0,PS,2.0,15000.0,0.032503723918237054
4.0,5.646216173286171,1.0,PS,2.0,15000.0,0.0322539589561558
4.0,5.9517386938335095,1.0,PS,2.0,15000.0,0.03188424042997137
4.0,6.273793349831704,1.0,PS,2.0,15000.0,0.03143147676646203
4.0,6.613274712005288,1.0,PS,2.0,15000.0,0.030905221850473858
4.0,6.971125757213828,1.0,PS,2.0,15000.0,0.030314542738552275
4.0,7.3483404877573175,1.0,PS,2.0,15000.0,0.02966840940359625
4.0,7.745966692414836,1.0,PS,2.0,15000.0,0.028974927149380925
4.0,8.165108856885828,1.0,PS,2.0,15000.0,0.028242007314013353
4.0,8.606931231718361,1.0,PS,2.0,15000.0,0.027477073718657482
4.0,9.072661066246061,1.0,PS,2.0,15000.0,0.026686819267784205
4.0,9.563592017516726,1.0,PS,2.0,15000.0,0.025877446303370712
4.0,10.081087743681516,1.0,PS,2.0,15000.0,0.025054743012446732
4.0,10.626585691826111,1.0,PS,2.0,15000.0,0.024223796495344754
4.0,11.20160109076529,1.0,PS,2.0,15000.0,0.023389194077111614
4.0,11.807731159891665,1.0,PS,2.0,15000.0,0.022555169583902985
4.0,12.446659545769569,1.0,PS,2.0,15000.0,0.021725344617070343
4.0,13.120160998797505,1.0,PS,2.0,15000.0,0.020902949317098928
4.0,13.830106302929654,1.0,PS,2.0,15000.0,0.020090849071406375
4.0,14.578467472149546,1.0,PS,2.0,15000.0,0.019291437945170964
4.0,15.367323228130308,1.0,PS,2.0,15000.0,0.01850681450716503
4.0,16.198864774296695,1.0,PS,2.0,15000.0,0.017738733039795868
4.0,17.07540188232742,1.0,PS,2.0,15000.0,0.01698867880635376
4.0,17.999369308004486,1.0,PS,2.0,15000.0,0.016257810153467223
4.0,18.973333554230518,1.0,PS,2.0,15000.0,0.015547093467797708
4.0,20.000000000000004,1.0,PS,2.0,15000.0,0.014857267276076613
4.0,3.0,1.2,ST,0.5,8000.0,0.03500249356457382
4.0,3.1623330622689494,1.2,ST,0.5,8000.0,0.03537391617480896
4.0,3.33345013223977,1.2,ST,0.5,8000.0,0.035585192915769705
4.0,3.5138265215355418,1.2,ST,0.5,8000.0,0.03564527505637263
4.0,3.703963261376446,1.2,ST,0.5,8000.0,0.03556421793122817
4.0,3.9043884942934204,1.2,ST,0.5,8000.0,0.03535290218942088
4.0,4.1156589411488556,1.2,ST,0.5,8000.0,0.03502277802940974
4.0,4.338361447539279,1.2,ST,0.5,8000.0,0.03458535784885588
4.0,4.573114613875481,1.2,ST,0.5,8000.0,0.03405240074980698
4.0,4.820570513667911,1.2,ST,0.5,8000.0,0.033435119226192106
4.0,5.0814165047902815,1.2,ST,0.5,8000.0,0.03274473971575047
4.0,5.356377138752477,1.2,ST,0.5,8000.0,0.03199188363274828
4.0,5.389452332657201,1.2,ST,0.5,8000.0,0.03190035358985843
4.0,5.646216173286171,1.2,ST,0.5,8000.0,0.031186585780896062
4.0,5.9517386938335095,1.2,ST,0.5,8000.0,0.030338270839691463
4.0,6.273793349831704,1.2,ST,0.5,8000.0,0.02945567459813085
4.0,6.613274712005288,1.2,ST,0.5,8000.0,0.028546937924946506
4.0,6.971125757213828,1.2,ST,0.5,8000.0,0.0276193432763409
4.0,7.3483404877573175,1.2,ST,0.5,8000.0,0.026679682742248047
4.0,7.745966692414836,1.2,ST,0.5,8000.0,0.025733812178843036
4.0,8.165108856885828,1.2,ST,0.5,8000.0,0.024787126667150248
4.0,8.606931231718361,1.2,ST,0.5,8000.0,0.023844391738025068
4.0,9.072661066246061,1.2,ST,0.5,8000.0,0.022909705519240903
4.0,9.563592017516726,1.2,ST,0.5,8000.0,0.02198665220703371
4.0,10.081087743681516,1.2,ST,0.5,8000.0,0.021078360984613492
4.0,10.626585691826111,1.2,ST,0.5,8000.0,0.020187417949498843
4.0,11.20160109076529,1.2,ST,0.5,8000.0,0.01931598763366249
4.0,11.807731159891665,1.2,ST,0.5,8000.0,0.018465925857982825
4.0,12.446659545769569,1.2,ST,0.5,8000.0,0.01763864683678402
4.0,13.120160998797505,1.2,ST,0.5,8000.0,0.01683530239336008
4.0,13.830106302929654,1.2,ST,0.5,8000.0,0.01605676767855084
4.0,14.578467472149546,1.2,ST,0.5,8000.0,0.015303636786795558
4.0,15.367323228130308,1.2,ST,0.5,8000.0,0.014576309497030624
4.0,16.198864774296695,1.2,ST,0.5,8000.0,0.013874981395122896
4.0,17.07540188232742,1.2,ST,0.5,8000.0,0.013199698266687192
4.0,17.999369308004486,1.2,ST,0.5,8000.0,0.01255033464040544
4.0,18.973333554230518,1.2,ST,0.5,8000.0,0.011926659157997897
4.0,20.000000000000004,1.2,ST,0.5,8000.0,0.01132833908809374
4.0,3.0,1.2,ST,0.5,10000.0,0.033039767081302414
4.0,3.1623330622689494,1.2,ST,0.5,10000.0,0.033454277613170186
4.0,3.33345013223977,1.2,ST,0.5,10000.0,0.03371305995332356
4.0,3.5138265215355418,1.2,ST,0.5,10000.0,0.033824180941310865
4.0,3.703963261376446,1.2,ST,0.5,10000.0,0.033796899784065436
4.0,3.9043884942934204,1.2,ST,0.5,10000.0,0.03364139093477518
4.0,4.1156589411488556,1.2,ST,0.5,10000.0,0.03336847785472703
4.0,4.338361447539279,1.2,ST,0.5,10000.0,0.03298912925096214
4.0,4.573114613875481,1.2,ST,0.5,10000.0,0.03251463227495748
4.0,4.820570513667911,1.2,ST,0.5,10000.0,0.031955793602763904
4.0,5.0814165047902815,1.2,ST,0.5,10000.0,0.03132349884233209
4.0,5.356377138752477,1.2,ST,0.5,10000.0,0.03062807574911002
4.0,5.389452332657201,1.2,ST,0.5,10000.0,0.030543200941764524
4.0,5.646216173286171,1.2,ST,0.5,10000.0,0.02987932599968692
4.0,5.9517386938335095,1.2,ST,0.5,10000.0,0.029086463583614185
4.0,6.273793349831704,1.2,ST,0.5,10000.0,0.028258074985823854
4.0,6.613274712005288,1.2,ST,0.5,10000.0,0.027402167565541032
4.0,6.971125757213828,1.2,ST,0.5,10000.0,0.026525930585211476
4.0,7.3483404877573175,1.2,ST,0.5,10000.0,0.025636080309859435
4.0,7.745966692414836,1.2,ST,0.5,10000.0,0.024738419596356555
4.0,8.165108856885828,1.2,ST,0.5,10000.0,0.023838308488824445
4.0,8.606931231718361,1.2,ST,0.5,10000.0,0.022940499950675396
4.0,9.072661066246061,1.2,ST,0.5,10000.0,0.022049083823261584
4.0,9.563592017516726,1.2,ST,0.5,10000.0,0.021167648959468842
4.0,10.081087743681516,1.2,ST,0.5,10000.0,0.020299342362156643
4.0,10.626585691826111,1.2,ST,0.5,10000.0,0.0194467718244714
4.0,11.20160109076529,1.2,ST,0.5,10000.0,0.01861212983405776
4.0,11.807731159891665,1.2,ST,0.5,10000.0,0.017797307328243167
4.0,12.446659545769569,1.2,ST,0.5,10000.0,0.01700375778851904
4.0,13.120160998797505,1.2,ST,0.5,10000.0,0.016232669975417564
4.0,13.830106302929654,1.2,ST,0.5,10000.0,0.01548496528429015
4.0,14.578467472149546,1.2,ST,0.5,10000.0,0.01476128131547942
4.0,15.367323228130308,1.2,ST,0.5,10000.0,0.014062063540032808
4.0,16.198864774296695,1.2,ST,0.5,10000.0,0.0133875537305255
4.0,17.07540188232742,1.2,ST,0.5,10000.0,0.012737845023657421
4.0,17.999369308004486,1.2,ST,0.5,10000.0,0.012112857973439502
4.0,18.973333554230518,1.2,ST,0.5,10000.0,0.01151240772402744
4.0,20.000000000000004,1.2,ST,0.5,10000.0,0.010936206049431971
4.0,3.0,1.2,ST,0.5,15000.0,0.029716775565413737
4.0,3.1623330622689494,1.2,ST,0.5,15000.0,0.030194065399557816
4.0,3.33345013223977,1.2,ST,0.5,15000.0,0.030524169587685765
4.0,3.5138265215355418,1.2,ST,0.5,15000.0,0.030713612518103173
4.0,3.703963261376446,1.2,ST,0.5,15000.0,0.030770234358815193
4.0,3.9043884942934204,1.2,ST,0.5,15000.0,0.03070295753309161
4.0,4.1156589411488556,1.2,ST,0.5,15000.0,0.030521472433001216
4.0,4.338361447539279,1.2,ST,0.5,15000.0,0.030235759414748754
4.0,4.573114613875481,1.2,ST,0.5,15000.0,0.02985623607305108
4.0,4.820570513667911,1.2,ST,0.5,15000.0,0.029392958705445133
4.0,5.0814165047902815,1.2,ST,0.5,15000.0,0.028856176992848006
4.0,5.356377138752477,1.2,ST,0.5,15000.0,0.028255652691166425
4.0,5.389452332657201,1.2,ST,0.5,15000.0,0.028181801481344353
4.0,5.646216173286171,1.2,ST,0.5,15000.0,0.0276007464255384
4.0,5.9517386938335095,1.2,ST,0.5,15000.0,0.02690026427616943
4.0,6.273793349831704,1.2,ST,0.5,15000.0,0.026162494502987167
4.0,6.613274712005288,1.2,ST,0.5,15000.0,0.025395174254775547
4.0,6.971125757213828,1.2,ST,0.5,15000.0,0.0246053002705405
4.0,7.3483404877573175,1.2,ST,0.5,15000.0,0.023799423995817255
4.0,7.745966692414836,1.2,ST,0.5,15000.0,0.022983231083693136
4.0,8.165108856885828,1.2,ST,0.5,15000.0,0.022161993921862005
4.0,8.606931231718361,1.2,ST,0.5,15000.0,0.021340419785076177
4.0,9.072661066246061,1.2,ST,0.5,15000.0,0.02052256070167237
4.0,9.563592017516726,1.2,ST,0.5,15000.0,0.019711998182163844
4.0,10.081087743681516,1.2,ST,0.5,15000.0,0.018911892019817907
4.0,10.626585691826111,1.2,ST,0.5,15000.0,0.018124870122306763
4.0,11.20160109076529,1.2,ST,0.5,15000.0,0.017353162135209405
4.0,11.807731159891665,1.2,ST,0.5,15000.0,0.016598705284373162
4.0,12.446659545769569,1.2,ST,0.5,15000.0,0.015863009790084166
4.0,13.120160998797505,1.2,ST,0.5,15000.0,0.015147320011553849
4.0,13.830106302929654,1.2,ST,0.5,15000.0,0.014452628131969519
4.0,14.578467472149546,1.2,ST,0.5,15000.0,0.01377963829042657
4.0,15.367323228130308,1.2,ST,0.5,15000.0,0.013128868322615929
4.0,16.198864774296695,1.2,ST,0.5,15000.0,0.012500634135683707
4.0,17.07540188232742,1.2,ST,0.5,15000.0,0.011895105301388095
4.0,17.999369308004486,1.2,ST,0.5,15000.0,0.011312276061370922
4.0,18.973333554230518,1.2,ST,0.5,15000.0,0.010752038565943896
4.0,20.000000000000004,1.2,ST,0.5,15000.0,0.010214177768247878
4.0,3.0,1.2,ST,1.0,8000.0,0.035355266768792276
4.0,3.1623330622689494,1.2,ST,1.0,8000.0,0.03577083219341797
4.0,3.33345013223977,1.2,ST,1.0,8000.0,0.03602727999804322
4.0,3.5138265215355418,1.2,ST,1.0,8000.0,0.03613292448351679
4.0,3.703963261376446,1.2,ST,1.0,8000.0,0.036097181454658823
4.0,3.9043884942934204,1.2,ST,1.0,8000.0,0.03593031516354234
4.0,4.1156589411488556,1.2,ST,1.0,8000.0,0.03564319985802356
4.0,4.338361447539279,1.2,ST,1.0,8000.0,0.03524682504943094
4.0,4.573114613875481,1.2,ST,1.0,8000.0,0.034752496923607386
4.0,4.820570513667911,1.2,ST,1.0,8000.0,0.03417104043805446
4.0,5.0814165047902815,1.2,ST,1.0,8000.0,0.03351337807940078
4.0,5.356377138752477,1.2,ST,1.0,8000.0,0.03278989882822427
4.0,5.389452332657201,1.2,ST,1.0,8000.0,0.03270157466226458
4.0,5.646216173286171,1.2,ST,1.0,8000.0,0.032010483132048774
4.0,5.9517386938335095,1.2,ST,1.0,8000.0,0.031184465148915742
4.0,6.273793349831704,1.2,ST,1.0,8000.0,0.030320556577992847
4.0,6.613274712005288,1.2,ST,1.0,8000.0,0.029426928363453557
4.0,6.971125757213828,1.2,ST,1.0,8000.0,0.02851094053051651
4.0,7.3483404877573175,1.2,ST,1.0,8000.0,0.027579509201306626
4.0,7.745966692414836,1.2,ST,1.0,8000.0,0.026638637100111662
4.0,8.165108856885828,1.2,ST,1.0,8000.0,0.025693897306304087
4.0,8.606931231718361,1.2,ST,1.0,8000.0,0.024750257681062548
4.0,9.072661066246061,1.2,ST,1.0,8000.0,0.023812025063815728
4.0,9.563592017516726,1.2,ST,1.0,8000.0,0.02288299929812585
4.0,10.081087743681516,1.2,ST,1.0,8000.0,0.021966536341498193
4.0,10.626585691826111,1.2,ST,1.0,8000.0,0.021065440802301105
4.0,11.20160109076529,1.2,ST,1.0,8000.0,0.020182091343852623
4.0,11.807731159891665,1.2,ST,1.0,8000.0,0.019318555946991226
4.0,12.446659545769569,1.2,ST,1.0,8000.0,0.01847645002323283
4.0,13.120160998797505,1.2,ST,1.0,8000.0,0.017657115051855774
4.0,13.830106302929654,1.2,ST,1.0,8000.0,0.01686160798800433
4.0,14.578467472149546,1.2,ST,1.0,8000.0,0.016090687389805
4.0,15.367323228130308,1.2,ST,1.0,8000.0,0.015344909457996178
4.0,16.198864774296695,1.2,ST,1.0,8000.0,0.014624613622728972
4.0,17.07540188232742,1.2,ST,1.0,8000.0,0.01392997637883677
4.0,17.999369308004486,1.2,ST,1.0,8000.0,0.0132609878195406
4.0,18.973333554230518,1.2,ST,1.0,8000.0,0.012617525271743939
4.0,20.000000000000004,1.2,ST,1.0,8000.0,0.011999351558380545
4.0,3.0,1.2,ST,1.0,10000.0,0.03337517112949422
4.0,3.1623330622689494,1.2,ST,1.0,10000.0,0.03383352997372391
4.0,3.33345013223977,1.2,ST,1.0,10000.0,0.0341372263193919
4.0,3.5138265215355418,1.2,ST,1.0,10000.0,0.03429368706253124
4.0,3.703963261376446,1.2,ST,1.0,10000.0,0.03431152900373096
4.0,3.9043884942934204,1.2,ST,1.0,10000.0,0.03420030747166059
4.0,4.1156589411488556,1.2,ST,1.0,10000.0,0.03397026736801496
4.0,4.338361447539279,1.2,ST,1.0,10000.0,0.03363185211951906
4.0,4.573114613875481,1.2,ST,1.0,10000.0,0.033195893735246396
4.0,4.820570513667911,1.2,ST,1.0,10000.0,0.03267280929676397
4.0,5.0814165047902815,1.2,ST,1.0,10000.0,0.03207317863507745
4.0,5.356377138752477,1.2,ST,1.0,10000.0,0.03140709533532845
4.0,5.389452332657201,1.2,ST,1.0,10000.0,0.03132542305390753
4.0,5.646216173286171,1.2,ST,1.0,10000.0,0.03068420529536206
4.0,5.9517386938335095,1.2,ST,1.0,10000.0,0.029913630432917174
4.0,6.273793349831704,1.2,ST,1.0,10000.0,0.02910393207611632
4.0,6.613274712005288,1.2,ST,1.0,10000.0,0.028263146472806353
4.0,6.971125757213828,1.2,ST,1.0,10000.0,0.027398539571232085
4.0,7.3483404877573175,1.2,ST,1.0,10000.0,0.026516950782632956
4.0,7.745966692414836,1.2,ST,1.0,10000.0,0.025624329066205494
4.0,8.165108856885828,1.2,ST,1.0,10000.0,0.024726211788383537
4.0,8.606931231718361,1.2,ST,1.0,10000.0,0.023827553791051007
4.0,9.072661066246061,1.2,ST,1.0,10000.0,0.02293265308370909
4.0,9.563592017516726,1.2,ST,1.0,10000.0,0.022045313720011225
4.0,10.081087743681516,1.2,ST,1.0,10000.0,0.021168909188334178
4.0,10.626585691826111,1.2,ST,1.0,10000.0,0.02030626548139056
4.0,11.20160109076529,1.2,ST,1.0,10000.0,0.019459788951840494
4.0,11.807731159891665,1.2,ST,1.0,10000.0,0.018631582537160137
4.0,12.446659545769569,1.2,ST,1.0,10000.0,0.0178233008078471
4.0,13.120160998797505,1.2,ST,1.0,10000.0,0.017036321953279424
4.0,13.830106302929654,1.2,ST,1.0,10000.0,0.016271749182627374
4.0,14.578467472149546,1.2,ST,1.0,10000.0,0.015530384471320463
4.0,15.367323228130308,1.2,ST,1.0,10000.0,0.014812829679519553
4.0,16.198864774296695,1.2,ST,1.0,10000.0,0.014119470408435676
4.0,17.07540188232742,1.2,ST,1.0,10000.0,0.01345053054273086
4.0,17.999369308004486,1.2,ST,1.0,10000.0,0.012806046215164948
4.0,18.973333554230518,1.2,ST,1.0,10000.0,0.012185941312387058
4.0,20.000000000000004,1.2,ST,1.0,10000.0,0.011590023175289886
4.0,3.0,1.2,ST,1.0,15000.0,0.030044363378171655
4.0,3.1623330622689494,1.2,ST,1.0,15000.0,0.030565340881556633
4.0,3.33345013223977,1.2,ST,1.0,15000.0,0.030940215661727444
4.0,3.5138265215355418,1.2,ST,1.0,15000.0,0.031174870878637274
4.0,3.703963261376446,1.2,ST,1.0,15000.0,0.03127650298479963
4.0,3.9043884942934204,1.2,ST,1.0,15000.0,0.03125341407070072
4.0,4.1156589411488556,1.2,ST,1.0,15000.0,0.031114714763807293
4.0,4.338361447539279,1.2,ST,1.0,15000.0,0.03086985903096584
4.0,4.573114613875481,1.2,ST,1.0,15000.0,0.030528808269302644
4.0,4.820570513667911,1.2,ST,1.0,15000.0,0.030101228209266084
4.0,5.0814165047902815,1.2,ST,1.0,15000.0,0.029597061887314917
4.0,5.356377138752477,1.2,ST,1.0,15000.0,0.0290258360068441
4.0,5.389452332657201,1.2,ST,1.0,15000.0,0.028955182933523477
4.0,5.646216173286171,1.2,ST,1.0,15000.0,0.0283967547381415
4.0,5.9517386938335095,1.2,ST,1.0,15000.0,0.027718531318575754
4.0,6.273793349831704,1.2,ST,1.0,15000.0,0.026999428305622478
4.0,6.613274712005288,1.2,ST,1.0,15000.0,0.02624721112318132
4.0,6.971125757213828,1.2,ST,1.0,15000.0,0.025468952742720916
4.0,7.3483404877573175,1.2,ST,1.0,15000.0,0.024671327278243067
4.0,7.745966692414836,1.2,ST,1.0,15000.0,0.023860166087605137
4.0,8.165108856885828,1.2,ST,1.0,15000.0,0.023040918504757917
4.0,8.606931231718361,1.2,ST,1.0,15000.0,0.022218493414779876
4.0,9.072661066246061,1.2,ST,1.0,15000.0,0.021397150692456172
4.0,9.563592017516726,1.2,ST,1.0,15000.0,0.02058068680635524
4.0,10.081087743681516,1.2,ST,1.0,15000.0,0.019772487841812885
4.0,10.626585691826111,1.2,ST,1.0,15000.0,0.01897539969450933
4.0,11.20160109076529,1.2,ST,1.0,15000.0,0.018191865714419074
4.0,11.807731159891665,1.2,ST,1.0,15000.0,0.017424034987086827
4.0,12.446659545769569,1.2,ST,1.0,15000.0,0.016673618719027134
4.0,13.120160998797505,1.2,ST,1.0,15000.0,0.015942050553664554
4.0,13.830106302929654,1.2,ST,1.0,15000.0,0.015230504441288338
4.0,14.578467472149546,1.2,ST,1.0,15000.0,0.014539848800624854
4.0,15.367323228130308,1.2,ST,1.0,15000.0,0.013870757798139156
4.0,16.198864774296695,1.2,ST,1.0,15000.0,0.013223691123075063
4.0,17.07540188232742,1.2,ST,1.0,15000.0,0.012598949073394471
4.0,17.999369308004486,1.2,ST,1.0,15000.0,0.011996641426467855
4.0,18.973333554230518,1.2,ST,1.0,15000.0,0.011416769075594172
4.0,20.000000000000004,1.2,ST,1.0,15000.0,0.010859212513999099
4.0,3.0,1.2,ST,2.0,8000.0,0.03558606224175378
4.0,3.1623330622689494,1.2,ST,2.0,8000.0,0.03603527286672771
4.0,3.33345013223977,1.2,ST,2.0,8000.0,0.0363269939033369
4.0,3.5138265215355418,1.2,ST,2.0,8000.0,0.036469081465958786
4.0,3.703963261376446,1.2,ST,2.0,8000.0,0.03647046015757783
4.0,3.9043884942934204,1.2,ST,2.0,8000.0,0.036340890349880986
4.0,4.1156589411488556,1.2,ST,2.0,8000.0,0.036090746208511944
4.0,4.338361447539279,1.2,ST,2.0,8000.0,0.035730535486358204
4.0,4.573114613875481,1.2,ST,2.0,8000.0,0.035271118160891304
4.0,4.820570513667911,1.2,ST,2.0,8000.0,0.03472291186008308
4.0,5.0814165047902815,1.2,ST,2.0,8000.0,0.0340964871237456
4.0,5.356377138752477,1.2,ST,2.0,8000.0,0.03340193411348886
4.0,5.389452332657201,1.2,ST,2.0,8000.0,0.03331682680207567
4.0,5.646216173286171,1.2,ST,2.0,8000.0,0.03264889737282993
4.0,5.9517386938335095,1.2,ST,2.0,8000.0,0.0318465286422481
4.0,6.273793349831704,1.2,ST,2.0,8000.0,0.03100341686424531
4.0,6.613274712005288,1.2,ST,2.0,8000.0,0.03012766274375334
4.0,6.971125757213828,1.2,ST,2.0,8000.0,0.029226604049362843
4.0,7.3483404877573175,1.2,ST,2.0,8000.0,0.028307183600276117
4.0,7.745966692414836,1.2,ST,2.0,8000.0,0.027375460759811863
4.0,8.165108856885828,1.2,ST,2.0,8000.0,0.026437102188913292
4.0,8.606931231718361,1.2,ST,2.0,8000.0,0.025497200313841433
4.0,9.072661066246061,1.2,ST,2.0,8000.0,0.024560202825774795
4.0,9.563592017516726,1.2,ST,2.0,8000.0,0.023630064764243564
4.0,10.081087743681516,1.2,ST,2.0,8000.0,0.02271031633067585
4.0,10.626585691826111,1.2,ST,2.0,8000.0,0.02180393667457881
4.0,11.20160109076529,1.2,ST,2.0,8000.0,0.0209134823141144
4.0,11.807731159891665,1.2,ST,2.0,8000.0,0.020041203016805856
4.0,12.446659545769569,1.2,ST,2.0,8000.0,0.019188891639728922
4.0,13.120160998797505,1.2,ST,2.0,8000.0,0.018358061091009705
4.0,13.830106302929654,1.2,ST,2.0,8000.0,0.017549936217088138
4.0,14.578467472149546,1.2,ST,2.0,8000.0,0.01676543136910544
4.0,15.367323228130308,1.2,ST,2.0,8000.0,0.016005253163546514
4.0,16.198864774296695,1.2,ST,2.0,8000.0,0.015269881773707498
4.0,17.07540188232742,1.2,ST,2.0,8000.0,0.014559623802812255
4.0,17.999369308004486,1.2,ST,2.0,8000.0,0.013874587274020297
4.0,18.973333554230518,1.2,ST,2.0,8000.0,0.013214760946418937
4.0,20.000000000000004,1.2,ST,2.0,8000.0,0.012580007522520836
4.0,3.0,1.2,ST,2.0,10000.0,0.03359714493781963
4.0,3.1623330622689494,1.2,ST,2.0,10000.0,0.03408899383603019
4.0,3.33345013223977,1.2,ST,2.0,10000.0,0.03442782682034174
4.0,3.5138265215355418,1.2,ST,2.0,10000.0,0.03462061109455751
4.0,3.703963261376446,1.2,ST,2.0,10000.0,0.03467547080004609
4.0,3.9043884942934204,1.2,ST,2.0,10000.0,0.03460145600136325
4.0,4.1156589411488556,1.2,ST,2.0,10000.0,0.034408310192435634
4.0,4.338361447539279,1.2,ST,2.0,10000.0,0.03410599382326299
4.0,4.573114613875481,1.2,ST,2.0,10000.0,0.03370489155956382
4.0,4.820570513667911,1.2,ST,2.0,10000.0,0.03321501210188113
4.0,5.0814165047902815,1.2,ST,2.0,10000.0,0.03264658239927765
4.0,5.356377138752477,1.2,ST,2.0,10000.0,0.03200939632628318
4.0,5.389452332657201,1.2,ST,2.0,10000.0,0.03193093797352734
4.0,5.646216173286171,1.2,ST,2.0,10000.0,0.03131286314359103
4.0,5.9517386938335095,1.2,ST,2.0,10000.0,0.030565921550629073
4.0,6.273793349831704,1.2,ST,2.0,10000.0,0.029777009563989033
4.0,6.613274712005288,1.2,ST,2.0,10000.0,0.028954092574010635
4.0,6.971125757213828,1.2,ST,2.0,10000.0,0.02810441380826354
4.0,7.3483404877573175,1.2,ST,2.0,10000.0,0.02723483890796538
4.0,7.745966692414836,1.2,ST,2.0,10000.0,0.026351373064456254
4.0,8.165108856885828,1.2,ST,2.0,10000.0,0.02545964686368624
4.0,8.606931231718361,1.2,ST,2.0,10000.0,0.024564739465237493
4.0,9.072661066246061,1.2,ST,2.0,10000.0,0.023671089434423965
4.0,9.563592017516726,1.2,ST,2.0,10000.0,0.02278265577391695
4.0,10.081087743681516,1.2,ST,2.0,10000.0,0.021902986050263803
4.0,10.626585691826111,1.2,ST,2.0,10000.0,0.02103508061922754
4.0,11.20160109076529,1.2,ST,2.0,10000.0,0.02018152353295772
4.0,11.807731159891665,1.2,ST,2.0,10000.0,0.01934459941567599
4.0,12.446659545769569,1.2,ST,2.0,10000.0,0.018526140210530423
4.0,13.120160998797505,1.2,ST,2.0,10000.0,0.01772769540030661
4.0,13.830106302929654,1.2,ST,2.0,10000.0,0.016950536074830998
4.0,14.578467472149546,1.2,ST,2.0,10000.0,0.016195619940888147
4.0,15.367323228130308,1.2,ST,2.0,10000.0,0.0154636992429828
4.0,16.198864774296695,1.2,ST,2.0,10000.0,0.014755300304153972
4.0,17.07540188232742,1.2,ST,2.0,10000.0,0.014070777126498851
4.0,17.999369308004486,1.2,ST,2.0,10000.0,0.013410283770507047
4.0,18.973333554230518,1.2,ST,2.0,10000.0,0.012773855577780512
4.0,20.000000000000004,1.2,ST,2.0,10000.0,0.012161399769917567
4.0,3.0,1.2,ST,2.0,15000.0,0.0302624142660419
4.0,3.1623330622689494,1.2,ST,2.0,15000.0,0.03081680058969518
4.0,3.33345013223977,1.2,ST,2.0,15000.0,0.031226739366780845
4.0,3.5138265215355418,1.2,ST,2.0,15000.0,0.03149765342041298
4.0,3.703963261376446,1.2,ST,2.0,15000.0,0.031636245886846916
4.0,3.9043884942934204,1.2,ST,2.0,15000.0,0.031650312985811196
4.0,4.1156589411488556,1.2,ST,2.0,15000.0,0.03154846333173171
4.0,4.338361447539279,1.2,ST,2.0,15000.0,0.03133966735737047
4.0,4.573114613875481,1.2,ST,2.0,15000.0,0.03103343858590127
4.0,4.820570513667911,1.2,ST,2.0,15000.0,0.030639033877336824
4.0,5.0814165047902815,1.2,ST,2.0,15000.0,0.030166042949295504
4.0,5.356377138752477,1.2,ST,2.0,15000.0,0.02962369234996046
4.0,5.389452332657201,1.2,ST,2.0,15000.0,0.029556250860153666
4.0,5.646216173286171,1.2,ST,2.0,15000.0,0.029020949271179076
4.0,5.9517386938335095,1.2,ST,2.0,15000.0,0.028366343342650892
4.0,6.273793349831704,1.2,ST,2.0,15000.0,0.027668013534033496
4.0,6.613274712005288,1.2,ST,2.0,15000.0,0.026933654100958514
4.0,6.971125757213828,1.2,ST,2.0,15000.0,0.026170315063757114
4.0,7.3483404877573175,1.2,ST,2.0,15000.0,0.02538469652334183
4.0,7.745966692414836,1.2,ST,2.0,15000.0,0.024582685866700794
4.0,8.165108856885828,1.2,ST,2.0,15000.0,0.02376982545479641
4.0,8.606931231718361,1.2,ST,2.0,15000.0,0.022951148351987784
4.0,9.072661066246061,1.2,ST,2.0,15000.0,0.022131054823128653
4.0,9.563592017516726,1.2,ST,2.0,15000.0,0.021313496159556564
4.0,10.081087743681516,1.2,ST,2.0,15000.0,0.020502032423093015
4.0,10.626585691826111,1.2,ST,2.0,15000.0,0.019699683761319794
4.0,11.20160109076529,1.2,ST,2.0,15000.0,0.01890907113793639
4.0,11.807731159891665,1.2,ST,2.0,15000.0,0.018132525249358853
4.0,12.446659545769569,1.2,ST,2.0,15000.0,0.017371934617612574
4.0,13.120160998797505,1.2,ST,2.0,15000.0,0.01662890410086186
4.0,13.830106302929654,1.2,ST,2.0,15000.0,0.015904775500645608
4.0,14.578467472149546,1.2,ST,2.0,15000.0,0.015200572912636646
4.0,15.367323228130308,1.2,ST,2.0,15000.0,0.014517120851706712
4.0,16.198864774296695,1.2,ST,2.0,15000.0,0.013855019698652982
4.0,17.07540188232742,1.2,ST,2.0,15000.0,0.013214699850871597
4.0,17.999369308004486,1.2,ST,2.0,15000.0,0.012596388984345775
4.0,18.973333554230518,1.2,ST,2.0,15000.0,0.012000199440008208
4.0,20.000000000000004,1.2,ST,2.0,15000.0,0.011426111570274181
4.0,3.0,1.2,PS,0.5,8000.0,0.042894059407679104
4.0,3.1623330622689494,1.2,PS,0.5,8000.0,0.04390838028660464
4.0,3.33345013223977,1.2,PS,0.5,8000.0,0.04469548767554217
4.0,3.5138265215355418,1.2,PS,0.5,8000.0,0.04526190651111172
4.0,3.703963261376446,1.2,PS,0.5,8000.0,0.045616738957341994
4.0,3.9043884942934204,1.2,PS,0.5,8000.0,0.04577121566527886
4.0,4.1156589411488556,1.2,PS,0.5,8000.0,0.04573826169199483
4.0,4.338361447539279,1.2,PS,0.5,8000.0,0.04553167571322636
4.0,4.573114613875481,1.2,PS,0.5,8000.0,0.04516634997468535
4.0,4.820570513667911,1.2,PS,0.5,8000.0,0.04465699270710306
4.0,5.0814165047902815,1.2,PS,0.5,8000.0,0.04401891591774792
4.0,5.356377138752477,1.2,PS,0.5,8000.0,0.04326702153708924
4.0,5.389452332657201,1.2,PS,0.5,8000.0,0.043172469903930075
4.0,5.646216173286171,1.2,PS,0.5,8000.0,0.042415776974426334
4.0,5.9517386938335095,1.2,PS,0.5,8000.0,0.04147908779260694
4.0,6.273793349831704,1.2,PS,0.5,8000.0,0.04047013846401088
4.0,6.613274712005288,1.2,PS,0.5,8000.0,0.039401471482964
4.0,6.971125757213828,1.2,PS,0.5,8000.0,0.03828453531241284
4.0,7.3483404877573175,1.2,PS,0.5,8000.0,0.03713020891947605
4.0,7.745966692414836,1.2,PS,0.5,8000.0,0.03594806282739832
4.0,8.165108856885828,1.2,PS,0.5,8000.0,0.034747069610857335
4.0,8.606931231718361,1.2,PS,0.5,8000.0,0.03353531588247707
4.0,9.072661066246061,1.2,PS,0.5,8000.0,0.032319906586872574
4.0,9.563592017516726,1.2,PS,0.5,8000.0,0.031107181295842737
4.0,10.081087743681516,1.2,PS,0.5,8000.0,0.029902804066665668
4.0,10.626585691826111,1.2,PS,0.5,8000.0,0.028711592821442943
4.0,11.20160109076529,1.2,PS,0.5,8000.0,0.027537705428079037
4.0,11.807731159891665,1.2,PS,0.5,8000.0,0.026384805659883184
4.0,12.446659545769569,1.2,PS,0.5,8000.0,0.02525585169329829
4.0,13.120160998797505,1.2,PS,0.5,8000.0,0.024153361609562354
4.0,13.830106302929654,1.2,PS,0.5,8000.0,0.02307939646948573
4.0,14.578467472149546,1.2,PS,0.5,8000.0,0.02203554545357752
4.0,15.367323228130308,1.2,PS,0.5,8000.0,0.021023062235568855
4.0,16.198864774296695,1.2,PS,0.5,8000.0,0.02004284844081525
4.0,17.07540188232742,1.2,PS,0.5,8000.0,0.019095536274880382
4.0,17.999369308004486,1.2,PS,0.5,8000.0,0.01818145764126795
4.0,18.973333554230518,1.2,PS,0.5,8000.0,0.01730074778852149
4.0,20.000000000000004,1.2,PS,0.5,8000.0,0.01645335016135329
4.0,3.0,1.2,PS,0.5,10000.0,0.0400307105005558
4.0,3.1623330622689494,1.2,PS,0.5,10000.0,0.041088714581377785
4.0,3.33345013223977,1.2,PS,0.5,10000.0,0.0419295877720903
4.0,3.5138265215355418,1.2,PS,0.5,10000.0,0.04255817620937985
4.0,3.703963261376446,1.2,PS,0.5,10000.0,0.04298203106592041
4.0,3.9043884942934204,1.2,PS,0.5,10000.0,0.04321097514121053
4.0,4.1156589411488556,1.2,PS,0.5,10000.0,0.043256662433623694
4.0,4.338361447539279,1.2,PS,0.5,10000.0,0.04313176991224094
4.0,4.573114613875481,1.2,PS,0.5,10000.0,0.042850201978192726
4.0,4.820570513667911,1.2,PS,0.5,10000.0,0.042425808404835175
4.0,5.0814165047902815,1.2,PS,0.5,10000.0,0.04187316783517301
4.0,5.356377138752477,1.2,PS,0.5,10000.0,0.04120654800494682
4.0,5.389452332657201,1.2,PS,0.5,10000.0,0.041121922259396475
4.0,5.646216173286171,1.2,PS,0.5,10000.0,0.04043989928753466
4.0,5.9517386938335095,1.2,PS,0.5,10000.0,0.03958666783544076
4.0,6.273793349831704,1.2,PS,0.5,10000.0,0.03865969295983754
4.0,6.613274712005288,1.2,PS,0.5,10000.0,0.0376712151481741
4.0,6.971125757213828,1.2,PS,0.5,10000.0,0.03663245874339369
4.0,7.3483404877573175,1.2,PS,0.5,10000.0,0.035554119908626176
4.0,7.745966692414836,1.2,PS,0.5,10000.0,0.034445633384770365
4.0,8.165108856885828,1.2,PS,0.5,10000.0,0.03331587440958361
4.0,8.606931231718361,1.2,PS,0.5,10000.0,0.03217287570536353
4.0,9.072661066246061,1.2,PS,0.5,10000.0,0.031023702517896493
4.0,9.563592017516726,1.2,PS,0.5,10000.0,0.029874680941816473
4.0,10.081087743681516,1.2,PS,0.5,10000.0,0.028731487217139896
4.0,10.626585691826111,1.2,PS,0.5,10000.0,0.02759896151721712
4.0,11.20160109076529,1.2,PS,0.5,10000.0,0.026481297086218374
4.0,11.807731159891665,1.2,PS,0.5,10000.0,0.02538220719287719
4.0,12.446659545769569,1.2,PS,0.5,10000.0,0.024304707752454323
4.0,13.120160998797505,1.2,PS,0.5,10000.0,0.023251373117685353
4.0,13.830106302929654,1.2,PS,0.5,10000.0,0.022224336106344215
4.0,14.578467472149546,1.2,PS,0.5,10000.0,0.021225254395866696
4.0,15.367323228130308,1.2,PS,0.5,10000.0,0.020255454372580473
4.0,16.198864774296695,1.2,PS,0.5,10000.0,0.019315911587141847
4.0,17.07540188232742,1.2,PS,0.5,10000.0,0.018407334318012294
4.0,17.999369308004486,1.2,PS,0.5,10000.0,0.017530128550044148
4.0,18.973333554230518,1.2,PS,0.5,10000.0,0.016684504541398974
4.0,20.000000000000004,1.2,PS,0.5,10000.0,0.01587047769754699
4.0,3.0,1.2,PS,0.5,15000.0,0.03523564302434541
4.0,3.1623330622689494,1.2,PS,0.5,15000.0,0.036346408831647976
4.0,3.33345013223977,1.2,PS,0.5,15000.0,0.03725890737278214
4.0,3.5138265215355418,1.2,PS,0.5,15000.0,0.03797516389406989
4.0,3.703963261376446,1.2,PS,0.5,15000.0,0.038500057771147865
4.0,3.9043884942934204,1.2,PS,0.5,15000.0,0.038840979977937666
4.0,4.1156589411488556,1.2,PS,0.5,15000.0,0.039007342637784916
4.0,4.338361447539279,1.2,PS,0.5,15000.0,0.03900982565335454
4.0,4.573114613875481,1.2,PS,0.5,15000.0,0.038860547582530144
4.0,4.820570513667911,1.2,PS,0.5,15000.0,0.038571795370055215
4.0,5.0814165047902815,1.2,PS,0.5,15000.0,0.03815679689476455
4.0,5.356377138752477,1.2,PS,0.5,15000.0,0.03762861917732614
4.0,5.389452332657201,1.2,PS,0.5,15000.0,0.037560170074928026
4.0,5.646216173286171,1.2,PS,0.5,15000.0,0.037000241931302566
4.0,5.9517386938335095,1.2,PS,0.5,15000.0,0.03628423041320123
4.0,6.273793349831704,1.2,PS,0.5,15000.0,0.03549274500343497
4.0,6.613274712005288,1.2,PS,0.5,15000.0,0.03463742287967408
4.0,6.971125757213828,1.2,PS,0.5,15000.0,0.033729032575336854
4.0,7.3483404877573175,1.2,PS,0.5,15000.0,0.03277788282105119
4.0,7.745966692414836,1.2,PS,0.5,15000.0,0.031793116185297184
4.0,8.165108856885828,1.2,PS,0.5,15000.0,0.030783380756805732
4.0,8.606931231718361,1.2,PS,0.5,15000.0,0.029756563300619873
4.0,9.072661066246061,1.2,PS,0.5,15000.0,0.028719609837872095
4.0,9.563592017516726,1.2,PS,0.5,15000.0,0.027678786082537852
4.0,10.081087743681516,1.2,PS,0.5,15000.0,0.026639749475149622
4.0,10.626585691826111,1.2,PS,0.5,15000.0,0.025607341102083146
4.0,11.20160109076529,1.2,PS,0.5,15000.0,0.024585788331950388
4.0,11.807731159891665,1.2,PS,0.5,15000.0,0.023578859032135524
4.0,12.446659545769569,1.2,PS,0.5,15000.0,0.022589644050056767
4.0,13.120160998797505,1.2,PS,0.5,15000.0,0.02162079524312674
4.0,13.830106302929654,1.2,PS,0.5,15000.0,0.020674549269947422
4.0,14.578467472149546,1.2,PS,0.5,15000.0,0.0197526634873967
4.0,15.367323228130308,1.2,PS,0.5,15000.0,0.01885657498269633
4.0,16.198864774296695,1.2,PS,0.5,15000.0,0.01798737410411517
4.0,17.07540188232742,1.2,PS,0.5,15000.0,0.01714588862725712
4.0,17.999369308004486,1.2,PS,0.5,15000.0,0.016332640412762157
4.0,18.973333554230518,1.2,PS,0.5,15000.0,0.01554796136629316
4.0,20.000000000000004,1.2,PS,0.5,15000.0,0.014791983071979698
4.0,3.0,1.2,PS,1.0,8000.0,0.043144802658997436
4.0,3.1623330622689494,1.2,PS,1.0,8000.0,0.04419682820288213
4.0,3.33345013223977,1.2,PS,1.0,8000.0,0.045024453672805165
4.0,3.5138265215355418,1.2,PS,1.0,8000.0,0.04563379833745066
4.0,3.703963261376446,1.2,PS,1.0,8000.0,0.04603347532710964
4.0,3.9043884942934204,1.2,PS,1.0,8000.0,0.04623416642811857
4.0,4.1156589411488556,1.2,PS,1.0,8000.0,0.0462482090234295
4.0,4.338361447539279,1.2,PS,1.0,8000.0,0.046088795125324176
4.0,4.573114613875481,1.2,PS,1.0,8000.0,0.045770219093213785
4.0,4.820570513667911,1.2,PS,1.0,8000.0,0.045306606605897026
4.0,5.0814165047902815,1.2,PS,1.0,8000.0,0.044712734732184775
4.0,5.356377138752477,1.2,PS,1.0,8000.0,0.04400301771043023
4.0,5.389452332657201,1.2,PS,1.0,8000.0,0.04391324062807732
4.0,5.646216173286171,1.2,PS,1.0,8000.0,0.043191501293843616
4.0,5.9517386938335095,1.2,PS,1.0,8000.0,0.0422917310981661
4.0,6.273793349831704,1.2,PS,1.0,8000.0,0.0413166050480761
4.0,6.613274712005288,1.2,PS,1.0,8000.0,0.04027844731601863
4.0,6.971125757213828,1.2,PS,1.0,8000.0,0.03918855413855449
4.0,7.3483404877573175,1.2,PS,1.0,8000.0,0.038057723001348145
4.0,7.745966692414836,1.2,PS,1.0,8000.0,0.03689548829328138
4.0,8.165108856885828,1.2,PS,1.0,8000.0,0.035710845234539955
4.0,8.606931231718361,1.2,PS,1.0,8000.0,0.034511954879566736
4.0,9.072661066246061,1.2,PS,1.0,8000.0,0.033306026272953815
4.0,9.563592017516726,1.2,PS,1.0,8000.0,0.032099533643817166
4.0,10.081087743681516,1.2,PS,1.0,8000.0,0.030898311494583566
4.0,10.626585691826111,1.2,PS,1.0,8000.0,0.029707357216284508
4.0,11.20160109076529,1.2,PS,1.0,8000.0,0.0285310213021987
4.0,11.807731159891665,1.2,PS,1.0,8000.0,0.027373175104466234
4.0,12.446659545769569,1.2,PS,1.0,8000.0,0.026236985660630995
4.0,13.120160998797505,1.2,PS,1.0,8000.0,0.025125178688820395
4.0,13.830106302929654,1.2,PS,1.0,8000.0,0.024040025346283907
4.0,14.578467472149546,1.2,PS,1.0,8000.0,0.022983312701954663
4.0,15.367323228130308,1.2,PS,1.0,8000.0,0.021956491129195958
4.0,16.198864774296695,1.2,PS,1.0,8000.0,0.020960650347884833
4.0,17.07540188232742,1.2,PS,1.0,8000.0,0.019996600066721174
4.0,17.999369308004486,1.2,PS,1.0,8000.0,0.019064834823501704
4.0,18.973333554230518,1.2,PS,1.0,8000.0,0.018165648302582535
4.0,20.000000000000004,1.2,PS,1.0,8000.0,0.017299128329364092
4.0,3.0,1.2,PS,1.0,10000.0,0.040256092370241865
4.0,3.1623330622689494,1.2,PS,1.0,10000.0,0.04135119710815403
4.0,3.33345013223977,1.2,PS,1.0,10000.0,0.04223205956676909
4.0,3.5138265215355418,1.2,PS,1.0,10000.0,0.04290311511325926
4.0,3.703963261376446,1.2,PS,1.0,10000.0,0.04337142065884639
4.0,3.9043884942934204,1.2,PS,1.0,10000.0,0.0436462449435986
4.0,4.1156589411488556,1.2,PS,1.0,10000.0,0.04373864915597402
4.0,4.338361447539279,1.2,PS,1.0,10000.0,0.04366069873972981
4.0,4.573114613875481,1.2,PS,1.0,10000.0,0.043425695573991466
4.0,4.820570513667911,1.2,PS,1.0,10000.0,0.04304690253247097
4.0,5.0814165047902815,1.2,PS,1.0,10000.0,0.04253835935031522
4.0,5.356377138752477,1.2,PS,1.0,10000.0,0.04191384230296216
4.0,5.389452332657201,1.2,PS,1.0,10000.0,0.04183398439126421
4.0,5.646216173286171,1.2,PS,1.0,10000.0,0.04118687688446749
4.0,5.9517386938335095,1.2,PS,1.0,10000.0,0.04037054596064053
4.0,6.273793349831704,1.2,PS,1.0,10000.0,0.03947739976501676
4.0,6.613274712005288,1.2,PS,1.0,10000.0,0.03851945783255301
4.0,6.971125757213828,1.2,PS,1.0,10000.0,0.03750779018489824
4.0,7.3483404877573175,1.2,PS,1.0,10000.0,0.03645300948325525
4.0,7.745966692414836,1.2,PS,1.0,10000.0,0.03536451255947181
4.0,8.165108856885828,1.2,PS,1.0,10000.0,0.03425119572856638
4.0,8.606931231718361,1.2,PS,1.0,10000.0,0.033121164988434856
4.0,9.072661066246061,1.2,PS,1.0,10000.0,0.03198158843225077
4.0,9.563592017516726,1.2,PS,1.0,10000.0,0.030838925757634892
4.0,10.081087743681516,1.2,PS,1.0,10000.0,0.029699022886661167
4.0,10.626585691826111,1.2,PS,1.0,10000.0,0.028566898699586406
4.0,11.20160109076529,1.2,PS,1.0,10000.0,0.027446938408924305
4.0,11.807731159891665,1.2,PS,1.0,10000.0,0.026343062408838144
4.0,12.446659545769569,1.2,PS,1.0,10000.0,0.025258495120518663
4.0,13.120160998797505,1.2,PS,1.0,10000.0,0.024196018031465403
4.0,13.830106302929654,1.2,PS,1.0,10000.0,0.023157973935665384
4.0,14.578467472149546,1.2,PS,1.0,10000.0,0.0221462181461748
4.0,15.367323228130308,1.2,PS,1.0,10000.0,0.02116227360385153
4.0,16.198864774296695,1.2,PS,1.0,10000.0,0.0202073038490481
4.0,17.07540188232742,1.2,PS,1.0,10000.0,0.01928219465721943
4.0,17.999369308004486,1.2,PS,1.0,10000.0,0.018387514610615423
4.0,18.973333554230518,1.2,PS,1.0,10000.0,0.01752363244816706
4.0,20.000000000000004,1.2,PS,1.0,10000.0,0.016690707943811712
4.0,3.0,1.2,PS,1.0,15000.0,0.035449733960049114
4.0,3.1623330622689494,1.2,PS,1.0,15000.0,0.036597277020002095
4.0,3.33345013223977,1.2,PS,1.0,15000.0,0.03754947538824966
4.0,3.5138265215355418,1.2,PS,1.0,15000.0,0.03830794154741908
4.0,3.703963261376446,1.2,PS,1.0,15000.0,0.03887705842035235
4.0,3.9043884942934204,1.2,PS,1.0,15000.0,0.03926366075828956
4.0,4.1156589411488556,1.2,PS,1.0,15000.0,0.039476565632711035
4.0,4.338361447539279,1.2,PS,1.0,15000.0,0.0395258392750515
4.0,4.573114613875481,1.2,PS,1.0,15000.0,0.03942299562002329
4.0,4.820570513667911,1.2,PS,1.0,15000.0,0.0391797327355985
4.0,5.0814165047902815,1.2,PS,1.0,15000.0,0.03880873776797184
4.0,5.356377138752477,1.2,PS,1.0,15000.0,0.038322584449771484
4.0,5.389452332657201,1.2,PS,1.0,15000.0,0.03825889496029022
4.0,5.646216173286171,1.2,PS,1.0,15000.0,0.037733826119590516
4.0,5.9517386938335095,1.2,PS,1.0,15000.0,0.037054663135894304
4.0,6.273793349831704,1.2,PS,1.0,15000.0,0.03629696555948953
4.0,6.613274712005288,1.2,PS,1.0,15000.0,0.035472148302339114
4.0,6.971125757213828,1.2,PS,1.0,15000.0,0.034590824537850985
4.0,7.3483404877573175,1.2,PS,1.0,15000.0,0.033663218450382025
4.0,7.745966692414836,1.2,PS,1.0,15000.0,0.032698433805995825
4.0,8.165108856885828,1.2,PS,1.0,15000.0,0.031705138938960827
4.0,8.606931231718361,1.2,PS,1.0,15000.0,0.030691293249539054
4.0,9.072661066246061,1.2,PS,1.0,15000.0,0.02966394490905337
4.0,9.563592017516726,1.2,PS,1.0,15000.0,0.028629492680002356
4.0,10.081087743681516,1.2,PS,1.0,15000.0,0.027593763228774548
4.0,10.626585691826111,1.2,PS,1.0,15000.0,0.02656177588227159
4.0,11.20160109076529,1.2,PS,1.0,15000.0,0.025537949605328274
4.0,11.807731159891665,1.2,PS,1.0,15000.0,0.024526259068709498
4.0,12.446659545769569,1.2,PS,1.0,15000.0,0.023530003371460915
4.0,13.120160998797505,1.2,PS,1.0,15000.0,0.022552041202752914
4.0,13.830106302929654,1.2,PS,1.0,15000.0,0.02159481905498572
4.0,14.578467472149546,1.2,PS,1.0,15000.0,0.020660291712324568
4.0,15.367323228130308,1.2,PS,1.0,15000.0,0.01975009267533992
4.0,16.198864774296695,1.2,PS,1.0,15000.0,0.018865500165971067
4.0,17.07540188232742,1.2,PS,1.0,15000.0,0.018007519386491547
4.0,17.999369308004486,1.2,PS,1.0,15000.0,0.01717683469608202
4.0,18.973333554230518,1.2,PS,1.0,15000.0,0.016373936455950228
4.0,20.000000000000004,1.2,PS,1.0,15000.0,0.015599100557242666
4.0,3.0,1.2,PS,2.0,8000.0,0.04329101268735459
4.0,3.1623330622689494,1.2,PS,2.0,8000.0,0.04436810699729686
4.0,3.33345013223977,1.2,PS,2.0,8000.0,0.04522333258847697
4.0,3.5138265215355418,1.2,PS,2.0,8000.0,0.04586262450681763
4.0,3.703963261376446,1.2,PS,2.0,8000.0,0.046294333807437395
4.0,3.9043884942934204,1.2,PS,2.0,8000.0,0.04652881384383013
4.0,4.1156589411488556,1.2,PS,2.0,8000.0,0.046578019245928894
4.0,4.338361447539279,1.2,PS,2.0,8000.0,0.04645471835076723
4.0,4.573114613875481,1.2,PS,2.0,8000.0,0.046172760571665264
4.0,4.820570513667911,1.2,PS,2.0,8000.0,0.045745813473550785
4.0,5.0814165047902815,1.2,PS,2.0,8000.0,0.04518820670055511
4.0,5.356377138752477,1.2,PS,2.0,8000.0,0.04451392320849169
4.0,5.389452332657201,1.2,PS,2.0,8000.0,0.04442821246076017
4.0,5.646216173286171,1.2,PS,2.0,8000.0,0.043736611870545596
4.0,5.9517386938335095,1.2,PS,2.0,8000.0,0.04286945542540253
4.0,6.273793349831704,1.2,PS,2.0,8000.0,0.04192503681272573
4.0,6.613274712005288,1.2,PS,2.0,8000.0,0.04091541347537185
4.0,6.971125757213828,1.2,PS,2.0,8000.0,0.03985166455661514
4.0,7.3483404877573175,1.2,PS,2.0,8000.0,0.038744427276950724
4.0,7.745966692414836,1.2,PS,2.0,8000.0,0.03760311558116912
4.0,8.165108856885828,1.2,PS,2.0,8000.0,0.03643665629394287
4.0,8.606931231718361,1.2,PS,2.0,8000.0,0.03525319028974053
4.0,9.072661066246061,1.2,PS,2.0,8000.0,0.03405993917338454
4.0,9.563592017516726,1.2,PS,2.0,8000.0,0.03286342190741692
4.0,10.081087743681516,1.2,PS,2.0,8000.0,0.03166955642382896
4.0,10.626585691826111,1.2,PS,2.0,8000.0,0.030483439494404803
4.0,11.20160109076529,1.2,PS,2.0,8000.0,0.02930954052356038
4.0,11.807731159891665,1.2,PS,2.0,8000.0,0.028151869841551935
4.0,12.446659545769569,1.2,PS,2.0,8000.0,0.027013742292288385
4.0,13.120160998797505,1.2,PS,2.0,8000.0,0.025898037087071203
4.0,13.830106302929654,1.2,PS,2.0,8000.0,0.02480718703817036
4.0,14.578467472149546,1.2,PS,2.0,8000.0,0.02374313665227351
4.0,15.367323228130308,1.2,PS,2.0,8000.0,0.022707497097800813
4.0,16.198864774296695,1.2,PS,2.0,8000.0,0.021701515682246514
4.0,17.07540188232742,1.2,PS,2.0,8000.0,0.020726154151806384
4.0,17.999369308004486,1.2,PS,2.0,8000.0,0.01978205013375425
4.0,18.973333554230518,1.2,PS,2.0,8000.0,0.018869638407356698
4.0,20.000000000000004,1.2,PS,2.0,8000.0,0.017989137949649743
4.0,3.0,1.2,PS,2.0,10000.0,0.04038942139715821
4.0,3.1623330622689494,1.2,PS,2.0,10000.0,0.041509279949092294
4.0,3.33345013223977,1.2,PS,2.0,10000.0,0.04241746498794321
4.0,3.5138265215355418,1.2,PS,2.0,10000.0,0.043118225086472256
4.0,3.703963261376446,1.2,PS,2.0,10000.0,0.0436183524424951
4.0,3.9043884942934204,1.2,PS,2.0,10000.0,0.04392678473859513
4.0,4.1156589411488556,1.2,PS,2.0,10000.0,0.044054197812089906
4.0,4.338361447539279,1.2,PS,2.0,10000.0,0.04401223096906439
4.0,4.573114613875481,1.2,PS,2.0,10000.0,0.04381373879142816
4.0,4.820570513667911,1.2,PS,2.0,10000.0,0.043471523830602855
4.0,5.0814165047902815,1.2,PS,2.0,10000.0,0.042999176377611234
4.0,5.356377138752477,1.2,PS,2.0,10000.0,0.04241003950460636
4.0,5.389452332657201,1.2,PS,2.0,10000.0,0.042334242660512
4.0,5.646216173286171,1.2,PS,2.0,10000.0,0.041717240179400546
4.0,5.9517386938335095,1.2,PS,2.0,10000.0,0.040933496680669125
4.0,6.273793349831704,1.2,PS,2.0,10000.0,0.040071042957999244
4.0,6.613274712005288,1.2,PS,2.0,10000.0,0.03914163046227242
4.0,6.971125757213828,1.2,PS,2.0,10000.0,0.0381561110389213
4.0,7.3483404877573175,1.2,PS,2.0,10000.0,0.03712493603590212
4.0,7.745966692414836,1.2,PS,2.0,10000.0,0.03605738091597145
4.0,8.165108856885828,1.2,PS,2.0,10000.0,0.034962272776993375
4.0,8.606931231718361,1.2,PS,2.0,10000.0,0.03384769682032839
4.0,9.072661066246061,1.2,PS,2.0,10000.0,0.03272083303557483
4.0,9.563592017516726,1.2,PS,2.0,10000.0,0.031588185290011325
4.0,10.081087743681516,1.2,PS,2.0,10000.0,0.030455682520866275
4.0,10.626585691826111,1.2,PS,2.0,10000.0,0.029328442573608494
4.0,11.20160109076529,1.2,PS,2.0,10000.0,0.02821096920930925
4.0,11.807731159891665,1.2,PS,2.0,10000.0,0.027107321543036047
4.0,12.446659545769569,1.2,PS,2.0,10000.0,0.026020871595926098
4.0,13.120160998797505,1.2,PS,2.0,10000.0,0.024954554064347965
4.0,13.830106302929654,1.2,PS,2.0,10000.0,0.023910873313798025
4.0,14.578467472149546,1.2,PS,2.0,10000.0,0.0228918419421997
4.0,15.367323228130308,1.2,PS,2.0,10000.0,0.02189914359004559
4.0,16.198864774296695,1.2,PS,2.0,10000.0,0.020934099312325635
4.0,17.07540188232742,1.2,PS,2.0,10000.0,0.019997746903177575
4.0,17.999369308004486,1.2,PS,2.0,10000.0,0.019090798001405264
4.0,18.973333554230518,1.2,PS,2.0,10000.0,0.01821376245415244
4.0,20.000000000000004,1.2,PS,2.0,10000.0,0.01736693117275175
4.0,3.0,1.2,PS,2.0,15000.0,0.0355773961134588
4.0,3.1623330622689494,1.2,PS,2.0,15000.0,0.036749529788583556
4.0,3.33345013223977,1.2,PS,2.0,15000.0,0.03772890449107861
4.0,3.5138265215355418,1.2,PS,2.0,15000.0,0.038516944909709395
4.0,3.703963261376446,1.2,PS,2.0,15000.0,0.03911776815524181
4.0,3.9043884942934204,1.2,PS,2.0,15000.0,0.039537876836532364
4.0,4.1156589411488556,1.2,PS,2.0,15000.0,0.03978570154912235
4.0,4.338361447539279,1.2,PS,2.0,15000.0,0.03987088130977066
4.0,4.573114613875481,1.2,PS,2.0,15000.0,0.03980448170096825
4.0,4.820570513667911,1.2,PS,2.0,15000.0,0.03959773947519567
4.0,5.0814165047902815,1.2,PS,2.0,15000.0,0.039262891417360925
4.0,5.356377138752477,1.2,PS,2.0,15000.0,0.03881207713759755
4.0,5.389452332657201,1.2,PS,2.0,15000.0,0.03875244437369274
4.0,5.646216173286171,1.2,PS,2.0,15000.0,0.03825745069545318
4.0,5.9517386938335095,1.2,PS,2.0,15000.0,0.03761084705066979
4.0,6.273793349831704,1.2,PS,2.0,15000.0,0.036883819353767784
4.0,6.613274712005288,1.2,PS,2.0,15000.0,0.03608751376985348
4.0,6.971125757213828,1.2,PS,2.0,15000.0,0.03523232477091635
4.0,7.3483404877573175,1.2,PS,2.0,15000.0,0.03432831469945727
4.0,7.745966692414836,1.2,PS,2.0,15000.0,0.03338446549927477
4.0,8.165108856885828,1.2,PS,2.0,15000.0,0.03240937586478182
4.0,8.606931231718361,1.2,PS,2.0,15000.0,0.0314109840728984
4.0,9.072661066246061,1.2,PS,2.0,15000.0,0.030396349835340685
4.0,9.563592017516726,1.2,PS,2.0,15000.0,0.029371915799622002
4.0,10.081087743681516,1.2,PS,2.0,15000.0,0.028343591411703537
4.0,10.626585691826111,1.2,PS,2.0,15000.0,0.02731649472241851
4.0,11.20160109076529,1.2,PS,2.0,15000.0,0.02629516305089877
4.0,11.807731159891665,1.2,PS,2.0,15000.0,0.025283709619337444
4.0,12.446659545769569,1.2,PS,2.0,15000.0,0.02428558099096979
4.0,13.120160998797505,1.2,PS,2.0,15000.0,0.0233037889028496
4.0,13.830106302929654,1.2,PS,2.0,15000.0,0.022340941338683203
4.0,14.578467472149546,1.2,PS,2.0,15000.0,0.021399150253388288
4.0,15.367323228130308,1.2,PS,2.0,15000.0,0.020480209766533187
4.0,16.198864774296695,1.2,PS,2.0,15000.0,0.019585555546290354
4.0,17.07540188232742,1.2,PS,2.0,15000.0,0.018716344767916053
4.0,17.999369308004486,1.2,PS,2.0,15000.0,0.017873404786441446
4.0,18.973333554230518,1.2,PS,2.0,15000.0,0.017057367047499328
4.0,20.000000000000004,1.2,PS,2.0,15000.0,0.016268638536918824
2.0,3.0,0.8,ST,0.5,8000.0,0.04994270880891535
2.0,3.1623330622689494,0.8,ST,0.5,8000.0,0.049471983434200804
2.0,3.33345013223977,0.8,ST,0.5,8000.0,0.048836580235848644
2.0,3.5138265215355418,0.8,ST,0.5,8000.0,0.048055134064864155
2.0,3.703963261376446,0.8,ST,0.5,8000.0,0.04714552007697512
2.0,3.9043884942934204,0.8,ST,0.5,8000.0,0.0461254848222958
2.0,4.1156589411488556,0.8,ST,0.5,8000.0,0.04501188724887312
2.0,4.338361447539279,0.8,ST,0.5,8000.0,0.043820488732703285
2.0,4.573114613875481,0.8,ST,0.5,8000.0,0.042566433044516884
2.0,4.820570513667911,0.8,ST,0.5,8000.0,0.04126311791715332
2.0,5.0814165047902815,0.8,ST,0.5,8000.0,0.03992319978658343
2.0,5.356377138752477,0.8,ST,0.5,8000.0,0.0385581641362855
2.0,5.389452332657201,0.8,ST,0.5,8000.0,0.03839757828862631
2.0,5.646216173286171,0.8,ST,0.5,8000.0,0.037178148458329466
2.0,5.9517386938335095,0.8,ST,0.5,8000.0,0.03579227520087596
2.0,6.273793349831704,0.8,ST,0.5,8000.0,0.03440851997042998
2.0,6.613274712005288,0.8,ST,0.5,8000.0,0.03303406877371637
2.0,6.971125757213828,0.8,ST,0.5,8000.0,0.03167492658126455
2.0,7.3483404877573175,0.8,ST,0.5,8000.0,0.03033635230154757
2.0,7.745966692414836,0.8,ST,0.5,8000.0,0.029022685161267676
2.0,8.165108856885828,0.8,ST,0.5,8000.0,0.027737622773815186
2.0,8.606931231718361,0.8,ST,0.5,8000.0,0.026484246295458237
2.0,9.072661066246061,0.8,ST,0.5,8000.0,0.025264930590206867
2.0,9.563592017516726,0.8,ST,0.5,8000.0,0.024081571183798136
2.0,10.081087743681516,0.8,ST,0.5,8000.0,0.02293565998269302
2.0,10.626585691826111,0.8,ST,0.5,8000.0,0.021828070252093185
2.0,11.20160109076529,0.8,ST,0.5,8000.0,0.020759588330356023
2.0,11.807731159891665,0.8,ST,0.5,8000.0,0.01973046264338791
2.0,12.446659545769569,0.8,ST,0.5,8000.0,0.018740752600139764
2.0,13.120160998797505,0.8,ST,0.5,8000.0,0.01779025773533464
2.0,13.830106302929654,0.8,ST,0.5,8000.0,0.016878667223931398
2.0,14.578467472149546,0.8,ST,0.5,8000.0,0.016005357174590985
2.0,15.367323228130308,0.8,ST,0.5,8000.0,0.015169674114575996
2.0,16.198864774296695,0.8,ST,0.5,8000.0,0.014370775227914044
2.0,17.07540188232742,0.8,ST,0.5,8000.0,0.013607794288139987
2.0,17.999369308004486,0.8,ST,0.5,8000.0,0.012879755599266853
2.0,18.973333554230518,0.8,ST,0.5,8000.0,0.012185592473652161
2.0,20.000000000000004,0.8,ST,0.5,8000.0,0.011524255866140046
2.0,3.0,0.8,ST,0.5,10000.0,0.04810974292208918
2.0,3.1623330622689494,0.8,ST,0.5,10000.0,0.047703195918118946
2.0,3.33345013223977,0.8,ST,0.5,10000.0,0.047132778207738424
2.0,3.5138265215355418,0.8,ST,0.5,10000.0,0.04641660106850535
2.0,3.703963261376446,0.8,ST,0.5,10000.0,0.045572083605974666
2.0,3.9043884942934204,0.8,ST,0.5,10000.0,0.044616589885264235
2.0,4.1156589411488556,0.8,ST,0.5,10000.0,0.04356665101344681
2.0,4.338361447539279,0.8,ST,0.5,10000.0,0.04243777966338589
2.0,4.573114613875481,0.8,ST,0.5,10000.0,0.04124489892458076
2.0,4.820570513667911,0.8,ST,0.5,10000.0,0.04000124189512655
2.0,5.0814165047902815,0.8,ST,0.5,10000.0,0.03871933904151394
2.0,5.356377138752477,0.8,ST,0.5,10000.0,0.03741056580813083
2.0,5.389452332657201,0.8,ST,0.5,10000.0,0.03725643258878163
2.0,5.646216173286171,0.8,ST,0.5,10000.0,0.03608500090145546
2.0,5.9517386938335095,0.8,ST,0.5,10000.0,0.034751707112798125
2.0,6.273793349831704,0.8,ST,0.5,10000.0,0.033418650323269856
2.0,6.613274712005288,0.8,ST,0.5,10000.0,0.03209299289447785
2.0,6.971125757213828,0.8,ST,0.5,10000.0,0.030780751527625185
2.0,7.3483404877573175,0.8,ST,0.5,10000.0,0.029487198213095023
2.0,7.745966692414836,0.8,ST,0.5,10000.0,0.02821669959948602
2.0,8.165108856885828,0.8,ST,0.5,10000.0,0.026972981409135646
2.0,8.606931231718361,0.8,ST,0.5,10000.0,0.02575917315203841
2.0,9.072661066246061,0.8,ST,0.5,10000.0,0.024577685724615737
2.0,9.563592017516726,0.8,ST,0.5,10000.0,0.023430465135598915
2.0,10.081087743681516,0.8,ST,0.5,10000.0,0.02231905491235735
2.0,10.626585691826111,0.8,ST,0.5,10000.0,0.021244380935896808
2.0,11.20160109076529,0.8,ST,0.5,10000.0,0.020207282545384696
2.0,11.807731159891665,0.8,ST,0.5,10000.0,0.019208062276355197
2.0,12.446659545769569,0.8,ST,0.5,10000.0,0.018246833937781388
2.0,13.120160998797505,0.8,ST,0.5,10000.0,0.017323451524350907
2.0,13.830106302929654,0.8,ST,0.5,10000.0,0.016437658869742366
2.0,14.578467472149546,0.8,ST,0.5,10000.0,0.015588883720845378
2.0,15.367323228130308,0.8,ST,0.5,10000.0,0.014776525445091223
2.0,16.198864774296695,0.8,ST,0.5,10000.0,0.013999791882553125
2.0,17.07540188232742,0.8,ST,0.5,10000.0,0.013257865340596113
2.0,17.999369308004486,0.8,ST,0.5,10000.0,0.01254981995348339
2.0,18.973333554230518,0.8,ST,0.5,10000.0,0.011874633496066647
2.0,20.000000000000004,0.8,ST,0.5,10000.0,0.011231302513504569
2.0,3.0,0.8,ST,0.5,15000.0,0.04387843202581515
2.0,3.1623330622689494,0.8,ST,0.5,15000.0,0.04360868125734503
2.0,3.33345013223977,0.8,ST,0.5,15000.0,0.043178053760242786
2.0,3.5138265215355418,0.8,ST,0.5,15000.0,0.042603377165155235
2.0,3.703963261376446,0.8,ST,0.5,15000.0,0.041900919547013554
2.0,3.9043884942934204,0.8,ST,0.5,15000.0,0.041087087921714706
2.0,4.1156589411488556,0.8,ST,0.5,15000.0,0.04017757483552651
2.0,4.338361447539279,0.8,ST,0.5,15000.0,0.03918725436593185
2.0,4.573114613875481,0.8,ST,0.5,15000.0,0.03813046401957694
2.0,4.820570513667911,0.8,ST,0.5,15000.0,0.037019994483309566
2.0,5.0814165047902815,0.8,ST,0.5,15000.0,0.03586803384500734
2.0,5.356377138752477,0.8,ST,0.5,15000.0,0.03468564052832731
2.0,5.389452332657201,0.8,ST,0.5,15000.0,0.03454602139254165
2.0,5.646216173286171,0.8,ST,0.5,15000.0,0.03348271314947726
2.0,5.9517386938335095,0.8,ST,0.5,15000.0,0.03226814048815718
2.0,6.273793349831704,0.8,ST,0.5,15000.0,0.03104981981295498
2.0,6.613274712005288,0.8,ST,0.5,15000.0,0.02983482430565131
2.0,6.971125757213828,0.8,ST,0.5,15000.0,0.02862916960037823
2.0,7.3483404877573175,0.8,ST,0.5,15000.0,0.02743812425911849
2.0,7.745966692414836,0.8,ST,0.5,15000.0,0.026266092669978956
2.0,8.165108856885828,0.8,ST,0.5,15000.0,0.025116849517738953
2.0,8.606931231718361,0.8,ST,0.5,15000.0,0.023993608729131005
2.0,9.072661066246061,0.8,ST,0.5,15000.0,0.022898849689122987
2.0,9.563592017516726,0.8,ST,0.5,15000.0,0.021834616582377953
2.0,10.081087743681516,0.8,ST,0.5,15000.0,0.02080256042886545
2.0,10.626585691826111,0.8,ST,0.5,15000.0,0.019803716463105192
2.0,11.20160109076529,0.8,ST,0.5,15000.0,0.018839031859443037
2.0,11.807731159891665,0.8,ST,0.5,15000.0,0.01790892699676538
2.0,12.446659545769569,0.8,ST,0.5,15000.0,0.017013629580658635
2.0,13.120160998797505,0.8,ST,0.5,15000.0,0.016153115754880383
2.0,13.830106302929654,0.8,ST,0.5,15000.0,0.01532724546450516
2.0,14.578467472149546,0.8,ST,0.5,15000.0,0.014535560884476346
2.0,15.367323228130308,0.8,ST,0.5,15000.0,0.013777576700438346
2.0,16.198864774296695,0.8,ST,0.5,15000.0,0.013052615450643018
2.0,17.07540188232742,0.8,ST,0.5,15000.0,0.012359963895304093
2.0,17.999369308004486,0.8,ST,0.5,15000.0,0.011698809669401894
2.0,18.973333554230518,0.8,ST,0.5,15000.0,0.011068229690952936
2.0,20.000000000000004,0.8,ST,0.5,15000.0,0.010467321428301415
2.0,3.0,0.8,ST,1.0,8000.0,0.05123035378642907
2.0,3.1623330622689494,0.8,ST,1.0,8000.0,0.05084445627677348
2.0,3.33345013223977,0.8,ST,1.0,8000.0,0.050287947211172135
2.0,3.5138265215355418,0.8,ST,1.0,8000.0,0.049578649788026195
2.0,3.703963261376446,0.8,ST,1.0,8000.0,0.04873381512467429
2.0,3.9043884942934204,0.8,ST,1.0,8000.0,0.047770761622248616
2.0,4.1156589411488556,0.8,ST,1.0,8000.0,0.04670609597921529
2.0,4.338361447539279,0.8,ST,1.0,8000.0,0.045555491952256166
2.0,4.573114613875481,0.8,ST,1.0,8000.0,0.044334152757311854
2.0,4.820570513667911,0.8,ST,1.0,8000.0,0.04305565261410002
2.0,5.0814165047902815,0.8,ST,1.0,8000.0,0.04173293707576991
2.0,5.356377138752477,0.8,ST,1.0,8000.0,0.04037785939967897
2.0,5.389452332657201,0.8,ST,1.0,8000.0,0.04021798203110577
2.0,5.646216173286171,0.8,ST,1.0,8000.0,0.039000988480255676
2.0,5.9517386938335095,0.8,ST,1.0,8000.0,0.03761192255279692
2.0,6.273793349831704,0.8,ST,1.0,8000.0,0.03621914337757685
2.0,6.613274712005288,0.8,ST,1.0,8000.0,0.034830365026410494
2.0,6.971125757213828,0.8,ST,1.0,8000.0,0.03345211643981673
2.0,7.3483404877573175,0.8,ST,1.0,8000.0,0.03209018430579978
2.0,7.745966692414836,0.8,ST,1.0,8000.0,0.030749411361317962
2.0,8.165108856885828,0.8,ST,1.0,8000.0,0.02943398479293257
2.0,8.606931231718361,0.8,ST,1.0,8000.0,0.028147455340948663
2.0,9.072661066246061,0.8,ST,1.0,8000.0,0.026892637145423285
2.0,9.563592017516726,0.8,ST,1.0,8000.0,0.02567182767785574
2.0,10.081087743681516,0.8,ST,1.0,8000.0,0.024486903990533753
2.0,10.626585691826111,0.8,ST,1.0,8000.0,0.023339082275285392
2.0,11.20160109076529,0.8,ST,1.0,8000.0,0.022229459227744674
2.0,11.807731159891665,0.8,ST,1.0,8000.0,0.021158570828624098
2.0,12.446659545769569,0.8,ST,1.0,8000.0,0.020126731667013693
2.0,13.120160998797505,0.8,ST,1.0,8000.0,0.019133964032765374
2.0,13.830106302929654,0.8,ST,1.0,8000.0,0.018180161534729553
2.0,14.578467472149546,0.8,ST,1.0,8000.0,0.017264870314799983
2.0,15.367323228130308,0.8,ST,1.0,8000.0,0.016387591256665522
2.0,16.198864774296695,0.8,ST,1.0,8000.0,0.015547614198511294
2.0,17.07540188232742,0.8,ST,1.0,8000.0,0.014744183318581527
2.0,17.999369308004486,0.8,ST,1.0,8000.0,0.013976416148806103
2.0,18.973333554230518,0.8,ST,1.0,8000.0,0.013243325064143111
2.0,20.000000000000004,0.8,ST,1.0,8000.0,0.012543925370985465
2.0,3.0,0.8,ST,1.0,10000.0,0.04936304235250579
2.0,3.1623330622689494,0.8,ST,1.0,10000.0,0.04904122004086714
2.0,3.33345013223977,0.8,ST,1.0,10000.0,0.04854963891817339
2.0,3.5138265215355418,0.8,ST,1.0,10000.0,0.04790559383222213
2.0,3.703963261376446,0.8,ST,1.0,10000.0,0.04712587533587721
2.0,3.9043884942934204,0.8,ST,1.0,10000.0,0.046227415301106474
2.0,4.1156589411488556,0.8,ST,1.0,10000.0,0.045226488754741744
2.0,4.338361447539279,0.8,ST,1.0,10000.0,0.04413851783658853
2.0,4.573114613875481,0.8,ST,1.0,10000.0,0.042978482041700024
2.0,4.820570513667911,0.8,ST,1.0,10000.0,0.041759788556416814
2.0,5.0814165047902815,0.8,ST,1.0,10000.0,0.04049525491710645
2.0,5.356377138752477,0.8,ST,1.0,10000.0,0.03919662213627789
2.0,5.389452332657201,0.8,ST,1.0,10000.0,0.03904321961433738
2.0,5.646216173286171,0.8,ST,1.0,10000.0,0.03787439901741035
2.0,5.9517386938335095,0.8,ST,1.0,10000.0,0.036538122343325485
2.0,6.273793349831704,0.8,ST,1.0,10000.0,0.03519626349248937
2.0,6.613274712005288,0.8,ST,1.0,10000.0,0.03385651144560637
2.0,6.971125757213828,0.8,ST,1.0,10000.0,0.03252540627983755
2.0,7.3483404877573175,0.8,ST,1.0,10000.0,0.03120874698162839
2.0,7.745966692414836,0.8,ST,1.0,10000.0,0.029911403225225505
2.0,8.165108856885828,0.8,ST,1.0,10000.0,0.02863758964763073
2.0,8.606931231718361,0.8,ST,1.0,10000.0,0.027390905371016582
2.0,9.072661066246061,0.8,ST,1.0,10000.0,0.026174199966912975
2.0,9.563592017516726,0.8,ST,1.0,10000.0,0.024989821308312423
2.0,10.081087743681516,0.8,ST,1.0,10000.0,0.023839697991172755
2.0,10.626585691826111,0.8,ST,1.0,10000.0,0.02272509876402619
2.0,11.20160109076529,0.8,ST,1.0,10000.0,0.021647173266420364
2.0,11.807731159891665,0.8,ST,1.0,10000.0,0.020606511582184843
2.0,12.446659545769569,0.8,ST,1.0,10000.0,0.019603482735774422
2.0,13.120160998797505,0.8,ST,1.0,10000.0,0.01863816353606551
2.0,13.830106302929654,0.8,ST,1.0,10000.0,0.0177105023879294
2.0,14.578467472149546,0.8,ST,1.0,10000.0,0.01682009707270768
2.0,15.367323228130308,0.8,ST,1.0,10000.0,0.015966501462313838
2.0,16.198864774296695,0.8,ST,1.0,10000.0,0.015149056130509866
2.0,17.07540188232742,0.8,ST,1.0,10000.0,0.014367053806559692
2.0,17.999369308004486,0.8,ST,1.0,10000.0,0.01361966205858677
2.0,18.973333554230518,0.8,ST,1.0,10000.0,0.01290593761199022
2.0,20.000000000000004,0.8,ST,1.0,10000.0,0.01222494143897852
2.0,3.0,0.8,ST,1.0,15000.0,0.045110015602059475
2.0,3.1623330622689494,0.8,ST,1.0,15000.0,0.044924849259339594
2.0,3.33345013223977,0.8,ST,1.0,15000.0,0.044572947165371475
2.0,3.5138265215355418,0.8,ST,1.0,15000.0,0.04407031747204739
2.0,3.703963261376446,0.8,ST,1.0,15000.0,0.04343259664906127
2.0,3.9043884942934204,0.8,ST,1.0,15000.0,0.04267575686915122
2.0,4.1156589411488556,0.8,ST,1.0,15000.0,0.041815232005315374
2.0,4.338361447539279,0.8,ST,1.0,15000.0,0.040865803656667976
2.0,4.573114613875481,0.8,ST,1.0,15000.0,0.039841863599448996
2.0,4.820570513667911,0.8,ST,1.0,15000.0,0.03875637492753048
2.0,5.0814165047902815,0.8,ST,1.0,15000.0,0.037621811386202506
2.0,5.356377138752477,0.8,ST,1.0,15000.0,0.03644959532547278
2.0,5.389452332657201,0.8,ST,1.0,15000.0,0.03631071166052394
2.0,5.646216173286171,0.8,ST,1.0,15000.0,0.035250054499633976
2.0,5.9517386938335095,0.8,ST,1.0,15000.0,0.03403255043367084
2.0,6.273793349831704,0.8,ST,1.0,15000.0,0.03280548527713336
2.0,6.613274712005288,0.8,ST,1.0,15000.0,0.031576457760278245
2.0,6.971125757213828,0.8,ST,1.0,15000.0,0.03035200640895482
2.0,7.3483404877573175,0.8,ST,1.0,15000.0,0.02913792609544847
2.0,7.745966692414836,0.8,ST,1.0,15000.0,0.02793912378754948
2.0,8.165108856885828,0.8,ST,1.0,15000.0,0.026759862609271063
2.0,8.606931231718361,0.8,ST,1.0,15000.0,0.025603825932756858
2.0,9.072661066246061,0.8,ST,1.0,15000.0,0.024473931350414733
2.0,9.563592017516726,0.8,ST,1.0,15000.0,0.023372624735872264
2.0,10.081087743681516,0.8,ST,1.0,15000.0,0.022301942067097402
2.0,10.626585691826111,0.8,ST,1.0,15000.0,0.021263261333276
2.0,11.20160109076529,0.8,ST,1.0,15000.0,0.02025783985819562
2.0,11.807731159891665,0.8,ST,1.0,15000.0,0.019286385543812668
2.0,12.446659545769569,0.8,ST,1.0,15000.0,0.018349381239524582
2.0,13.120160998797505,0.8,ST,1.0,15000.0,0.01744702597699341
2.0,13.830106302929654,0.8,ST,1.0,15000.0,0.01657938429244452
2.0,14.578467472149546,0.8,ST,1.0,15000.0,0.015746168410498643
2.0,15.367323228130308,0.8,ST,1.0,15000.0,0.014947047609999013
2.0,16.198864774296695,0.8,ST,1.0,15000.0,0.014181477293281343
2.0,17.07540188232742,0.8,ST,1.0,15000.0,0.013448854636376814
2.0,17.999369308004486,0.8,ST,1.0,15000.0,0.012748460960162477
2.0,18.973333554230518,0.8,ST,1.0,15000.0,0.012079452146213032
2.0,20.000000000000004,0.8,ST,1.0,15000.0,0.011440990223975085
2.0,3.0,0.8,ST,2.0,8000.0,0.05220021295131232
2.0,3.1623330622689494,0.8,ST,2.0,8000.0,0.051893335038993016
2.0,3.33345013223977,0.8,ST,2.0,8000.0,0.051412360175491105
2.0,3.5138265215355418,0.8,ST,2.0,8000.0,0.05077416604904248
2.0,3.703963261376446,0.8,ST,2.0,8000.0,0.04999520154263836
2.0,3.9043884942934204,0.8,ST,2.0,8000.0,0.04909214386226122
2.0,4.1156589411488556,0.8,ST,2.0,8000.0,0.04808111072392454
2.0,4.338361447539279,0.8,ST,2.0,8000.0,0.04697744460418847
2.0,4.573114613875481,0.8,ST,2.0,8000.0,0.04579616049455444
2.0,4.820570513667911,0.8,ST,2.0,8000.0,0.04455077683656819
2.0,5.0814165047902815,0.8,ST,2.0,8000.0,0.04325430014670141
2.0,5.356377138752477,0.8,ST,2.0,8000.0,0.04191874668008917
2.0,5.389452332657201,0.8,ST,2.0,8000.0,0.04176072114121762
2.0,5.646216173286171,0.8,ST,2.0,8000.0,0.04055493292642452
2.0,5.9517386938335095,0.8,ST,2.0,8000.0,0.03917276934373546
2.0,6.273793349831704,0.8,ST,2.0,8000.0,0.0377811046332442
2.0,6.613274712005288,0.8,ST,2.0,8000.0,0.03638806289044878
2.0,6.971125757213828,0.8,ST,2.0,8000.0,0.03500060047544078
2.0,7.3483404877573175,0.8,ST,2.0,8000.0,0.03362495393214093
2.0,7.745966692414836,0.8,ST,2.0,8000.0,0.03226641084556406
2.0,8.165108856885828,0.8,ST,2.0,8000.0,0.03092960421695622
2.0,8.606931231718361,0.8,ST,2.0,8000.0,0.029618523428444347
2.0,9.072661066246061,0.8,ST,2.0,8000.0,0.0283364052046216
2.0,9.563592017516726,0.8,ST,2.0,8000.0,0.02708593874029942
2.0,10.081087743681516,0.8,ST,2.0,8000.0,0.025869385664734346
2.0,10.626585691826111,0.8,ST,2.0,8000.0,0.024688312296980056
2.0,11.20160109076529,0.8,ST,2.0,8000.0,0.02354413570695744
2.0,11.807731159891665,0.8,ST,2.0,8000.0,0.022437695070556866
2.0,12.446659545769569,0.8,ST,2.0,8000.0,0.021369577077088073
2.0,13.120160998797505,0.8,ST,2.0,8000.0,0.020340046183576484
2.0,13.830106302929654,0.8,ST,2.0,8000.0,0.019349220663779282
2.0,14.578467472149546,0.8,ST,2.0,8000.0,0.01839683884190923
2.0,15.367323228130308,0.8,ST,2.0,8000.0,0.01748257621107002
2.0,16.198864774296695,0.8,ST,2.0,8000.0,0.016605876171668057
2.0,17.07540188232742,0.8,ST,2.0,8000.0,0.01576611256980949
2.0,17.999369308004486,0.8,ST,2.0,8000.0,0.014962516439572115
2.0,18.973333554230518,0.8,ST,2.0,8000.0,0.014194196943143965
2.0,20.000000000000004,0.8,ST,2.0,8000.0,0.013460250748567312
2.0,3.0,0.8,ST,2.0,10000.0,0.050315178429697155
2.0,3.1623330622689494,0.8,ST,2.0,10000.0,0.05007230055061342
2.0,3.33345013223977,0.8,ST,2.0,10000.0,0.04965620078052279
2.0,3.5138265215355418,0.8,ST,2.0,10000.0,0.04908322600943073
2.0,3.703963261376446,0.8,ST,2.0,10000.0,0.048369362237399655
2.0,3.9043884942934204,0.8,ST,2.0,10000.0,0.04753089805884851
2.0,4.1156589411488556,0.8,ST,2.0,10000.0,0.046583617539416214
2.0,4.338361447539279,0.8,ST,2.0,10000.0,0.04554261002996215
2.0,4.573114613875481,0.8,ST,2.0,10000.0,0.044422665220993106
2.0,4.820570513667911,0.8,ST,2.0,10000.0,0.04323713326876949
2.0,5.0814165047902815,0.8,ST,2.0,10000.0,0.04199889159961243
2.0,5.356377138752477,0.8,ST,2.0,10000.0,0.04071984306287756
2.0,5.389452332657201,0.8,ST,2.0,10000.0,0.04056829976475005
2.0,5.646216173286171,0.8,ST,2.0,10000.0,0.039410743363829666
2.0,5.9517386938335095,0.8,ST,2.0,10000.0,0.0380814405533027
2.0,6.273793349831704,0.8,ST,2.0,10000.0,0.036740772592951956
2.0,6.613274712005288,0.8,ST,2.0,10000.0,0.035396837710672854
2.0,6.971125757213828,0.8,ST,2.0,10000.0,0.034056603074607276
2.0,7.3483404877573175,0.8,ST,2.0,10000.0,0.03272631709750134
2.0,7.745966692414836,0.8,ST,2.0,10000.0,0.03141129403013179
2.0,8.165108856885828,0.8,ST,2.0,10000.0,0.030116193959361524
2.0,8.606931231718361,0.8,ST,2.0,10000.0,0.028845054652880824
2.0,9.072661066246061,0.8,ST,2.0,10000.0,0.027601147934730882
2.0,9.563592017516726,0.8,ST,2.0,10000.0,0.026387213349710496
2.0,10.081087743681516,0.8,ST,2.0,10000.0,0.025205564024893597
2.0,10.626585691826111,0.8,ST,2.0,10000.0,0.02405781880397164
2.0,11.20160109076529,0.8,ST,2.0,10000.0,0.022945447674335748
2.0,11.807731159891665,0.8,ST,2.0,10000.0,0.02186934392081529
2.0,12.446659545769569,0.8,ST,2.0,10000.0,0.02083014870312352
2.0,13.120160998797505,0.8,ST,2.0,10000.0,0.019828181051537754
2.0,13.830106302929654,0.8,ST,2.0,10000.0,0.01886361414179412
2.0,14.578467472149546,0.8,ST,2.0,10000.0,0.017936237976244333
2.0,15.367323228130308,0.8,ST,2.0,10000.0,0.017045781165896248
2.0,16.198864774296695,0.8,ST,2.0,10000.0,0.016191737948284535
2.0,17.07540188232742,0.8,ST,2.0,10000.0,0.015373530798040309
2.0,17.999369308004486,0.8,ST,2.0,10000.0,0.014590440981310767
2.0,18.973333554230518,0.8,ST,2.0,10000.0,0.013841622038288605
2.0,20.000000000000004,0.8,ST,2.0,10000.0,0.01312621644999993
2.0,3.0,0.8,ST,2.0,15000.0,0.04605120134602695
2.0,3.1623330622689494,0.8,ST,2.0,15000.0,0.045944904970775635
2.0,3.33345013223977,0.8,ST,2.0,15000.0,0.04566842418839239
2.0,3.5138265215355418,0.8,ST,2.0,15000.0,0.04523681765573792
2.0,3.703963261376446,0.8,ST,2.0,15000.0,0.044664915749207085
2.0,3.9043884942934204,0.8,ST,2.0,15000.0,0.04396804602508464
2.0,4.1156589411488556,0.8,ST,2.0,15000.0,0.04316115008350034
2.0,4.338361447539279,0.8,ST,2.0,15000.0,0.0422586757486406
2.0,4.573114613875481,0.8,ST,2.0,15000.0,0.0412748239084494
2.0,4.820570513667911,0.8,ST,2.0,15000.0,0.04022249977135076
2.0,5.0814165047902815,0.8,ST,2.0,15000.0,0.039114236251827486
2.0,5.356377138752477,0.8,ST,2.0,15000.0,0.03796161669847292
2.0,5.389452332657201,0.8,ST,2.0,15000.0,0.03782459390969341
2.0,5.646216173286171,0.8,ST,2.0,15000.0,0.0367752152734972
2.0,5.9517386938335095,0.8,ST,2.0,15000.0,0.03556470412903556
2.0,6.273793349831704,0.8,ST,2.0,15000.0,0.034338851675217955
2.0,6.613274712005288,0.8,ST,2.0,15000.0,0.03310566533505356
2.0,6.971125757213828,0.8,ST,2.0,15000.0,0.03187211046735179
2.0,7.3483404877573175,0.8,ST,2.0,15000.0,0.030644431009222668
2.0,7.745966692414836,0.8,ST,2.0,15000.0,0.029427978264173583
2.0,8.165108856885828,0.8,ST,2.0,15000.0,0.02822746054904059
2.0,8.606931231718361,0.8,ST,2.0,15000.0,0.027046999780832817
2.0,9.072661066246061,0.8,ST,2.0,15000.0,0.025889935549191966
2.0,9.563592017516726,0.8,ST,2.0,15000.0,0.024759105292439396
2.0,10.081087743681516,0.8,ST,2.0,15000.0,0.023656929444616642
2.0,10.626585691826111,0.8,ST,2.0,15000.0,0.022585136013045355
2.0,11.20160109076529,0.8,ST,2.0,15000.0,0.02154530257204177
2.0,11.807731159891665,0.8,ST,2.0,15000.0,0.020538440190643308
2.0,12.446659545769569,0.8,ST,2.0,15000.0,0.019565303795100426
2.0,13.120160998797505,0.8,ST,2.0,15000.0,0.018626334653909844
2.0,13.830106302929654,0.8,ST,2.0,15000.0,0.017721822061599304
2.0,14.578467472149546,0.8,ST,2.0,15000.0,0.016851670448028305
2.0,15.367323228130308,0.8,ST,2.0,15000.0,0.01601572385289558
2.0,16.198864774296695,0.8,ST,2.0,15000.0,0.01521359138513315
2.0,17.07540188232742,0.8,ST,2.0,15000.0,0.01444479993825805
2.0,17.999369308004486,0.8,ST,2.0,15000.0,0.013708744636659331
2.0,18.973333554230518,0.8,ST,2.0,15000.0,0.01300467815822309
2.0,20.000000000000004,0.8,ST,2.0,15000.0,0.012331844085630494
2.0,3.0,0.8,PS,0.5,8000.0,0.06737256922901569
2.0,3.1623330622689494,0.8,PS,0.5,8000.0,0.06729263593833366
2.0,3.33345013223977,0.8,PS,0.5,8000.0,0.06693501839735848
2.0,3.5138265215355418,0.8,PS,0.5,8000.0,0.06632455874177294
2.0,3.703963261376446,0.8,PS,0.5,8000.0,0.0654860964795936
2.0,3.9043884942934204,0.8,PS,0.5,8000.0,0.06444527888330039
2.0,4.1156589411488556,0.8,PS,0.5,8000.0,0.06322722254578943
2.0,4.338361447539279,0.8,PS,0.5,8000.0,0.0618560921644568
2.0,4.573114613875481,0.8,PS,0.5,8000.0,0.06035565032779928
2.0,4.820570513667911,0.8,PS,0.5,8000.0,0.05874746652410912
2.0,5.0814165047902815,0.8,PS,0.5,8000.0,0.05705226813730106
2.0,5.356377138752477,0.8,PS,0.5,8000.0,0.05528924394441036
2.0,5.389452332657201,0.8,PS,0.5,8000.0,0.05507972719841743
2.0,5.646216173286171,0.8,PS,0.5,8000.0,0.05347567537710807
2.0,5.9517386938335095,0.8,PS,0.5,8000.0,0.05162736353534229
2.0,6.273793349831704,0.8,PS,0.5,8000.0,0.04975839458979974
2.0,6.613274712005288,0.8,PS,0.5,8000.0,0.04788162613031096
2.0,6.971125757213828,0.8,PS,0.5,8000.0,0.04600806044815066
2.0,7.3483404877573175,0.8,PS,0.5,8000.0,0.04414748719714005
2.0,7.745966692414836,0.8,PS,0.5,8000.0,0.04230819701341732
2.0,8.165108856885828,0.8,PS,0.5,8000.0,0.040497398280794024
2.0,8.606931231718361,0.8,PS,0.5,8000.0,0.03872124460794671
2.0,9.072661066246061,0.8,PS,0.5,8000.0,0.03698470777796956
2.0,9.563592017516726,0.8,PS,0.5,8000.0,0.035291901786316596
2.0,10.081087743681516,0.8,PS,0.5,8000.0,0.03364622213593356
2.0,10.626585691826111,0.8,PS,0.5,8000.0,0.03205002666551789
2.0,11.20160109076529,0.8,PS,0.5,8000.0,0.03050541797466377
2.0,11.807731159891665,0.8,PS,0.5,8000.0,0.029013608410007122
2.0,12.446659545769569,0.8,PS,0.5,8000.0,0.027575426244546793
2.0,13.120160998797505,0.8,PS,0.5,8000.0,0.026191227844061162
2.0,13.830106302929654,0.8,PS,0.5,8000.0,0.024861123932963754
2.0,14.578467472149546,0.8,PS,0.5,8000.0,0.02358469500225838
2.0,15.367323228130308,0.8,PS,0.5,8000.0,0.022361407984495832
2.0,16.198864774296695,0.8,PS,0.5,8000.0,0.02119039626239307
2.0,17.07540188232742,0.8,PS,0.5,8000.0,0.020070703641175053
2.0,17.999369308004486,0.8,PS,0.5,8000.0,0.019001169808333503
2.0,18.973333554230518,0.8,PS,0.5,8000.0,0.017980461447915493
2.0,20.000000000000004,0.8,PS,0.5,8000.0,0.017007233731931214
2.0,3.0,0.8,PS,0.5,10000.0,0.06460412076164339
2.0,3.1623330622689494,0.8,PS,0.5,10000.0,0.06461915824179525
2.0,3.33345013223977,0.8,PS,0.5,10000.0,0.06435923900699277
2.0,3.5138265215355418,0.8,PS,0.5,10000.0,0.06384807736888563
2.0,3.703963261376446,0.8,PS,0.5,10000.0,0.06310953259154134
2.0,3.9043884942934204,0.8,PS,0.5,10000.0,0.06216842641259923
2.0,4.1156589411488556,0.8,PS,0.5,10000.0,0.06104917264540932
2.0,4.338361447539279,0.8,PS,0.5,10000.0,0.05977538880260972
2.0,4.573114613875481,0.8,PS,0.5,10000.0,0.05837036611911651
2.0,4.820570513667911,0.8,PS,0.5,10000.0,0.05685531416790456
2.0,5.0814165047902815,0.8,PS,0.5,10000.0,0.05525068425674478
2.0,5.356377138752477,0.8,PS,0.5,10000.0,0.05357543451414762
2.0,5.389452332657201,0.8,PS,0.5,10000.0,0.05337597860608969
2.0,5.646216173286171,0.8,PS,0.5,10000.0,0.0518467097083582
2.0,5.9517386938335095,0.8,PS,0.5,10000.0,0.050080188242614246
2.0,6.273793349831704,0.8,PS,0.5,10000.0,0.04828992016567078
2.0,6.613274712005288,0.8,PS,0.5,10000.0,0.046488717504405176
2.0,6.971125757213828,0.8,PS,0.5,10000.0,0.04468759633842856
2.0,7.3483404877573175,0.8,PS,0.5,10000.0,0.04289636935411315
2.0,7.745966692414836,0.8,PS,0.5,10000.0,0.041123375494805756
2.0,8.165108856885828,0.8,PS,0.5,10000.0,0.039375876883231874
2.0,8.606931231718361,0.8,PS,0.5,10000.0,0.037660113742667777
2.0,9.072661066246061,0.8,PS,0.5,10000.0,0.03598112767163989
2.0,9.563592017516726,0.8,PS,0.5,10000.0,0.03434312471144366
2.0,10.081087743681516,0.8,PS,0.5,10000.0,0.03274959572675996
2.0,10.626585691826111,0.8,PS,0.5,10000.0,0.03120299400840595
2.0,11.20160109076529,0.8,PS,0.5,10000.0,0.029705519532588702
2.0,11.807731159891665,0.8,PS,0.5,10000.0,0.02825848224398516
2.0,12.446659545769569,0.8,PS,0.5,10000.0,0.026862808055077198
2.0,13.120160998797505,0.8,PS,0.5,10000.0,0.025518950000342492
2.0,13.830106302929654,0.8,PS,0.5,10000.0,0.024227115779266582
2.0,14.578467472149546,0.8,PS,0.5,10000.0,0.022986976264354746
2.0,15.367323228130308,0.8,PS,0.5,10000.0,0.021798090344838178
2.0,16.198864774296695,0.8,PS,0.5,10000.0,0.02065967877293981
2.0,17.07540188232742,0.8,PS,0.5,10000.0,0.019570868881413614
2.0,17.999369308004486,0.8,PS,0.5,10000.0,0.01853058470882382
2.0,18.973333554230518,0.8,PS,0.5,10000.0,0.017537568290792022
2.0,20.000000000000004,0.8,PS,0.5,10000.0,0.01659055129461008
2.0,3.0,0.8,PS,0.5,15000.0,0.05822708366934182
2.0,3.1623330622689494,0.8,PS,0.5,15000.0,0.058438686781166295
2.0,3.33345013223977,0.8,PS,0.5,15000.0,0.058384015286094416
2.0,3.5138265215355418,0.8,PS,0.5,15000.0,0.05808403954484977
2.0,3.703963261376446,0.8,PS,0.5,15000.0,0.05756017106693132
2.0,3.9043884942934204,0.8,PS,0.5,15000.0,0.05683516963149316
2.0,4.1156589411488556,0.8,PS,0.5,15000.0,0.05593165549177922
2.0,4.338361447539279,0.8,PS,0.5,15000.0,0.05487183694571737
2.0,4.573114613875481,0.8,PS,0.5,15000.0,0.05367775279271578
2.0,4.820570513667911,0.8,PS,0.5,15000.0,0.052369641067172366
2.0,5.0814165047902815,0.8,PS,0.5,15000.0,0.05096719309373112
2.0,5.356377138752477,0.8,PS,0.5,15000.0,0.04948869719572707
2.0,5.389452332657201,0.8,PS,0.5,15000.0,0.04931183888424805
2.0,5.646216173286171,0.8,PS,0.5,15000.0,0.0479508774663844
2.0,5.9517386938335095,0.8,PS,0.5,15000.0,0.046369038538873704
2.0,6.273793349831704,0.8,PS,0.5,15000.0,0.04475704605860057
2.0,6.613274712005288,0.8,PS,0.5,15000.0,0.04312752520481212
2.0,6.971125757213828,0.8,PS,0.5,15000.0,0.04149145602091833
2.0,7.3483404877573175,0.8,PS,0.5,15000.0,0.03985863068515535
2.0,7.745966692414836,0.8,PS,0.5,15000.0,0.038237441092191106
2.0,8.165108856885828,0.8,PS,0.5,15000.0,0.03663523123013525
2.0,8.606931231718361,0.8,PS,0.5,15000.0,0.035058385173171114
2.0,9.072661066246061,0.8,PS,0.5,15000.0,0.033512069565426385
2.0,9.563592017516726,0.8,PS,0.5,15000.0,0.032000663704497494
2.0,10.081087743681516,0.8,PS,0.5,15000.0,0.030527850759674714
2.0,10.626585691826111,0.8,PS,0.5,15000.0,0.029096277437409567
2.0,11.20160109076529,0.8,PS,0.5,15000.0,0.027708339215056436
2.0,11.807731159891665,0.8,PS,0.5,15000.0,0.026365554246188937
2.0,12.446659545769569,0.8,PS,0.5,15000.0,0.025069050992137135
2.0,13.120160998797505,0.8,PS,0.5,15000.0,0.023819495593116264
2.0,13.830106302929654,0.8,PS,0.5,15000.0,0.02261730090132497
2.0,14.578467472149546,0.8,PS,0.5,15000.0,0.021462336018303725
2.0,15.367323228130308,0.8,PS,0.5,15000.0,0.02035435969304307
2.0,16.198864774296695,0.8,PS,0.5,15000.0,0.019292788842774806
2.0,17.07540188232742,0.8,PS,0.5,15000.0,0.018276930752717604
2.0,17.999369308004486,0.8,PS,0.5,15000.0,0.017305900669715265
2.0,18.973333554230518,0.8,PS,0.5,15000.0,0.016378608289466114
2.0,20.000000000000004,0.8,PS,0.5,15000.0,0.015493954892503834
2.0,3.0,0.8,PS,1.0,8000.0,0.06857950185991753
2.0,3.1623330622689494,0.8,PS,1.0,8000.0,0.06861275607841312
2.0,3.33345013223977,0.8,PS,1.0,8000.0,0.06836611420707796
2.0,3.5138265215355418,0.8,PS,1.0,8000.0,0.06786287315253074
2.0,3.703963261376446,0.8,PS,1.0,8000.0,0.06712646990318684
2.0,3.9043884942934204,0.8,PS,1.0,8000.0,0.06618134023927916
2.0,4.1156589411488556,0.8,PS,1.0,8000.0,0.06505158735256493
2.0,4.338361447539279,0.8,PS,1.0,8000.0,0.06376057764971482
2.0,4.573114613875481,0.8,PS,1.0,8000.0,0.062331490569040776
2.0,4.820570513667911,0.8,PS,1.0,8000.0,0.06078550803525279
2.0,5.0814165047902815,0.8,PS,1.0,8000.0,0.05914316887586616
2.0,5.356377138752477,0.8,PS,1.0,8000.0,0.05742364127805244
2.0,5.389452332657201,0.8,PS,1.0,8000.0,0.057218596998601115
2.0,5.646216173286171,0.8,PS,1.0,8000.0,0.05564433468731367
2.0,5.9517386938335095,0.8,PS,1.0,8000.0,0.05382130352595329
2.0,6.273793349831704,0.8,PS,1.0,8000.0,0.0519689929014698
2.0,6.613274712005288,0.8,PS,1.0,8000.0,0.050100711372209665
2.0,6.971125757213828,0.8,PS,1.0,8000.0,0.04822796202787945
2.0,7.3483404877573175,0.8,PS,1.0,8000.0,0.04636109323416854
2.0,7.745966692414836,0.8,PS,1.0,8000.0,0.044508965998169454
2.0,8.165108856885828,0.8,PS,1.0,8000.0,0.04267938152222104
2.0,8.606931231718361,0.8,PS,1.0,8000.0,0.0408790935265177
2.0,9.072661066246061,0.8,PS,1.0,8000.0,0.03911366205200336
2.0,9.563592017516726,0.8,PS,1.0,8000.0,0.03738776010002597
2.0,10.081087743681516,0.8,PS,1.0,8000.0,0.03570534146215131
2.0,10.626585691826111,0.8,PS,1.0,8000.0,0.03406927880308757
2.0,11.20160109076529,0.8,PS,1.0,8000.0,0.032482155507990364
2.0,11.807731159891665,0.8,PS,1.0,8000.0,0.030945644309425195
2.0,12.446659545769569,0.8,PS,1.0,8000.0,0.029460994073938276
2.0,13.120160998797505,0.8,PS,1.0,8000.0,0.028028940804355265
2.0,13.830106302929654,0.8,PS,1.0,8000.0,0.026649953102253425
2.0,14.578467472149546,0.8,PS,1.0,8000.0,0.025323921266116475
2.0,15.367323228130308,0.8,PS,1.0,8000.0,0.024050600206841
2.0,16.198864774296695,0.8,PS,1.0,8000.0,0.022829380260317295
2.0,17.07540188232742,0.8,PS,1.0,8000.0,0.02165952806211255
2.0,17.999369308004486,0.8,PS,1.0,8000.0,0.02054008048030732
2.0,18.973333554230518,0.8,PS,1.0,8000.0,0.01946987832244468
2.0,20.000000000000004,0.8,PS,1.0,8000.0,0.018447727279739826
2.0,3.0,0.8,PS,1.0,10000.0,0.06575917447281247
2.0,3.1623330622689494,0.8,PS,1.0,10000.0,0.06588720791507582
2.0,3.33345013223977,0.8,PS,1.0,10000.0,0.06573816904977073
2.0,3.5138265215355418,0.8,PS,1.0,10000.0,0.06533421610573666
2.0,3.703963261376446,0.8,PS,1.0,10000.0,0.06469779558076151
2.0,3.9043884942934204,0.8,PS,1.0,10000.0,0.0638525084355084
2.0,4.1156589411488556,0.8,PS,1.0,10000.0,0.06282174638708406
2.0,4.338361447539279,0.8,PS,1.0,10000.0,0.061628321610925435
2.0,4.573114613875481,0.8,PS,1.0,10000.0,0.06029493525226262
2.0,4.820570513667911,0.8,PS,1.0,10000.0,0.05884240356805656
2.0,5.0814165047902815,0.8,PS,1.0,10000.0,0.05729098435574539
2.0,5.356377138752477,0.8,PS,1.0,10000.0,0.05565961020291014
2.0,5.389452332657201,0.8,PS,1.0,10000.0,0.05546467256497455
2.0,5.646216173286171,0.8,PS,1.0,10000.0,0.05396555048088898
2.0,5.9517386938335095,0.8,PS,1.0,10000.0,0.052224732973649365
2.0,6.273793349831704,0.8,PS,1.0,10000.0,0.05045156458898017
2.0,6.613274712005288,0.8,PS,1.0,10000.0,0.048659305267457036
2.0,6.971125757213828,0.8,PS,1.0,10000.0,0.046859470195042704
2.0,7.3483404877573175,0.8,PS,1.0,10000.0,0.04506242895156801
2.0,7.745966692414836,0.8,PS,1.0,10000.0,0.04327708955185133
2.0,8.165108856885828,0.8,PS,1.0,10000.0,0.04151130550314444
2.0,8.606931231718361,0.8,PS,1.0,10000.0,0.03977191681738455
2.0,9.072661066246061,0.8,PS,1.0,10000.0,0.038064552156233396
2.0,9.563592017516726,0.8,PS,1.0,10000.0,0.03639397618973943
2.0,10.081087743681516,0.8,PS,1.0,10000.0,0.03476423780470361
2.0,10.626585691826111,0.8,PS,1.0,10000.0,0.033178304852044184
2.0,11.20160109076529,0.8,PS,1.0,10000.0,0.03163885794830405
2.0,11.807731159891665,0.8,PS,1.0,10000.0,0.030147667340217486
2.0,12.446659545769569,0.8,PS,1.0,10000.0,0.028706079554463255
2.0,13.120160998797505,0.8,PS,1.0,10000.0,0.02731492732741358
2.0,13.830106302929654,0.8,PS,1.0,10000.0,0.025974776492922402
2.0,14.578467472149546,0.8,PS,1.0,10000.0,0.024685607732432068
2.0,15.367323228130308,0.8,PS,1.0,10000.0,0.023447268196134578
2.0,16.198864774296695,0.8,PS,1.0,10000.0,0.022259235759173553
2.0,17.07540188232742,0.8,PS,1.0,10000.0,0.02112086069233474
2.0,17.999369308004486,0.8,PS,1.0,10000.0,0.02003126460136302
2.0,18.973333554230518,0.8,PS,1.0,10000.0,0.018989363557808617
2.0,20.000000000000004,0.8,PS,1.0,10000.0,0.01799403997375468
2.0,3.0,0.8,PS,1.0,15000.0,0.05934939907308747
2.0,3.1623330622689494,0.8,PS,1.0,15000.0,0.05967373871968791
2.0,3.33345013223977,0.8,PS,1.0,15000.0,0.05972975080774952
2.0,3.5138265215355418,0.8,PS,1.0,15000.0,0.0595368428613487
2.0,3.703963261376446,0.8,PS,1.0,15000.0,0.05911500695099787
2.0,3.9043884942934204,0.8,PS,1.0,15000.0,0.058485776125140325
2.0,4.1156589411488556,0.8,PS,1.0,15000.0,0.057670742809750514
2.0,4.338361447539279,0.8,PS,1.0,15000.0,0.05669130535643257
2.0,4.573114613875481,0.8,PS,1.0,15000.0,0.05556890774011927
2.0,4.820570513667911,0.8,PS,1.0,15000.0,0.05432339076332352
2.0,5.0814165047902815,0.8,PS,1.0,15000.0,0.05297424888584343
2.0,5.356377138752477,0.8,PS,1.0,15000.0,0.05153974133331793
2.0,5.389452332657201,0.8,PS,1.0,15000.0,0.05136741538960238
2.0,5.646216173286171,0.8,PS,1.0,15000.0,0.050036714392842296
2.0,5.9517386938335095,0.8,PS,1.0,15000.0,0.0484807193592353
2.0,6.273793349831704,0.8,PS,1.0,15000.0,0.04688597706833082
2.0,6.613274712005288,0.8,PS,1.0,15000.0,0.04526555838500042
2.0,6.971125757213828,0.8,PS,1.0,15000.0,0.043630941174092205
2.0,7.3483404877573175,0.8,PS,1.0,15000.0,0.04199247301844261
2.0,7.745966692414836,0.8,PS,1.0,15000.0,0.04035911380506832
2.0,8.165108856885828,0.8,PS,1.0,15000.0,0.03873879786058569
2.0,8.606931231718361,0.8,PS,1.0,15000.0,0.03713850852761081
2.0,9.072661066246061,0.8,PS,1.0,15000.0,0.035563998581019614
2.0,9.563592017516726,0.8,PS,1.0,15000.0,0.03402020548623
2.0,10.081087743681516,0.8,PS,1.0,15000.0,0.03251137013724802
2.0,10.626585691826111,0.8,PS,1.0,15000.0,0.031040653485214592
2.0,11.20160109076529,0.8,PS,1.0,15000.0,0.029610931352988094
2.0,11.807731159891665,0.8,PS,1.0,15000.0,0.028224182079960705
2.0,12.446659545769569,0.8,PS,1.0,15000.0,0.026881954586797468
2.0,13.120160998797505,0.8,PS,1.0,15000.0,0.025585294780451497
2.0,13.830106302929654,0.8,PS,1.0,15000.0,0.024334973687296386
2.0,14.578467472149546,0.8,PS,1.0,15000.0,0.023131170211053924
2.0,15.367323228130308,0.8,PS,1.0,15000.0,0.021973931509438886
2.0,16.198864774296695,0.8,PS,1.0,15000.0,0.020862931821020413
2.0,17.07540188232742,0.8,PS,1.0,15000.0,0.019797701387796813
2.0,17.999369308004486,0.8,PS,1.0,15000.0,0.01877755342366879
2.0,18.973333554230518,0.8,PS,1.0,15000.0,0.01780157169864109
2.0,20.000000000000004,0.8,PS,1.0,15000.0,0.016868808484033364
2.0,3.0,0.8,PS,2.0,8000.0,0.06940165868585893
2.0,3.1623330622689494,0.8,PS,2.0,8000.0,0.06952776232048219
2.0,3.33345013223977,0.8,PS,2.0,8000.0,0.06937452467199806
2.0,3.5138265215355418,0.8,PS,2.0,8000.0,0.06896389165997667
2.0,3.703963261376446,0.8,PS,2.0,8000.0,0.06831799691176883
2.0,3.9043884942934204,0.8,PS,2.0,8000.0,0.06746007098959159
2.0,4.1156589411488556,0.8,PS,2.0,8000.0,0.06641312827936997
2.0,4.338361447539279,0.8,PS,2.0,8000.0,0.06519959725531306
2.0,4.573114613875481,0.8,PS,2.0,8000.0,0.06384187772159991
2.0,4.820570513667911,0.8,PS,2.0,8000.0,0.06236053811567767
2.0,5.0814165047902815,0.8,PS,2.0,8000.0,0.06077566692061777
2.0,5.356377138752477,0.8,PS,2.0,8000.0,0.059106142430509996
2.0,5.389452332657201,0.8,PS,2.0,8000.0,0.05890644210607565
2.0,5.646216173286171,0.8,PS,2.0,8000.0,0.057369230628686894
2.0,5.9517386938335095,0.8,PS,2.0,8000.0,0.05558097086304337
2.0,6.273793349831704,0.8,PS,2.0,8000.0,0.053755912915600966
2.0,6.613274712005288,0.8,PS,2.0,8000.0,0.05190757710891633
2.0,6.971125757213828,0.8,PS,2.0,8000.0,0.05004774970316223
2.0,7.3483404877573175,0.8,PS,2.0,8000.0,0.048187140447100554
2.0,7.745966692414836,0.8,PS,2.0,8000.0,0.046335009129958644
2.0,8.165108856885828,0.8,PS,2.0,8000.0,0.04449959953489705
2.0,8.606931231718361,0.8,PS,2.0,8000.0,0.04268813606077966
2.0,9.072661066246061,0.8,PS,2.0,8000.0,0.040906661965936855
2.0,9.563592017516726,0.8,PS,2.0,8000.0,0.03916031972788637
2.0,10.081087743681516,0.8,PS,2.0,8000.0,0.03745355046000778
2.0,10.626585691826111,0.8,PS,2.0,8000.0,0.035789688679876905
2.0,11.20160109076529,0.8,PS,2.0,8000.0,0.0341717564712499
2.0,11.807731159891665,0.8,PS,2.0,8000.0,0.03260185860655162
2.0,12.446659545769569,0.8,PS,2.0,8000.0,0.031081644570278903
2.0,13.120160998797505,0.8,PS,2.0,8000.0,0.02961221947587084
2.0,13.830106302929654,0.8,PS,2.0,8000.0,0.02819440561513846
2.0,14.578467472149546,0.8,PS,2.0,8000.0,0.026828406899583213
2.0,15.367323228130308,0.8,PS,2.0,8000.0,0.02551427167690691
2.0,16.198864774296695,0.8,PS,2.0,8000.0,0.02425165770066257
2.0,17.07540188232742,0.8,PS,2.0,8000.0,0.02304006623617497
2.0,17.999369308004486,0.8,PS,2.0,8000.0,0.021878747741138346
2.0,18.973333554230518,0.8,PS,2.0,8000.0,0.02076673264638541
2.0,20.000000000000004,0.8,PS,2.0,8000.0,0.019702994105408284
2.0,3.0,0.8,PS,2.0,10000.0,0.06655456052605858
2.0,3.1623330622689494,0.8,PS,2.0,10000.0,0.06677531143498429
2.0,3.33345013223977,0.8,PS,2.0,10000.0,0.06671959263943611
2.0,3.5138265215355418,0.8,PS,2.0,10000.0,0.06640820585352837
2.0,3.703963261376446,0.8,PS,2.0,10000.0,0.0658622889854042
2.0,3.9043884942934204,0.8,PS,2.0,10000.0,0.06510423303129677
2.0,4.1156589411488556,0.8,PS,2.0,10000.0,0.06415633644629742
2.0,4.338361447539279,0.8,PS,2.0,10000.0,0.06304046985904545
2.0,4.573114613875481,0.8,PS,2.0,10000.0,0.06177855120846884
2.0,4.820570513667911,0.8,PS,2.0,10000.0,0.060390780297173326
2.0,5.0814165047902815,0.8,PS,2.0,10000.0,0.058896962016026955
2.0,5.356377138752477,0.8,PS,2.0,10000.0,0.05731573648754905
2.0,5.389452332657201,0.8,PS,2.0,10000.0,0.057126160483929364
2.0,5.646216173286171,0.8,PS,2.0,10000.0,0.055664227845365837
2.0,5.9517386938335095,0.8,PS,2.0,10000.0,0.05395834673509117
2.0,6.273793349831704,0.8,PS,2.0,10000.0,0.05221260364833579
2.0,6.613274712005288,0.8,PS,2.0,10000.0,0.05044046867700404
2.0,6.971125757213828,0.8,PS,2.0,10000.0,0.048653739278037754
2.0,7.3483404877573175,0.8,PS,2.0,10000.0,0.04686314544386403
2.0,7.745966692414836,0.8,PS,2.0,10000.0,0.04507799327267996
2.0,8.165108856885828,0.8,PS,2.0,10000.0,0.04330657807840339
2.0,8.606931231718361,0.8,PS,2.0,10000.0,0.041556210371063634
2.0,9.072661066246061,0.8,PS,2.0,10000.0,0.039833001381633204
2.0,9.563592017516726,0.8,PS,2.0,10000.0,0.03814218504730874
2.0,10.081087743681516,0.8,PS,2.0,10000.0,0.036488297430237716
2.0,10.626585691826111,0.8,PS,2.0,10000.0,0.03487476809185039
2.0,11.20160109076529,0.8,PS,2.0,10000.0,0.03330471627506451
2.0,11.807731159891665,0.8,PS,2.0,10000.0,0.031780344233020244
2.0,12.446659545769569,0.8,PS,2.0,10000.0,0.03030339914156551
2.0,13.120160998797505,0.8,PS,2.0,10000.0,0.028875082910495068
2.0,13.830106302929654,0.8,PS,2.0,10000.0,0.027496315243887348
2.0,14.578467472149546,0.8,PS,2.0,10000.0,0.02616739048487725
2.0,15.367323228130308,0.8,PS,2.0,10000.0,0.024888449437580635
2.0,16.198864774296695,0.8,PS,2.0,10000.0,0.02365923756227901
2.0,17.07540188232742,0.8,PS,2.0,10000.0,0.022479339906731295
2.0,17.999369308004486,0.8,PS,2.0,10000.0,0.021348091986867466
2.0,18.973333554230518,0.8,PS,2.0,10000.0,0.020264599565301793
2.0,20.000000000000004,0.8,PS,2.0,10000.0,0.01922791277988653
2.0,3.0,0.8,PS,2.0,15000.0,0.060128276620180755
2.0,3.1623330622689494,0.8,PS,2.0,15000.0,0.06054519728964331
2.0,3.33345013223977,0.8,PS,2.0,15000.0,0.06069442421736217
2.0,3.5138265215355418,0.8,PS,2.0,15000.0,0.06059400501550154
2.0,3.703963261376446,0.8,PS,2.0,15000.0,0.060262619805838566
2.0,3.9043884942934204,0.8,PS,2.0,15000.0,0.05972058867313165
2.0,4.1156589411488556,0.8,PS,2.0,15000.0,0.05898840789150673
2.0,4.338361447539279,0.8,PS,2.0,15000.0,0.05808653193968204
2.0,4.573114613875481,0.8,PS,2.0,15000.0,0.05703561919384266
2.0,4.820570513667911,0.8,PS,2.0,15000.0,0.055854892020720706
2.0,5.0814165047902815,0.8,PS,2.0,15000.0,0.05456339027337142
2.0,5.356377138752477,0.8,PS,2.0,15000.0,0.053179078907008445
2.0,5.389452332657201,0.8,PS,2.0,15000.0,0.05301212059430007
2.0,5.646216173286171,0.8,PS,2.0,15000.0,0.05171865774401986
2.0,5.9517386938335095,0.8,PS,2.0,15000.0,0.05019765955415048
2.0,6.273793349831704,0.8,PS,2.0,15000.0,0.04863040790074273
2.0,6.613274712005288,0.8,PS,2.0,15000.0,0.04703018265726281
2.0,6.971125757213828,0.8,PS,2.0,15000.0,0.04540874329322216
2.0,7.3483404877573175,0.8,PS,2.0,15000.0,0.04377679703206998
2.0,7.745966692414836,0.8,PS,2.0,15000.0,0.04214370127823771
2.0,8.165108856885828,0.8,PS,2.0,15000.0,0.040517831613662895
2.0,8.606931231718361,0.8,PS,2.0,15000.0,0.038906641593929
2.0,9.072661066246061,0.8,PS,2.0,15000.0,0.03731636606585109
2.0,9.563592017516726,0.8,PS,2.0,15000.0,0.0357524115033618
2.0,10.081087743681516,0.8,PS,2.0,15000.0,0.0342195057989995
2.0,10.626585691826111,0.8,PS,2.0,15000.0,0.032721271426940736
2.0,11.20160109076529,0.8,PS,2.0,15000.0,0.03126102265807287
2.0,11.807731159891665,0.8,PS,2.0,15000.0,0.029841169749680804
2.0,12.446659545769569,0.8,PS,2.0,15000.0,0.028463662162120203
2.0,13.120160998797505,0.8,PS,2.0,15000.0,0.027129914977738583
2.0,13.830106302929654,0.8,PS,2.0,15000.0,0.02584105308160331
2.0,14.578467472149546,0.8,PS,2.0,15000.0,0.0245975690023776
2.0,15.367323228130308,0.8,PS,2.0,15000.0,0.023399803593967657
2.0,16.198864774296695,0.8,PS,2.0,15000.0,0.022247698747745553
2.0,17.07540188232742,0.8,PS,2.0,15000.0,0.021141019457165965
2.0,17.999369308004486,0.8,PS,2.0,15000.0,0.02007929301766447
2.0,18.973333554230518,0.8,PS,2.0,15000.0,0.019061792874089337
2.0,20.000000000000004,0.8,PS,2.0,15000.0,0.018087739115135067
2.0,3.0,1.0,ST,0.5,8000.0,0.056189634563481874
2.0,3.1623330622689494,1.0,ST,0.5,8000.0,0.05524890661212664
2.0,3.33345013223977,1.0,ST,0.5,8000.0,0.05416041155919327
2.0,3.5138265215355418,1.0,ST,0.5,8000.0,0.05294541458018728
2.0,3.703963261376446,1.0,ST,0.5,8000.0,0.051623696248441674
2.0,3.9043884942934204,1.0,ST,0.5,8000.0,0.05021426152728075
2.0,4.1156589411488556,1.0,ST,0.5,8000.0,0.04873469793237688
2.0,4.338361447539279,1.0,ST,0.5,8000.0,0.047201021472351785
2.0,4.573114613875481,1.0,ST,0.5,8000.0,0.04562825184703829
2.0,4.820570513667911,1.0,ST,0.5,8000.0,0.044029350956593646
2.0,5.0814165047902815,1.0,ST,0.5,8000.0,0.042416311620917184
2.0,5.356377138752477,1.0,ST,0.5,8000.0,0.04079975666048926
2.0,5.389452332657201,1.0,ST,0.5,8000.0,0.04061115603739261
2.0,5.646216173286171,1.0,ST,0.5,8000.0,0.039188834783152104
2.0,5.9517386938335095,1.0,ST,0.5,8000.0,0.03759159315290467
2.0,6.273793349831704,1.0,ST,0.5,8000.0,0.03601487309080428
2.0,6.613274712005288,1.0,ST,0.5,8000.0,0.03446468899277788
2.0,6.971125757213828,1.0,ST,0.5,8000.0,0.03294588789808418
2.0,7.3483404877573175,1.0,ST,0.5,8000.0,0.03146257445262819
2.0,7.745966692414836,1.0,ST,0.5,8000.0,0.030017975963519652
2.0,8.165108856885828,1.0,ST,0.5,8000.0,0.028614709756057535
2.0,8.606931231718361,1.0,ST,0.5,8000.0,0.027254822394742476
2.0,9.072661066246061,1.0,ST,0.5,8000.0,0.02593970870959748
2.0,9.563592017516726,1.0,ST,0.5,8000.0,0.02467035319412692
2.0,10.081087743681516,1.0,ST,0.5,8000.0,0.023447376474602453
2.0,10.626585691826111,1.0,ST,0.5,8000.0,0.02227085239368452
2.0,11.20160109076529,1.0,ST,0.5,8000.0,0.02114082153735262
2.0,11.807731159891665,1.0,ST,0.5,8000.0,0.02005684000029068
2.0,12.446659545769569,1.0,ST,0.5,8000.0,0.01901833268371209
2.0,13.120160998797505,1.0,ST,0.5,8000.0,0.018024518204084742
2.0,13.830106302929654,1.0,ST,0.5,8000.0,0.017074544024152795
2.0,14.578467472149546,1.0,ST,0.5,8000.0,0.01616730077706834
2.0,15.367323228130308,1.0,ST,0.5,8000.0,0.015301686886645917
2.0,16.198864774296695,1.0,ST,0.5,8000.0,0.014476452212319862
2.0,17.07540188232742,1.0,ST,0.5,8000.0,0.013690361954164332
2.0,17.999369308004486,1.0,ST,0.5,8000.0,0.012942102967660234
2.0,18.973333554230518,1.0,ST,0.5,8000.0,0.012230306026153525
2.0,20.000000000000004,1.0,ST,0.5,8000.0,0.011553644853764262
2.0,3.0,1.0,ST,0.5,10000.0,0.05434409905567507
2.0,3.1623330622689494,1.0,ST,0.5,10000.0,0.05347522782250807
2.0,3.33345013223977,1.0,ST,0.5,10000.0,0.052458239102665616
2.0,3.5138265215355418,1.0,ST,0.5,10000.0,0.05131400351589766
2.0,3.703963261376446,1.0,ST,0.5,10000.0,0.050061963527488956
2.0,3.9043884942934204,1.0,ST,0.5,10000.0,0.0487208511577998
2.0,4.1156589411488556,1.0,ST,0.5,10000.0,0.04730802535866968
2.0,4.338361447539279,1.0,ST,0.5,10000.0,0.045839342575821514
2.0,4.573114613875481,1.0,ST,0.5,10000.0,0.04432968307720637
2.0,4.820570513667911,1.0,ST,0.5,10000.0,0.04279191515774301
2.0,5.0814165047902815,1.0,ST,0.5,10000.0,0.04123796961100603
2.0,5.356377138752477,1.0,ST,0.5,10000.0,0.03967841621669494
2.0,5.389452332657201,1.0,ST,0.5,10000.0,0.03949633486476342
2.0,5.646216173286171,1.0,ST,0.5,10000.0,0.03812239432195761
2.0,5.9517386938335095,1.0,ST,0.5,10000.0,0.036577935560712045
2.0,6.273793349831704,1.0,ST,0.5,10000.0,0.035051909429462624
2.0,6.613274712005288,1.0,ST,0.5,10000.0,0.03355034095868168
2.0,6.971125757213828,1.0,ST,0.5,10000.0,0.03207811781275581
2.0,7.3483404877573175,1.0,ST,0.5,10000.0,0.030639383377796033
2.0,7.745966692414836,1.0,ST,0.5,10000.0,0.02923741424418034
2.0,8.165108856885828,1.0,ST,0.5,10000.0,0.0278748751556461
2.0,8.606931231718361,1.0,ST,0.5,10000.0,0.026553877357340747
2.0,9.072661066246061,1.0,ST,0.5,10000.0,0.02527586611704102
2.0,9.563592017516726,1.0,ST,0.5,10000.0,0.024041888422890772
2.0,10.081087743681516,1.0,ST,0.5,10000.0,0.022852627052636375
2.0,10.626585691826111,1.0,ST,0.5,10000.0,0.021708217136558836
2.0,11.20160109076529,1.0,ST,0.5,10000.0,0.02060875995112081
2.0,11.807731159891665,1.0,ST,0.5,10000.0,0.01955387199937985
2.0,12.446659545769569,1.0,ST,0.5,10000.0,0.01854303791710741
2.0,13.120160998797505,1.0,ST,0.5,10000.0,0.017575535175854747
2.0,13.830106302929654,1.0,ST,0.5,10000.0,0.016650569664846574
2.0,14.578467472149546,1.0,ST,0.5,10000.0,0.015767086619600575
2.0,15.367323228130308,1.0,ST,0.5,10000.0,0.014924039764551277
2.0,16.198864774296695,1.0,ST,0.5,10000.0,0.014120231551289796
2.0,17.07540188232742,1.0,ST,0.5,10000.0,0.013354477297030678
2.0,17.999369308004486,1.0,ST,0.5,10000.0,0.012625514796778585
2.0,18.973333554230518,1.0,ST,0.5,10000.0,0.011932020189709614
2.0,20.000000000000004,1.0,ST,0.5,10000.0,0.011272713395643903
2.0,3.0,1.0,ST,0.5,15000.0,0.050056375370341674
2.0,3.1623330622689494,1.0,ST,0.5,15000.0,0.04934438023030891
2.0,3.33345013223977,1.0,ST,0.5,15000.0,0.04848446137814021
2.0,3.5138265215355418,1.0,ST,0.5,15000.0,0.047496498060303795
2.0,3.703963261376446,1.0,ST,0.5,15000.0,0.04639905160750904
2.0,3.9043884942934204,1.0,ST,0.5,15000.0,0.045210151146375964
2.0,4.1156589411488556,1.0,ST,0.5,15000.0,0.04394654939421003
2.0,4.338361447539279,1.0,ST,0.5,15000.0,0.0426236751022806
2.0,4.573114613875481,1.0,ST,0.5,15000.0,0.041256016535645944
2.0,4.820570513667911,1.0,ST,0.5,15000.0,0.03985617008590012
2.0,5.0814165047902815,1.0,ST,0.5,15000.0,0.038435878810214964
2.0,5.356377138752477,1.0,ST,0.5,15000.0,0.03700553409408528
2.0,5.389452332657201,1.0,ST,0.5,15000.0,0.03683824560944291
2.0,5.646216173286171,1.0,ST,0.5,15000.0,0.03557421641735492
2.0,5.9517386938335095,1.0,ST,0.5,15000.0,0.0341498917014219
2.0,6.273793349831704,1.0,ST,0.5,15000.0,0.032739455222070536
2.0,6.613274712005288,1.0,ST,0.5,15000.0,0.03134892800886663
2.0,6.971125757213828,1.0,ST,0.5,15000.0,0.029983269166247155
2.0,7.3483404877573175,1.0,ST,0.5,15000.0,0.02864668343843461
2.0,7.745966692414836,1.0,ST,0.5,15000.0,0.027342540670949517
2.0,8.165108856885828,1.0,ST,0.5,15000.0,0.026073603591475453
2.0,8.606931231718361,1.0,ST,0.5,15000.0,0.024842110224699777
2.0,9.072661066246061,1.0,ST,0.5,15000.0,0.02364961133757006
2.0,9.563592017516726,1.0,ST,0.5,15000.0,0.022497283545594216
2.0,10.081087743681516,1.0,ST,0.5,15000.0,0.02138594475951921
2.0,10.626585691826111,1.0,ST,0.5,15000.0,0.020315862444649353
2.0,11.20160109076529,1.0,ST,0.5,15000.0,0.01928726639466594
2.0,11.807731159891665,1.0,ST,0.5,15000.0,0.01829990791722002
2.0,12.446659545769569,1.0,ST,0.5,15000.0,0.01735340026269132
2.0,13.120160998797505,1.0,ST,0.5,15000.0,0.01644715514245602
2.0,13.830106302929654,1.0,ST,0.5,15000.0,0.01558050533523918
2.0,14.578467472149546,1.0,ST,0.5,15000.0,0.014752518984723437
2.0,15.367323228130308,1.0,ST,0.5,15000.0,0.01396227247266854
2.0,16.198864774296695,1.0,ST,0.5,15000.0,0.013208688758615458
2.0,17.07540188232742,1.0,ST,0.5,15000.0,0.012490692697904463
2.0,17.999369308004486,1.0,ST,0.5,15000.0,0.011807139287729838
2.0,18.973333554230518,1.0,ST,0.5,15000.0,0.011156806950201763
2.0,20.000000000000004,1.0,ST,0.5,15000.0,0.010538518993151771
2.0,3.0,1.0,ST,1.0,8000.0,0.05805289232257192
2.0,3.1623330622689494,1.0,ST,1.0,8000.0,0.057199775514540516
2.0,3.33345013223977,1.0,ST,1.0,8000.0,0.056188717216685634
2.0,3.5138265215355418,1.0,ST,1.0,8000.0,0.055040545151224037
2.0,3.703963261376446,1.0,ST,1.0,8000.0,0.053774832371442434
2.0,3.9043884942934204,1.0,ST,1.0,8000.0,0.05241059609100145
2.0,4.1156589411488556,1.0,ST,1.0,8000.0,0.05096561858364791
2.0,4.338361447539279,1.0,ST,1.0,8000.0,0.04945626599962217
2.0,4.573114613875481,1.0,ST,1.0,8000.0,0.04789803632179417
2.0,4.820570513667911,1.0,ST,1.0,8000.0,0.04630445737607706
2.0,5.0814165047902815,1.0,ST,1.0,8000.0,0.04468817128073112
2.0,5.356377138752477,1.0,ST,1.0,8000.0,0.04306049025958392
2.0,5.389452332657201,1.0,ST,1.0,8000.0,0.042870107341023485
2.0,5.646216173286171,1.0,ST,1.0,8000.0,0.0414312799878044
2.0,5.9517386938335095,1.0,ST,1.0,8000.0,0.03980931193436867
2.0,6.273793349831704,1.0,ST,1.0,8000.0,0.03820214630044645
2.0,6.613274712005288,1.0,ST,1.0,8000.0,0.03661650435666314
2.0,6.971125757213828,1.0,ST,1.0,8000.0,0.03505790488859878
2.0,7.3483404877573175,1.0,ST,1.0,8000.0,0.0335310999088753
2.0,7.745966692414836,1.0,ST,1.0,8000.0,0.03203991401411101
2.0,8.165108856885828,1.0,ST,1.0,8000.0,0.03058752505875078
2.0,8.606931231718361,1.0,ST,1.0,8000.0,0.02917650091891344
2.0,9.072661066246061,1.0,ST,1.0,8000.0,0.027808709870088873
2.0,9.563592017516726,1.0,ST,1.0,8000.0,0.026485558683837056
2.0,10.081087743681516,1.0,ST,1.0,8000.0,0.025208061008140294
2.0,10.626585691826111,1.0,ST,1.0,8000.0,0.023976631105854854
2.0,11.20160109076529,1.0,ST,1.0,8000.0,0.02279160953268598
2.0,11.807731159891665,1.0,ST,1.0,8000.0,0.021652822621304232
2.0,12.446659545769569,1.0,ST,1.0,8000.0,0.020559928464641743
2.0,13.120160998797505,1.0,ST,1.0,8000.0,0.019512342242270737
2.0,13.830106302929654,1.0,ST,1.0,8000.0,0.01850938653716088
2.0,14.578467472149546,1.0,ST,1.0,8000.0,0.01755009069225916
2.0,15.367323228130308,1.0,ST,1.0,8000.0,0.01663347518931563
2.0,16.198864774296695,1.0,ST,1.0,8000.0,0.015758389277317677
2.0,17.07540188232742,1.0,ST,1.0,8000.0,0.014923675464565345
2.0,17.999369308004486,1.0,ST,1.0,8000.0,0.014128080461276208
2.0,18.973333554230518,1.0,ST,1.0,8000.0,0.01337028167691424
2.0,20.000000000000004,1.0,ST,1.0,8000.0,0.012648985279734466
2.0,3.0,1.0,ST,1.0,10000.0,0.05617278858917241
2.0,3.1623330622689494,1.0,ST,1.0,10000.0,0.05539156488771332
2.0,3.33345013223977,1.0,ST,1.0,10000.0,0.05445208298624247
2.0,3.5138265215355418,1.0,ST,1.0,10000.0,0.05337477205773047
2.0,3.703963261376446,1.0,ST,1.0,10000.0,0.052178863283566135
2.0,3.9043884942934204,1.0,ST,1.0,10000.0,0.05088309765480891
2.0,4.1156589411488556,1.0,ST,1.0,10000.0,0.049505025781037534
2.0,4.338361447539279,1.0,ST,1.0,10000.0,0.048060852019059574
2.0,4.573114613875481,1.0,ST,1.0,10000.0,0.04656593255547076
2.0,4.820570513667911,1.0,ST,1.0,10000.0,0.04503369980592317
2.0,5.0814165047902815,1.0,ST,1.0,10000.0,0.04347673238731276
2.0,5.356377138752477,1.0,ST,1.0,10000.0,0.04190628781762288
2.0,5.389452332657201,1.0,ST,1.0,10000.0,0.04172245215341334
2.0,5.646216173286171,1.0,ST,1.0,10000.0,0.04033222157938982
2.0,5.9517386938335095,1.0,ST,1.0,10000.0,0.03876328827015754
2.0,6.273793349831704,1.0,ST,1.0,10000.0,0.03720707599997667
2.0,6.613274712005288,1.0,ST,1.0,10000.0,0.035670315621446395
2.0,6.971125757213828,1.0,ST,1.0,10000.0,0.03415856627589313
2.0,7.3483404877573175,1.0,ST,1.0,10000.0,0.032676618245764344
2.0,7.745966692414836,1.0,ST,1.0,10000.0,0.031228345195390413
2.0,8.165108856885828,1.0,ST,1.0,10000.0,0.02981697199834734
2.0,8.606931231718361,1.0,ST,1.0,10000.0,0.028445131459757918
2.0,9.072661066246061,1.0,ST,1.0,10000.0,0.027114741906639702
2.0,9.563592017516726,1.0,ST,1.0,10000.0,0.025827272702227472
2.0,10.081087743681516,1.0,ST,1.0,10000.0,0.024583799741982163
2.0,10.626585691826111,1.0,ST,1.0,10000.0,0.023384798658810983
2.0,11.20160109076529,1.0,ST,1.0,10000.0,0.02223067078653823
2.0,11.807731159891665,1.0,ST,1.0,10000.0,0.02112130298030517
2.0,12.446659545769569,1.0,ST,1.0,10000.0,0.020056413213990532
2.0,13.120160998797505,1.0,ST,1.0,10000.0,0.019035475678786315
2.0,13.830106302929654,1.0,ST,1.0,10000.0,0.018057871617235967
2.0,14.578467472149546,1.0,ST,1.0,10000.0,0.01712268505490616
2.0,15.367323228130308,1.0,ST,1.0,10000.0,0.016228991997834914
2.0,16.198864774296695,1.0,ST,1.0,10000.0,0.015375694433734313
2.0,17.07540188232742,1.0,ST,1.0,10000.0,0.014561685071457298
2.0,17.999369308004486,1.0,ST,1.0,10000.0,0.013785761819906582
2.0,18.973333554230518,1.0,ST,1.0,10000.0,0.013046647399362664
2.0,20.000000000000004,1.0,ST,1.0,10000.0,0.012343094300296202
2.0,3.0,1.0,ST,1.0,15000.0,0.051863076808298526
2.0,3.1623330622689494,1.0,ST,1.0,15000.0,0.05123868363259527
2.0,3.33345013223977,1.0,ST,1.0,15000.0,0.050456247696420826
2.0,3.5138265215355418,1.0,ST,1.0,15000.0,0.04953520418830809
2.0,3.703963261376446,1.0,ST,1.0,15000.0,0.04849390052870709
2.0,3.9043884942934204,1.0,ST,1.0,15000.0,0.0473503726145553
2.0,4.1156589411488556,1.0,ST,1.0,15000.0,0.046121562663437754
2.0,4.338361447539279,1.0,ST,1.0,15000.0,0.044823245808266084
2.0,4.573114613875481,1.0,ST,1.0,15000.0,0.04347038451348684
2.0,4.820570513667911,1.0,ST,1.0,15000.0,0.042076137979400796
2.0,5.0814165047902815,1.0,ST,1.0,15000.0,0.040652896034839375
2.0,5.356377138752477,1.0,ST,1.0,15000.0,0.039211736505737255
2.0,5.389452332657201,1.0,ST,1.0,15000.0,0.039042702874167785
2.0,5.646216173286171,1.0,ST,1.0,15000.0,0.03776245535299177
2.0,5.9517386938335095,1.0,ST,1.0,15000.0,0.03631374050615228
2.0,6.273793349831704,1.0,ST,1.0,15000.0,0.034873205495130885
2.0,6.613274712005288,1.0,ST,1.0,15000.0,0.033447576357657036
2.0,6.971125757213828,1.0,ST,1.0,15000.0,0.03204248340510692
2.0,7.3483404877573175,1.0,ST,1.0,15000.0,0.030662777801230234
2.0,7.745966692414836,1.0,ST,1.0,15000.0,0.029312426199548307
2.0,8.165108856885828,1.0,ST,1.0,15000.0,0.027994751153547607
2.0,8.606931231718361,1.0,ST,1.0,15000.0,0.026712512233832832
2.0,9.072661066246061,1.0,ST,1.0,15000.0,0.025467732942300054
2.0,9.563592017516726,1.0,ST,1.0,15000.0,0.024262012217008373
2.0,10.081087743681516,1.0,ST,1.0,15000.0,0.023096561094245495
2.0,10.626585691826111,1.0,ST,1.0,15000.0,0.02197198752553713
2.0,11.20160109076529,1.0,ST,1.0,15000.0,0.02088882131216675
2.0,11.807731159891665,1.0,ST,1.0,15000.0,0.01984708417023115
2.0,12.446659545769569,1.0,ST,1.0,15000.0,0.0188466226945453
2.0,13.120160998797505,1.0,ST,1.0,15000.0,0.017887045454150093
2.0,13.830106302929654,1.0,ST,1.0,15000.0,0.01696786066907608
2.0,14.578467472149546,1.0,ST,1.0,15000.0,0.016088275340182732
2.0,15.367323228130308,1.0,ST,1.0,15000.0,0.015247488271407535
2.0,16.198864774296695,1.0,ST,1.0,15000.0,0.014444522130953987
2.0,17.07540188232742,1.0,ST,1.0,15000.0,0.013678379204769074
2.0,17.999369308004486,1.0,ST,1.0,15000.0,0.012947974887981916
2.0,18.973333554230518,1.0,ST,1.0,15000.0,0.012252134230690161
2.0,20.000000000000004,1.0,ST,1.0,15000.0,0.01158971327670491
2.0,3.0,1.0,ST,2.0,8000.0,0.0595518905848435
2.0,3.1623330622689494,1.0,ST,2.0,8000.0,0.058789523843151885
2.0,3.33345013223977,1.0,ST,2.0,8000.0,0.05786153265235075
2.0,3.5138265215355418,1.0,ST,2.0,8000.0,0.05678796596349092
2.0,3.703963261376446,1.0,ST,2.0,8000.0,0.05558783755567909
2.0,3.9043884942934204,1.0,ST,2.0,8000.0,0.054279825048827404
2.0,4.1156589411488556,1.0,ST,2.0,8000.0,0.05288156232445397
2.0,4.338361447539279,1.0,ST,2.0,8000.0,0.05140944860689345
2.0,4.573114613875481,1.0,ST,2.0,8000.0,0.04987916664225065
2.0,4.820570513667911,1.0,ST,2.0,8000.0,0.04830455870499752
2.0,5.0814165047902815,1.0,ST,2.0,8000.0,0.04669868725847638
2.0,5.356377138752477,1.0,ST,2.0,8000.0,0.045073366927945904
2.0,5.389452332657201,1.0,ST,2.0,8000.0,0.04488275827463559
2.0,5.646216173286171,1.0,ST,2.0,8000.0,0.04343902716731322
2.0,5.9517386938335095,1.0,ST,2.0,8000.0,0.04180504018879336
2.0,6.273793349831704,1.0,ST,2.0,8000.0,0.040179592896965544
2.0,6.613274712005288,1.0,ST,2.0,8000.0,0.03857004684977291
2.0,6.971125757213828,1.0,ST,2.0,8000.0,0.03698254898097395
2.0,7.3483404877573175,1.0,ST,2.0,8000.0,0.03542247427439082
2.0,7.745966692414836,1.0,ST,2.0,8000.0,0.033894238141589046
2.0,8.165108856885828,1.0,ST,2.0,8000.0,0.03240158546630183
2.0,8.606931231718361,1.0,ST,2.0,8000.0,0.030947621897631818
2.0,9.072661066246061,1.0,ST,2.0,8000.0,0.029534716763068194
2.0,9.563592017516726,1.0,ST,2.0,8000.0,0.028164728669178594
2.0,10.081087743681516,1.0,ST,2.0,8000.0,0.02683910063513475
2.0,10.626585691826111,1.0,ST,2.0,8000.0,0.02555862733055058
2.0,11.20160109076529,1.0,ST,2.0,8000.0,0.02432398810070129
2.0,11.807731159891665,1.0,ST,2.0,8000.0,0.023135320910404853
2.0,12.446659545769569,1.0,ST,2.0,8000.0,0.021992556073519798
2.0,13.120160998797505,1.0,ST,2.0,8000.0,0.020895343751413786
2.0,13.830106302929654,1.0,ST,2.0,8000.0,0.01984321829522366
2.0,14.578467472149546,1.0,ST,2.0,8000.0,0.01883538356714642
2.0,15.367323228130308,1.0,ST,2.0,8000.0,0.017871013777312303
2.0,16.198864774296695,1.0,ST,2.0,8000.0,0.016949087871550025
2.0,17.07540188232742,1.0,ST,2.0,8000.0,0.016068552426723788
2.0,17.999369308004486,1.0,ST,2.0,8000.0,0.015228240341705515
2.0,18.973333554230518,1.0,ST,2.0,8000.0,0.014426897965173881
2.0,20.000000000000004,1.0,ST,2.0,8000.0,0.013663284367679291
2.0,3.0,1.0,ST,2.0,10000.0,0.05765394903790257
2.0,3.1623330622689494,1.0,ST,2.0,10000.0,0.0569634721988707
2.0,3.33345013223977,1.0,ST,2.0,10000.0,0.05610707051211271
2.0,3.5138265215355418,1.0,ST,2.0,10000.0,0.05510439232685063
2.0,3.703963261376446,1.0,ST,2.0,10000.0,0.0539741076103044
2.0,3.9043884942934204,1.0,ST,2.0,10000.0,0.052734616063846176
2.0,4.1156589411488556,1.0,ST,2.0,10000.0,0.05140331829562281
2.0,4.338361447539279,1.0,ST,2.0,10000.0,0.04999645057361074
2.0,4.573114613875481,1.0,ST,2.0,10000.0,0.04852955261020851
2.0,4.820570513667911,1.0,ST,2.0,10000.0,0.04701637031874791
2.0,5.0814165047902815,1.0,ST,2.0,10000.0,0.04546990187860396
2.0,5.356377138752477,1.0,ST,2.0,10000.0,0.04390190632344636
2.0,5.389452332657201,1.0,ST,2.0,10000.0,0.04371785544564705
2.0,5.646216173286171,1.0,ST,2.0,10000.0,0.04232280246188887
2.0,5.9517386938335095,1.0,ST,2.0,10000.0,0.04074194491162076
2.0,6.273793349831704,1.0,ST,2.0,10000.0,0.039167548326857635
2.0,6.613274712005288,1.0,ST,2.0,10000.0,0.0376069832722318
2.0,6.971125757213828,1.0,ST,2.0,10000.0,0.036066436874273605
2.0,7.3483404877573175,1.0,ST,2.0,10000.0,0.034551322117183696
2.0,7.745966692414836,1.0,ST,2.0,10000.0,0.0330661033461285
2.0,8.165108856885828,1.0,ST,2.0,10000.0,0.03161457223192191
2.0,8.606931231718361,1.0,ST,2.0,10000.0,0.030199899468838994
2.0,9.072661066246061,1.0,ST,2.0,10000.0,0.028824504213908118
2.0,9.563592017516726,1.0,ST,2.0,10000.0,0.027490307704899266
2.0,10.081087743681516,1.0,ST,2.0,10000.0,0.026198815251167344
2.0,10.626585691826111,1.0,ST,2.0,10000.0,0.024950882932019774
2.0,11.20160109076529,1.0,ST,2.0,10000.0,0.023747250918003445
2.0,11.807731159891665,1.0,ST,2.0,10000.0,0.022588117763029675
2.0,12.446659545769569,1.0,ST,2.0,10000.0,0.021473473752638975
2.0,13.120160998797505,1.0,ST,2.0,10000.0,0.02040302816239476
2.0,13.830106302929654,1.0,ST,2.0,10000.0,0.019376374156405543
2.0,14.578467472149546,1.0,ST,2.0,10000.0,0.018392770356336876
2.0,15.367323228130308,1.0,ST,2.0,10000.0,0.017451446662443183
2.0,16.198864774296695,1.0,ST,2.0,10000.0,0.01655143489206618
2.0,17.07540188232742,1.0,ST,2.0,10000.0,0.015691731930718794
2.0,17.999369308004486,1.0,ST,2.0,10000.0,0.01487122209485061
2.0,18.973333554230518,1.0,ST,2.0,10000.0,0.01408869709642245
2.0,20.000000000000004,1.0,ST,2.0,10000.0,0.01334296249652109
2.0,3.0,1.0,ST,2.0,15000.0,0.05333314971900042
2.0,3.1623330622689494,1.0,ST,2.0,15000.0,0.052799476661948466
2.0,3.33345013223977,1.0,ST,2.0,15000.0,0.052100104909799716
2.0,3.5138265215355418,1.0,ST,2.0,15000.0,0.051253687509523464
2.0,3.703963261376446,1.0,ST,2.0,15000.0,0.0502780093405261
2.0,3.9043884942934204,1.0,ST,2.0,15000.0,0.04919076389671
2.0,4.1156589411488556,1.0,ST,2.0,15000.0,0.04800874230113888
2.0,4.338361447539279,1.0,ST,2.0,15000.0,0.04674775082068032
2.0,4.573114613875481,1.0,ST,2.0,15000.0,0.045422934571181676
2.0,4.820570513667911,1.0,ST,2.0,15000.0,0.04404776558074072
2.0,5.0814165047902815,1.0,ST,2.0,15000.0,0.04263505270130588
2.0,5.356377138752477,1.0,ST,2.0,15000.0,0.04119637460927067
2.0,5.389452332657201,1.0,ST,2.0,15000.0,0.04102712965716774
2.0,5.646216173286171,1.0,ST,2.0,15000.0,0.03974209025101921
2.0,5.9517386938335095,1.0,ST,2.0,15000.0,0.03828148708182789
2.0,6.273793349831704,1.0,ST,2.0,15000.0,0.03682280498264211
2.0,6.613274712005288,1.0,ST,2.0,15000.0,0.03537340927827977
2.0,6.971125757213828,1.0,ST,2.0,15000.0,0.03393955811542486
2.0,7.3483404877573175,1.0,ST,2.0,15000.0,0.03252672510370063
2.0,7.745966692414836,1.0,ST,2.0,15000.0,0.031139467427693617
2.0,8.165108856885828,1.0,ST,2.0,15000.0,0.029781674267900522
2.0,8.606931231718361,1.0,ST,2.0,15000.0,0.028456643060863318
2.0,9.072661066246061,1.0,ST,2.0,15000.0,0.027166897956047965
2.0,9.563592017516726,1.0,ST,2.0,15000.0,0.02591448972138688
2.0,10.081087743681516,1.0,ST,2.0,15000.0,0.02470105879239003
2.0,10.626585691826111,1.0,ST,2.0,15000.0,0.02352759353923211
2.0,11.20160109076529,1.0,ST,2.0,15000.0,0.022394962554412406
2.0,11.807731159891665,1.0,ST,2.0,15000.0,0.021303499260779242
2.0,12.446659545769569,1.0,ST,2.0,15000.0,0.02025332254657038
2.0,13.120160998797505,1.0,ST,2.0,15000.0,0.019244276113875452
2.0,13.830106302929654,1.0,ST,2.0,15000.0,0.0182760801269786
2.0,14.578467472149546,1.0,ST,2.0,15000.0,0.017348116194120224
2.0,15.367323228130308,1.0,ST,2.0,15000.0,0.0164597370623231
2.0,16.198864774296695,1.0,ST,2.0,15000.0,0.015610095294423334
2.0,17.07540188232742,1.0,ST,2.0,15000.0,0.014798297348895423
2.0,17.999369308004486,1.0,ST,2.0,15000.0,0.014023345150965932
2.0,18.973333554230518,1.0,ST,2.0,15000.0,0.01328413274201924
2.0,20.000000000000004,1.0,ST,2.0,15000.0,0.012579569297690201
2.0,3.0,1.0,PS,0.5,8000.0,0.07819148497117544
2.0,3.1623330622689494,1.0,PS,0.5,8000.0,0.077380036127933
2.0,3.33345013223977,1.0,PS,0.5,8000.0,0.07630076423673939
2.0,3.5138265215355418,1.0,PS,0.5,8000.0,0.07498543814650989
2.0,3.703963261376446,1.0,PS,0.5,8000.0,0.07346454120979112
2.0,3.9043884942934204,1.0,PS,0.5,8000.0,0.07176814506470891
2.0,4.1156589411488556,1.0,PS,0.5,8000.0,0.0699247244976127
2.0,4.338361447539279,1.0,PS,0.5,8000.0,0.06796081263672522
2.0,4.573114613875481,1.0,PS,0.5,8000.0,0.06590168245496482
2.0,4.820570513667911,1.0,PS,0.5,8000.0,0.06376968477474448
2.0,5.0814165047902815,1.0,PS,0.5,8000.0,0.061585723435652384
2.0,5.356377138752477,1.0,PS,0.5,8000.0,0.05936862938502585
2.0,5.389452332657201,1.0,PS,0.5,8000.0,0.059108305001255634
2.0,5.646216173286171,1.0,PS,0.5,8000.0,0.05713493017686342
2.0,5.9517386938335095,1.0,PS,0.5,8000.0,0.054899357032955974
2.0,6.273793349831704,1.0,PS,0.5,8000.0,0.052674677413011496
2.0,6.613274712005288,1.0,PS,0.5,8000.0,0.05047222919533419
2.0,6.971125757213828,1.0,PS,0.5,8000.0,0.04830141065002608
2.0,7.3483404877573175,1.0,PS,0.5,8000.0,0.04617031180362452
2.0,7.745966692414836,1.0,PS,0.5,8000.0,0.044085518688021096
2.0,8.165108856885828,1.0,PS,0.5,8000.0,0.04205251776968398
2.0,8.606931231718361,1.0,PS,0.5,8000.0,0.04007576127726592
2.0,9.072661066246061,1.0,PS,0.5,8000.0,0.03815856998986626
2.0,9.563592017516726,1.0,PS,0.5,8000.0,0.03630349224388226
2.0,10.081087743681516,1.0,PS,0.5,8000.0,0.03451239203927495
2.0,10.626585691826111,1.0,PS,0.5,8000.0,0.03278620499563722
2.0,11.20160109076529,1.0,PS,0.5,8000.0,0.03112568371356477
2.0,11.807731159891665,1.0,PS,0.5,8000.0,0.029530773461421758
2.0,12.446659545769569,1.0,PS,0.5,8000.0,0.02800112815165841
2.0,13.120160998797505,1.0,PS,0.5,8000.0,0.02653601940951887
2.0,13.830106302929654,1.0,PS,0.5,8000.0,0.02513453484282348
2.0,14.578467472149546,1.0,PS,0.5,8000.0,0.023795334528776635
2.0,15.367323228130308,1.0,PS,0.5,8000.0,0.02251702789806471
2.0,16.198864774296695,1.0,PS,0.5,8000.0,0.02129796516709822
2.0,17.07540188232742,1.0,PS,0.5,8000.0,0.020136477428312375
2.0,17.999369308004486,1.0,PS,0.5,8000.0,0.01903074877260231
2.0,18.973333554230518,1.0,PS,0.5,8000.0,0.01797885653665085
2.0,20.000000000000004,1.0,PS,0.5,8000.0,0.01697891297974613
2.0,3.0,1.0,PS,0.5,10000.0,0.07540501931819164
2.0,3.1623330622689494,1.0,PS,0.5,10000.0,0.0747056267475245
2.0,3.33345013223977,1.0,PS,0.5,10000.0,0.0737385383595708
2.0,3.5138265215355418,1.0,PS,0.5,10000.0,0.07253466542459401
2.0,3.703963261376446,1.0,PS,0.5,10000.0,0.07112376553826667
2.0,3.9043884942934204,1.0,PS,0.5,10000.0,0.06953532686064264
2.0,4.1156589411488556,1.0,PS,0.5,10000.0,0.0677973447579416
2.0,4.338361447539279,1.0,PS,0.5,10000.0,0.06593600837897193
2.0,4.573114613875481,1.0,PS,0.5,10000.0,0.06397630659189628
2.0,4.820570513667911,1.0,PS,0.5,10000.0,0.06194039527955566
2.0,5.0814165047902815,1.0,PS,0.5,10000.0,0.059849051494203775
2.0,5.356377138752477,1.0,PS,0.5,10000.0,0.05772100915402091
2.0,5.389452332657201,1.0,PS,0.5,10000.0,0.057470850187725075
2.0,5.646216173286171,1.0,PS,0.5,10000.0,0.055572775205128974
2.0,5.9517386938335095,1.0,PS,0.5,10000.0,0.05341906193732077
2.0,6.273793349831704,1.0,PS,0.5,10000.0,0.05127268967803765
2.0,6.613274712005288,1.0,PS,0.5,10000.0,0.049145031137651674
2.0,6.971125757213828,1.0,PS,0.5,10000.0,0.04704556596413302
2.0,7.3483404877573175,1.0,PS,0.5,10000.0,0.04498246701397831
2.0,7.745966692414836,1.0,PS,0.5,10000.0,0.042962419380691834
2.0,8.165108856885828,1.0,PS,0.5,10000.0,0.0409910078603816
2.0,8.606931231718361,1.0,PS,0.5,10000.0,0.03907280869727624
2.0,9.072661066246061,1.0,PS,0.5,10000.0,0.03721124535131282
2.0,9.563592017516726,1.0,PS,0.5,10000.0,0.035408985358452896
2.0,10.081087743681516,1.0,PS,0.5,10000.0,0.033668011641982354
2.0,10.626585691826111,1.0,PS,0.5,10000.0,0.03198937454111436
2.0,11.20160109076529,1.0,PS,0.5,10000.0,0.030373940885498472
2.0,11.807731159891665,1.0,PS,0.5,10000.0,0.028821767193532605
2.0,12.446659545769569,1.0,PS,0.5,10000.0,0.027332616406108665
2.0,13.120160998797505,1.0,PS,0.5,10000.0,0.02590586604665661
2.0,13.830106302929654,1.0,PS,0.5,10000.0,0.02454070843036899
2.0,14.578467472149546,1.0,PS,0.5,10000.0,0.023235899991451314
2.0,15.367323228130308,1.0,PS,0.5,10000.0,0.021990146900837056
2.0,16.198864774296695,1.0,PS,0.5,10000.0,0.02080189037753329
2.0,17.07540188232742,1.0,PS,0.5,10000.0,0.01966954788490894
2.0,17.999369308004486,1.0,PS,0.5,10000.0,0.01859138965125711
2.0,18.973333554230518,1.0,PS,0.5,10000.0,0.017565569744993913
2.0,20.000000000000004,1.0,PS,0.5,10000.0,0.016590277622592207
2.0,3.0,1.0,PS,0.5,15000.0,0.06892445258009251
2.0,3.1623330622689494,1.0,PS,0.5,15000.0,0.06846621612889453
2.0,3.33345013223977,1.0,PS,0.5,15000.0,0.06774278045859894
2.0,3.5138265215355418,1.0,PS,0.5,15000.0,0.06678289436066473
2.0,3.703963261376446,1.0,PS,0.5,15000.0,0.06561442623008433
2.0,3.9043884942934204,1.0,PS,0.5,15000.0,0.06426534539437109
2.0,4.1156589411488556,1.0,PS,0.5,15000.0,0.0627623621903878
2.0,4.338361447539279,1.0,PS,0.5,15000.0,0.06113072644843932
2.0,4.573114613875481,1.0,PS,0.5,15000.0,0.05939461262116905
2.0,4.820570513667911,1.0,PS,0.5,15000.0,0.057575594985934495
2.0,5.0814165047902815,1.0,PS,0.5,15000.0,0.05569404719604744
2.0,5.356377138752477,1.0,PS,0.5,15000.0,0.05376835528094479
2.0,5.389452332657201,1.0,PS,0.5,15000.0,0.053541329982141186
2.0,5.646216173286171,1.0,PS,0.5,15000.0,0.05181488799511629
2.0,5.9517386938335095,1.0,PS,0.5,15000.0,0.04984823717085509
2.0,6.273793349831704,1.0,PS,0.5,15000.0,0.047881259626014194
2.0,6.613274712005288,1.0,PS,0.5,15000.0,0.04592534075408144
2.0,6.971125757213828,1.0,PS,0.5,15000.0,0.04399009381417609
2.0,7.3483404877573175,1.0,PS,0.5,15000.0,0.04208382251399278
2.0,7.745966692414836,1.0,PS,0.5,15000.0,0.04021339429706247
2.0,8.165108856885828,1.0,PS,0.5,15000.0,0.03838458967263585
2.0,8.606931231718361,1.0,PS,0.5,15000.0,0.036602226580631586
2.0,9.072661066246061,1.0,PS,0.5,15000.0,0.03486993877258103
2.0,9.563592017516726,1.0,PS,0.5,15000.0,0.03319063900752464
2.0,10.081087743681516,1.0,PS,0.5,15000.0,0.031566565247121356
2.0,10.626585691826111,1.0,PS,0.5,15000.0,0.029999013170843934
2.0,11.20160109076529,1.0,PS,0.5,15000.0,0.028489091372101958
2.0,11.807731159891665,1.0,PS,0.5,15000.0,0.027037102192867056
2.0,12.446659545769569,1.0,PS,0.5,15000.0,0.02564304344768093
2.0,13.120160998797505,1.0,PS,0.5,15000.0,0.02430653197174901
2.0,13.830106302929654,1.0,PS,0.5,15000.0,0.023026988278051875
2.0,14.578467472149546,1.0,PS,0.5,15000.0,0.02180338493724623
2.0,15.367323228130308,1.0,PS,0.5,15000.0,0.020634643151357414
2.0,16.198864774296695,1.0,PS,0.5,15000.0,0.019519412035934058
2.0,17.07540188232742,1.0,PS,0.5,15000.0,0.018456299108760277
2.0,17.999369308004486,1.0,PS,0.5,15000.0,0.017443772742897542
2.0,18.973333554230518,1.0,PS,0.5,15000.0,0.016480160458224744
2.0,20.000000000000004,1.0,PS,0.5,15000.0,0.01556382554777158
2.0,3.0,1.0,PS,1.0,8000.0,0.08010574780621096
2.0,3.1623330622689494,1.0,PS,1.0,8000.0,0.07943336917825836
2.0,3.33345013223977,1.0,PS,1.0,8000.0,0.07848481941179539
2.0,3.5138265215355418,1.0,PS,1.0,8000.0,0.0772903212054478
2.0,3.703963261376446,1.0,PS,1.0,8000.0,0.07587911576902362
2.0,3.9043884942934204,1.0,PS,1.0,8000.0,0.07428035955630165
2.0,4.1156589411488556,1.0,PS,1.0,8000.0,0.07252191430313353
2.0,4.338361447539279,1.0,PS,1.0,8000.0,0.07062999019772688
2.0,4.573114613875481,1.0,PS,1.0,8000.0,0.06862980052603534
2.0,4.820570513667911,1.0,PS,1.0,8000.0,0.06654385400228564
2.0,5.0814165047902815,1.0,PS,1.0,8000.0,0.06439341958420874
2.0,5.356377138752477,1.0,PS,1.0,8000.0,0.06219784617422457
2.0,5.389452332657201,1.0,PS,1.0,8000.0,0.06193927857014112
2.0,5.646216173286171,1.0,PS,1.0,8000.0,0.059974304805172504
2.0,5.9517386938335095,1.0,PS,1.0,8000.0,0.05773826146512569
2.0,6.273793349831704,1.0,PS,1.0,8000.0,0.055503284763300846
2.0,6.613274712005288,1.0,PS,1.0,8000.0,0.05328156255355646
2.0,6.971125757213828,1.0,PS,1.0,8000.0,0.051083348059931304
2.0,7.3483404877573175,1.0,PS,1.0,8000.0,0.048917600603544345
2.0,7.745966692414836,1.0,PS,1.0,8000.0,0.04679174305605283
2.0,8.165108856885828,1.0,PS,1.0,8000.0,0.04471208025177495
2.0,8.606931231718361,1.0,PS,1.0,8000.0,0.042683852925925914
2.0,9.072661066246061,1.0,PS,1.0,8000.0,0.04071112283621218
2.0,9.563592017516726,1.0,PS,1.0,8000.0,0.0387971193766294
2.0,10.081087743681516,1.0,PS,1.0,8000.0,0.036944359049281
2.0,10.626585691826111,1.0,PS,1.0,8000.0,0.03515436129800428
2.0,11.20160109076529,1.0,PS,1.0,8000.0,0.033428407695270695
2.0,11.807731159891665,1.0,PS,1.0,8000.0,0.031766933577537806
2.0,12.446659545769569,1.0,PS,1.0,8000.0,0.030170028400409
2.0,13.120160998797505,1.0,PS,1.0,8000.0,0.028637344962979615
2.0,13.830106302929654,1.0,PS,1.0,8000.0,0.027168319354686984
2.0,14.578467472149546,1.0,PS,1.0,8000.0,0.025761903315338102
2.0,15.367323228130308,1.0,PS,1.0,8000.0,0.024416969757507533
2.0,16.198864774296695,1.0,PS,1.0,8000.0,0.023132095469936415
2.0,17.07540188232742,1.0,PS,1.0,8000.0,0.02190580042243172
2.0,17.999369308004486,1.0,PS,1.0,8000.0,0.020736428096414985
2.0,18.973333554230518,1.0,PS,1.0,8000.0,0.019622190835792655
2.0,20.000000000000004,1.0,PS,1.0,8000.0,0.01856131052502663
2.0,3.0,1.0,PS,1.0,10000.0,0.0772670947930241
2.0,3.1623330622689494,1.0,PS,1.0,10000.0,0.07670689883665112
2.0,3.33345013223977,1.0,PS,1.0,10000.0,0.07587072846331248
2.0,3.5138265215355418,1.0,PS,1.0,10000.0,0.07478793929620195
2.0,3.703963261376446,1.0,PS,1.0,10000.0,0.07348703795438617
2.0,3.9043884942934204,1.0,PS,1.0,10000.0,0.07199658967546939
2.0,4.1156589411488556,1.0,PS,1.0,10000.0,0.07034396962796445
2.0,4.338361447539279,1.0,PS,1.0,10000.0,0.06855503847048142
2.0,4.573114613875481,1.0,PS,1.0,10000.0,0.0666547199685937
2.0,4.820570513667911,1.0,PS,1.0,10000.0,0.06466532351190718
2.0,5.0814165047902815,1.0,PS,1.0,10000.0,0.06260798765632823
2.0,5.356377138752477,1.0,PS,1.0,10000.0,0.0605019606075225
2.0,5.389452332657201,1.0,PS,1.0,10000.0,0.06025361688943915
2.0,5.646216173286171,1.0,PS,1.0,10000.0,0.0583643905148697
2.0,5.9517386938335095,1.0,PS,1.0,10000.0,0.05621072159215645
2.0,6.273793349831704,1.0,PS,1.0,10000.0,0.05405457418725676
2.0,6.613274712005288,1.0,PS,1.0,10000.0,0.051908168890668675
2.0,6.971125757213828,1.0,PS,1.0,10000.0,0.04978183940997098
2.0,7.3483404877573175,1.0,PS,1.0,10000.0,0.04768462684614278
2.0,7.745966692414836,1.0,PS,1.0,10000.0,0.045624052497111524
2.0,8.165108856885828,1.0,PS,1.0,10000.0,0.04360651873036378
2.0,8.606931231718361,1.0,PS,1.0,10000.0,0.041637390514314705
2.0,9.072661066246061,1.0,PS,1.0,10000.0,0.03972083162041186
2.0,9.563592017516726,1.0,PS,1.0,10000.0,0.03786019070427656
2.0,10.081087743681516,1.0,PS,1.0,10000.0,0.03605810334571789
2.0,10.626585691826111,1.0,PS,1.0,10000.0,0.03431620379080667
2.0,11.20160109076529,1.0,PS,1.0,10000.0,0.03263588804404152
2.0,11.807731159891665,1.0,PS,1.0,10000.0,0.031017702900794808
2.0,12.446659545769569,1.0,PS,1.0,10000.0,0.02946184713307104
2.0,13.120160998797505,1.0,PS,1.0,10000.0,0.027968079737616666
2.0,13.830106302929654,1.0,PS,1.0,10000.0,0.026535941993537083
2.0,14.578467472149546,1.0,PS,1.0,10000.0,0.025164482188640716
2.0,15.367323228130308,1.0,PS,1.0,10000.0,0.02385267043484638
2.0,16.198864774296695,1.0,PS,1.0,10000.0,0.022599174850284762
2.0,17.07540188232742,1.0,PS,1.0,10000.0,0.021402602036394866
2.0,17.999369308004486,1.0,PS,1.0,10000.0,0.02026138212017693
2.0,18.973333554230518,1.0,PS,1.0,10000.0,0.019173804221292952
2.0,20.000000000000004,1.0,PS,1.0,10000.0,0.01813816776110055
2.0,3.0,1.0,PS,1.0,15000.0,0.07075329737589374
2.0,3.1623330622689494,1.0,PS,1.0,15000.0,0.07043421303127514
2.0,3.33345013223977,1.0,PS,1.0,15000.0,0.06984169739590335
2.0,3.5138265215355418,1.0,PS,1.0,15000.0,0.06900293749035964
2.0,3.703963261376446,1.0,PS,1.0,15000.0,0.06794454476152634
2.0,3.9043884942934204,1.0,PS,1.0,15000.0,0.06669356049140371
2.0,4.1156589411488556,1.0,PS,1.0,15000.0,0.06527606994856262
2.0,4.338361447539279,1.0,PS,1.0,15000.0,0.06371699072428672
2.0,4.573114613875481,1.0,PS,1.0,15000.0,0.062040428334384015
2.0,4.820570513667911,1.0,PS,1.0,15000.0,0.060268107465004495
2.0,5.0814165047902815,1.0,PS,1.0,15000.0,0.05842076073666043
2.0,5.356377138752477,1.0,PS,1.0,15000.0,0.05651728570538646
2.0,5.389452332657201,1.0,PS,1.0,15000.0,0.05629209958749759
2.0,5.646216173286171,1.0,PS,1.0,15000.0,0.05457469063268405
2.0,5.9517386938335095,1.0,PS,1.0,15000.0,0.05260829724589707
2.0,6.273793349831704,1.0,PS,1.0,15000.0,0.050631761328783
2.0,6.613274712005288,1.0,PS,1.0,15000.0,0.04865731454451561
2.0,6.971125757213828,1.0,PS,1.0,15000.0,0.04669542344613185
2.0,7.3483404877573175,1.0,PS,1.0,15000.0,0.04475525900449526
2.0,7.745966692414836,1.0,PS,1.0,15000.0,0.04284452422845094
2.0,8.165108856885828,1.0,PS,1.0,15000.0,0.0409698165712236
2.0,8.606931231718361,1.0,PS,1.0,15000.0,0.03913674254881783
2.0,9.072661066246061,1.0,PS,1.0,15000.0,0.03734967564293243
2.0,9.563592017516726,1.0,PS,1.0,15000.0,0.03561220957208611
2.0,10.081087743681516,1.0,PS,1.0,15000.0,0.03392723494420825
2.0,10.626585691826111,1.0,PS,1.0,15000.0,0.03229663126747031
2.0,11.20160109076529,1.0,PS,1.0,15000.0,0.03072203625940434
2.0,11.807731159891665,1.0,PS,1.0,15000.0,0.02920424262121597
2.0,12.446659545769569,1.0,PS,1.0,15000.0,0.02774368403218879
2.0,13.120160998797505,1.0,PS,1.0,15000.0,0.026340359021383885
2.0,13.830106302929654,1.0,PS,1.0,15000.0,0.024994037266582666
2.0,14.578467472149546,1.0,PS,1.0,15000.0,0.0237039833110628
2.0,15.367323228130308,1.0,PS,1.0,15000.0,0.022469382567979323
2.0,16.198864774296695,1.0,PS,1.0,15000.0,0.0212891113504946
2.0,17.07540188232742,1.0,PS,1.0,15000.0,0.020161966438958224
2.0,17.999369308004486,1.0,PS,1.0,15000.0,0.01908657657922341
2.0,18.973333554230518,1.0,PS,1.0,15000.0,0.01806140446056829
2.0,20.000000000000004,1.0,PS,1.0,15000.0,0.01708492365816151
2.0,3.0,1.0,PS,2.0,8000.0,0.08151500966474493
2.0,3.1623330622689494,1.0,PS,2.0,8000.0,0.08096908311036093
2.0,3.33345013223977,1.0,PS,2.0,8000.0,0.08014281818209226
2.0,3.5138265215355418,1.0,PS,2.0,8000.0,0.07906476172042522
2.0,3.703963261376446,1.0,PS,2.0,8000.0,0.07776268737360942
2.0,3.9043884942934204,1.0,PS,2.0,8000.0,0.07626453167064583
2.0,4.1156589411488556,1.0,PS,2.0,8000.0,0.074597179640796
2.0,4.338361447539279,1.0,PS,2.0,8000.0,0.07278612496466133
2.0,4.573114613875481,1.0,PS,2.0,8000.0,0.07085610663407033
2.0,4.820570513667911,1.0,PS,2.0,8000.0,0.06882938915168013
2.0,5.0814165047902815,1.0,PS,2.0,8000.0,0.06672720333254749
2.0,5.356377138752477,1.0,PS,2.0,8000.0,0.06456904468341604
2.0,5.389452332657201,1.0,PS,2.0,8000.0,0.06431415099147689
2.0,5.646216173286171,1.0,PS,2.0,8000.0,0.06237238711923763
2.0,5.9517386938335095,1.0,PS,2.0,8000.0,0.060153122756567895
2.0,6.273793349831704,1.0,PS,2.0,8000.0,0.05792535263437198
2.0,6.613274712005288,1.0,PS,2.0,8000.0,0.05570188238167067
2.0,6.971125757213828,1.0,PS,2.0,8000.0,0.05349362543651169
2.0,7.3483404877573175,1.0,PS,2.0,8000.0,0.05131024949286818
2.0,7.745966692414836,1.0,PS,2.0,8000.0,0.049159888130788316
2.0,8.165108856885828,1.0,PS,2.0,8000.0,0.04704956667377915
2.0,8.606931231718361,1.0,PS,2.0,8000.0,0.04498524119511105
2.0,9.072661066246061,1.0,PS,2.0,8000.0,0.042971668014783686
2.0,9.563592017516726,1.0,PS,2.0,8000.0,0.041012725094018064
2.0,10.081087743681516,1.0,PS,2.0,8000.0,0.03911156805833712
2.0,10.626585691826111,1.0,PS,2.0,8000.0,0.03727030191413849
2.0,11.20160109076529,1.0,PS,2.0,8000.0,0.03549074631967447
2.0,11.807731159891665,1.0,PS,2.0,8000.0,0.03377384704743953
2.0,12.446659545769569,1.0,PS,2.0,8000.0,0.03212015344401197
2.0,13.120160998797505,1.0,PS,2.0,8000.0,0.030529729359656636
2.0,13.830106302929654,1.0,PS,2.0,8000.0,0.029002392228809314
2.0,14.578467472149546,1.0,PS,2.0,8000.0,0.027537422089494508
2.0,15.367323228130308,1.0,PS,2.0,8000.0,0.026133990068501232
2.0,16.198864774296695,1.0,PS,2.0,8000.0,0.024790935919674073
2.0,17.07540188232742,1.0,PS,2.0,8000.0,0.023507002730501932
2.0,17.999369308004486,1.0,PS,2.0,8000.0,0.022280729615029853
2.0,18.973333554230518,1.0,PS,2.0,8000.0,0.02111049627773415
2.0,20.000000000000004,1.0,PS,2.0,8000.0,0.019994665702641735
2.0,3.0,1.0,PS,2.0,10000.0,0.07864942712818729
2.0,3.1623330622689494,1.0,PS,2.0,10000.0,0.07821571536394646
2.0,3.33345013223977,1.0,PS,2.0,10000.0,0.07750189631776007
2.0,3.5138265215355418,1.0,PS,2.0,10000.0,0.0765356449065013
2.0,3.703963261376446,1.0,PS,2.0,10000.0,0.07534399566788483
2.0,3.9043884942934204,1.0,PS,2.0,10000.0,0.07395428994728132
2.0,4.1156589411488556,1.0,PS,2.0,10000.0,0.07239292253135524
2.0,4.338361447539279,1.0,PS,2.0,10000.0,0.07068503471239698
2.0,4.573114613875481,1.0,PS,2.0,10000.0,0.0688550731614576
2.0,4.820570513667911,1.0,PS,2.0,10000.0,0.06692510078159844
2.0,5.0814165047902815,1.0,PS,2.0,10000.0,0.06491621610338279
2.0,5.356377138752477,1.0,PS,2.0,10000.0,0.06284781201710753
2.0,5.389452332657201,1.0,PS,2.0,10000.0,0.06260316679182414
2.0,5.646216173286171,1.0,PS,2.0,10000.0,0.060737338355351646
2.0,5.9517386938335095,1.0,PS,2.0,10000.0,0.058600663956304345
2.0,6.273793349831704,1.0,PS,2.0,10000.0,0.05645194098940035
2.0,6.613274712005288,1.0,PS,2.0,10000.0,0.05430400669754425
2.0,6.971125757213828,1.0,PS,2.0,10000.0,0.05216785450941541
2.0,7.3483404877573175,1.0,PS,2.0,10000.0,0.05005323332105197
2.0,7.745966692414836,1.0,PS,2.0,10000.0,0.04796837477898852
2.0,8.165108856885828,1.0,PS,2.0,10000.0,0.04592040129209956
2.0,8.606931231718361,1.0,PS,2.0,10000.0,0.04391539326214793
2.0,9.072661066246061,1.0,PS,2.0,10000.0,0.04195820864510978
2.0,9.563592017516726,1.0,PS,2.0,10000.0,0.040052844678775165
2.0,10.081087743681516,1.0,PS,2.0,10000.0,0.03820257613500422
2.0,10.626585691826111,1.0,PS,2.0,10000.0,0.03640962285687905
2.0,11.20160109076529,1.0,PS,2.0,10000.0,0.0346759190398126
2.0,11.807731159891665,1.0,PS,2.0,10000.0,0.033002522029590226
2.0,12.446659545769569,1.0,PS,2.0,10000.0,0.031390090654738766
2.0,13.120160998797505,1.0,PS,2.0,10000.0,0.029838795142722096
2.0,13.830106302929654,1.0,PS,2.0,10000.0,0.02834855840926662
2.0,14.578467472149546,1.0,PS,2.0,10000.0,0.026918757181120925
2.0,15.367323228130308,1.0,PS,2.0,10000.0,0.025548660086199104
2.0,16.198864774296695,1.0,PS,2.0,10000.0,0.024237198448809304
2.0,17.07540188232742,1.0,PS,2.0,10000.0,0.02298320220627165
2.0,17.999369308004486,1.0,PS,2.0,10000.0,0.02178529749157217
2.0,18.973333554230518,1.0,PS,2.0,10000.0,0.020641940910614408
2.0,20.000000000000004,1.0,PS,2.0,10000.0,0.01955157329510086
2.0,3.0,1.0,PS,2.0,15000.0,0.07211887309160216
2.0,3.1623330622689494,1.0,PS,2.0,15000.0,0.0719262448209756
2.0,3.33345013223977,1.0,PS,2.0,15000.0,0.07145607555047485
2.0,3.5138265215355418,1.0,PS,2.0,15000.0,0.07073386851209351
2.0,3.703963261376446,1.0,PS,2.0,15000.0,0.06978476006307788
2.0,3.9043884942934204,1.0,PS,2.0,15000.0,0.06863456501015747
2.0,4.1156589411488556,1.0,PS,2.0,15000.0,0.06730838578163238
2.0,4.338361447539279,1.0,PS,2.0,15000.0,0.0658304187079224
2.0,4.573114613875481,1.0,PS,2.0,15000.0,0.0642242902700301
2.0,4.820570513667911,1.0,PS,2.0,15000.0,0.06251147709681829
2.0,5.0814165047902815,1.0,PS,2.0,15000.0,0.06071267049437281
2.0,5.356377138752477,1.0,PS,2.0,15000.0,0.058846911298236965
2.0,5.389452332657201,1.0,PS,2.0,15000.0,0.05862543469241509
2.0,5.646216173286171,1.0,PS,2.0,15000.0,0.05693150858474818
2.0,5.9517386938335095,1.0,PS,2.0,15000.0,0.0549822076663865
2.0,6.273793349831704,1.0,PS,2.0,15000.0,0.053013195601416103
2.0,6.613274712005288,1.0,PS,2.0,15000.0,0.05103731987416214
2.0,6.971125757213828,1.0,PS,2.0,15000.0,0.0490657063543575
2.0,7.3483404877573175,1.0,PS,2.0,15000.0,0.047108233292301585
2.0,7.745966692414836,1.0,PS,2.0,15000.0,0.045173313701892225
2.0,8.165108856885828,1.0,PS,2.0,15000.0,0.04326826473829321
2.0,8.606931231718361,1.0,PS,2.0,15000.0,0.04139940825430204
2.0,9.072661066246061,1.0,PS,2.0,15000.0,0.03957181159697925
2.0,9.563592017516726,1.0,PS,2.0,15000.0,0.03778971696125546
2.0,10.081087743681516,1.0,PS,2.0,15000.0,0.03605665411656458
2.0,10.626585691826111,1.0,PS,2.0,15000.0,0.03437508810168795
2.0,11.20160109076529,1.0,PS,2.0,15000.0,0.032747194771600326
2.0,11.807731159891665,1.0,PS,2.0,15000.0,0.0311742773912338
2.0,12.446659545769569,1.0,PS,2.0,15000.0,0.029657229683874353
2.0,13.120160998797505,1.0,PS,2.0,15000.0,0.028196461491655913
2.0,13.830106302929654,1.0,PS,2.0,15000.0,0.026792124200834152
2.0,14.578467472149546,1.0,PS,2.0,15000.0,0.025443810822339555
2.0,15.367323228130308,1.0,PS,2.0,15000.0,0.02415100539149746
2.0,16.198864774296695,1.0,PS,2.0,15000.0,0.022912847547912656
2.0,17.07540188232742,1.0,PS,2.0,15000.0,0.02172835743800148
2.0,17.999369308004486,1.0,PS,2.0,15000.0,0.020596360024497228
2.0,18.973333554230518,1.0,PS,2.0,15000.0,0.019515485509269268
2.0,20.000000000000004,1.0,PS,2.0,15000.0,0.01848434900770818
2.0,3.0,1.2,ST,0.5,8000.0,0.06054338147587497
2.0,3.1623330622689494,1.2,ST,0.5,8000.0,0.059210297214555056
2.0,3.33345013223977,1.2,ST,0.5,8000.0,0.05775121375467697
2.0,3.5138265215355418,1.2,ST,0.5,8000.0,0.05618836077970814
2.0,3.703963261376446,1.2,ST,0.5,8000.0,0.05454196611978581
2.0,3.9043884942934204,1.2,ST,0.5,8000.0,0.05283103579091883
2.0,4.1156589411488556,1.2,ST,0.5,8000.0,0.05107282374219412
2.0,4.338361447539279,1.2,ST,0.5,8000.0,0.04928272551758657
2.0,4.573114613875481,1.2,ST,0.5,8000.0,0.04747492765506623
2.0,4.820570513667911,1.2,ST,0.5,8000.0,0.04566140483556146
2.0,5.0814165047902815,1.2,ST,0.5,8000.0,0.043853064859994004
2.0,5.356377138752477,1.2,ST,0.5,8000.0,0.04205936662569585
2.0,5.389452332657201,1.2,ST,0.5,8000.0,0.04185120402180885
2.0,5.646216173286171,1.2,ST,0.5,8000.0,0.04028826961213126
2.0,5.9517386938335095,1.2,ST,0.5,8000.0,0.03854662836473376
2.0,6.273793349831704,1.2,ST,0.5,8000.0,0.03684010429423068
2.0,6.613274712005288,1.2,ST,0.5,8000.0,0.035173553336380795
2.0,6.971125757213828,1.2,ST,0.5,8000.0,0.03355072132278827
2.0,7.3483404877573175,1.2,ST,0.5,8000.0,0.03197465359366509
2.0,7.745966692414836,1.2,ST,0.5,8000.0,0.030447585346843376
2.0,8.165108856885828,1.2,ST,0.5,8000.0,0.02897119525501345
2.0,8.606931231718361,1.2,ST,0.5,8000.0,0.02754665144967555
2.0,9.072661066246061,1.2,ST,0.5,8000.0,0.02617453427440797
2.0,9.563592017516726,1.2,ST,0.5,8000.0,0.02485508352503364
2.0,10.081087743681516,1.2,ST,0.5,8000.0,0.023588221190467117
2.0,10.626585691826111,1.2,ST,0.5,8000.0,0.022373390570208845
2.0,11.20160109076529,1.2,ST,0.5,8000.0,0.021210051129197615
2.0,11.807731159891665,1.2,ST,0.5,8000.0,0.020097228903731338
2.0,12.446659545769569,1.2,ST,0.5,8000.0,0.019033868730190615
2.0,13.120160998797505,1.2,ST,0.5,8000.0,0.018018755387287654
2.0,13.830106302929654,1.2,ST,0.5,8000.0,0.017050636671597917
2.0,14.578467472149546,1.2,ST,0.5,8000.0,0.016128049935615493
2.0,15.367323228130308,1.2,ST,0.5,8000.0,0.015249570847649243
2.0,16.198864774296695,1.2,ST,0.5,8000.0,0.014413659823529854
2.0,17.07540188232742,1.2,ST,0.5,8000.0,0.0136188226176022
2.0,17.999369308004486,1.2,ST,0.5,8000.0,0.012863511599360427
2.0,18.973333554230518,1.2,ST,0.5,8000.0,0.012146150003487592
2.0,20.000000000000004,1.2,ST,0.5,8000.0,0.011465223165858624
2.0,3.0,1.2,ST,0.5,10000.0,0.05870914234950144
2.0,3.1623330622689494,1.2,ST,0.5,10000.0,0.057452185537032296
2.0,3.33345013223977,1.2,ST,0.5,10000.0,0.056068094465692664
2.0,3.5138265215355418,1.2,ST,0.5,10000.0,0.05457880359811375
2.0,3.703963261376446,1.2,ST,0.5,10000.0,0.05300429153270578
2.0,3.9043884942934204,1.2,ST,0.5,10000.0,0.051363371941432985
2.0,4.1156589411488556,1.2,ST,0.5,10000.0,0.04967314199040687
2.0,4.338361447539279,1.2,ST,0.5,10000.0,0.04794890081681303
2.0,4.573114613875481,1.2,ST,0.5,10000.0,0.046204752298256865
2.0,4.820570513667911,1.2,ST,0.5,10000.0,0.044452626398438735
2.0,5.0814165047902815,1.2,ST,0.5,10000.0,0.04270341222307285
2.0,5.356377138752477,1.2,ST,0.5,10000.0,0.04096655389099323
2.0,5.389452332657201,1.2,ST,0.5,10000.0,0.040764880669959126
2.0,5.646216173286171,1.2,ST,0.5,10000.0,0.03925003408122738
2.0,5.9517386938335095,1.2,ST,0.5,10000.0,0.03756072073314493
2.0,6.273793349831704,1.2,ST,0.5,10000.0,0.03590432768796218
2.0,6.613274712005288,1.2,ST,0.5,10000.0,0.03428574345250732
2.0,6.971125757213828,1.2,ST,0.5,10000.0,0.032708772550611574
2.0,7.3483404877573175,1.2,ST,0.5,10000.0,0.03117651498076088
2.0,7.745966692414836,1.2,ST,0.5,10000.0,0.02969126855071689
2.0,8.165108856885828,1.2,ST,0.5,10000.0,0.028254771017403812
2.0,8.606931231718361,1.2,ST,0.5,10000.0,0.02686826474599777
2.0,9.072661066246061,1.2,ST,0.5,10000.0,0.02553238897981051
2.0,9.563592017516726,1.2,ST,0.5,10000.0,0.024247452814622723
2.0,10.081087743681516,1.2,ST,0.5,10000.0,0.02301344624599164
2.0,10.626585691826111,1.2,ST,0.5,10000.0,0.021829878556852544
2.0,11.20160109076529,1.2,ST,0.5,10000.0,0.020696273973521907
2.0,11.807731159891665,1.2,ST,0.5,10000.0,0.01961172214549449
2.0,12.446659545769569,1.2,ST,0.5,10000.0,0.01857523025008924
2.0,13.120160998797505,1.2,ST,0.5,10000.0,0.017585643951947522
2.0,13.830106302929654,1.2,ST,0.5,10000.0,0.01664177111512139
2.0,14.578467472149546,1.2,ST,0.5,10000.0,0.01574220488419334
2.0,15.367323228130308,1.2,ST,0.5,10000.0,0.014885577095762595
2.0,16.198864774296695,1.2,ST,0.5,10000.0,0.0140704013337095
2.0,17.07540188232742,1.2,ST,0.5,10000.0,0.01329523385517195
2.0,17.999369308004486,1.2,ST,0.5,10000.0,0.012558578055607422
2.0,18.973333554230518,1.2,ST,0.5,10000.0,0.011858902559003466
2.0,20.000000000000004,1.2,ST,0.5,10000.0,0.011194738728370133
2.0,3.0,1.2,ST,0.5,15000.0,0.054429647156635265
2.0,3.1623330622689494,1.2,ST,0.5,15000.0,0.053341207663255424
2.0,3.33345013223977,1.2,ST,0.5,15000.0,0.052123888297011145
2.0,3.5138265215355418,1.2,ST,0.5,15000.0,0.05079886473332291
2.0,3.703963261376446,1.2,ST,0.5,15000.0,0.04938544420330946
2.0,3.9043884942934204,1.2,ST,0.5,15000.0,0.0479019294334426
2.0,4.1156589411488556,1.2,ST,0.5,15000.0,0.04636498350906459
2.0,4.338361447539279,1.2,ST,0.5,15000.0,0.044789630584825275
2.0,4.573114613875481,1.2,ST,0.5,15000.0,0.043189720705377035
2.0,4.820570513667911,1.2,ST,0.5,15000.0,0.04157703163764197
2.0,5.0814165047902815,1.2,ST,0.5,15000.0,0.03996237147650866
2.0,5.356377138752477,1.2,ST,0.5,15000.0,0.03835510080316557
2.0,5.389452332657201,1.2,ST,0.5,15000.0,0.03816823482748027
2.0,5.646216173286171,1.2,ST,0.5,15000.0,0.03676322471360672
2.0,5.9517386938335095,1.2,ST,0.5,15000.0,0.03519361760168178
2.0,6.273793349831704,1.2,ST,0.5,15000.0,0.03365208068892765
2.0,6.613274712005288,1.2,ST,0.5,15000.0,0.032143553938500304
2.0,6.971125757213828,1.2,ST,0.5,15000.0,0.03067195949052221
2.0,7.3483404877573175,1.2,ST,0.5,15000.0,0.029240499722988436
2.0,7.745966692414836,1.2,ST,0.5,15000.0,0.027851600251104426
2.0,8.165108856885828,1.2,ST,0.5,15000.0,0.026507126990989147
2.0,8.606931231718361,1.2,ST,0.5,15000.0,0.025208474583814876
2.0,9.072661066246061,1.2,ST,0.5,15000.0,0.02395641000514326
2.0,9.563592017516726,1.2,ST,0.5,15000.0,0.022751390362353158
2.0,10.081087743681516,1.2,ST,0.5,15000.0,0.021593556629179216
2.0,10.626585691826111,1.2,ST,0.5,15000.0,0.02048256334165449
2.0,11.20160109076529,1.2,ST,0.5,15000.0,0.01941807470240468
2.0,11.807731159891665,1.2,ST,0.5,15000.0,0.018399324212097026
2.0,12.446659545769569,1.2,ST,0.5,15000.0,0.017425455350335527
2.0,13.120160998797505,1.2,ST,0.5,15000.0,0.0164954539988226
2.0,13.830106302929654,1.2,ST,0.5,15000.0,0.015608260129554899
2.0,14.578467472149546,1.2,ST,0.5,15000.0,0.01476259363504905
2.0,15.367323228130308,1.2,ST,0.5,15000.0,0.01395721213058095
2.0,16.198864774296695,1.2,ST,0.5,15000.0,0.01319075190697894
2.0,17.07540188232742,1.2,ST,0.5,15000.0,0.01246188062629215
2.0,17.999369308004486,1.2,ST,0.5,15000.0,0.011769219814984593
2.0,18.973333554230518,1.2,ST,0.5,15000.0,0.011111341129232614
2.0,20.000000000000004,1.2,ST,0.5,15000.0,0.010486879638515422
2.0,3.0,1.2,ST,1.0,8000.0,0.06294763203466916
2.0,3.1623330622689494,1.2,ST,1.0,8000.0,0.06169432907224616
2.0,3.33345013223977,1.2,ST,1.0,8000.0,0.0603016272776909
2.0,3.5138265215355418,1.2,ST,1.0,8000.0,0.058791793002701244
2.0,3.703963261376446,1.2,ST,1.0,8000.0,0.057185314911893714
2.0,3.9043884942934204,1.2,ST,1.0,8000.0,0.055501662070087304
2.0,4.1156589411488556,1.2,ST,1.0,8000.0,0.05375870747948762
2.0,4.338361447539279,1.2,ST,1.0,8000.0,0.05197258531216942
2.0,4.573114613875481,1.2,ST,1.0,8000.0,0.05015831065951404
2.0,4.820570513667911,1.2,ST,1.0,8000.0,0.048328731804484236
2.0,5.0814165047902815,1.2,ST,1.0,8000.0,0.046495675935722354
2.0,5.356377138752477,1.2,ST,1.0,8000.0,0.04466951920805836
2.0,5.389452332657201,1.2,ST,1.0,8000.0,0.04445710055794863
2.0,5.646216173286171,1.2,ST,1.0,8000.0,0.0428591294074983
2.0,5.9517386938335095,1.2,ST,1.0,8000.0,0.041072242103505116
2.0,6.273793349831704,1.2,ST,1.0,8000.0,0.03931536261598711
2.0,6.613274712005288,1.2,ST,1.0,8000.0,0.03759415036615285
2.0,6.971125757213828,1.2,ST,1.0,8000.0,0.03591309518282428
2.0,7.3483404877573175,1.2,ST,1.0,8000.0,0.03427594045962451
2.0,7.745966692414836,1.2,ST,1.0,8000.0,0.03268555096301989
2.0,8.165108856885828,1.2,ST,1.0,8000.0,0.031144182231858095
2.0,8.606931231718361,1.2,ST,1.0,8000.0,0.02965352741984001
2.0,9.072661066246061,1.2,ST,1.0,8000.0,0.028214632983861246
2.0,9.563592017516726,1.2,ST,1.0,8000.0,0.026828145814770138
2.0,10.081087743681516,1.2,ST,1.0,8000.0,0.0254943584791948
2.0,10.626585691826111,1.2,ST,1.0,8000.0,0.02421302702862543
2.0,11.20160109076529,1.2,ST,1.0,8000.0,0.02298387973340696
2.0,11.807731159891665,1.2,ST,1.0,8000.0,0.021806178585271997
2.0,12.446659545769569,1.2,ST,1.0,8000.0,0.020679066053359625
2.0,13.120160998797505,1.2,ST,1.0,8000.0,0.019601486829265234
2.0,13.830106302929654,1.2,ST,1.0,8000.0,0.018572326567803898
2.0,14.578467472149546,1.2,ST,1.0,8000.0,0.01759022440944556
2.0,15.367323228130308,1.2,ST,1.0,8000.0,0.016653841914297612
2.0,16.198864774296695,1.2,ST,1.0,8000.0,0.01576170340669034
2.0,17.07540188232742,1.2,ST,1.0,8000.0,0.01491235795015202
2.0,17.999369308004486,1.2,ST,1.0,8000.0,0.01410428469117119
2.0,18.973333554230518,1.2,ST,1.0,8000.0,0.013335922159131649
2.0,20.000000000000004,1.2,ST,1.0,8000.0,0.012605758117635313
2.0,3.0,1.2,ST,1.0,10000.0,0.06107904466293876
2.0,3.1623330622689494,1.2,ST,1.0,10000.0,0.05990199653887109
2.0,3.33345013223977,1.2,ST,1.0,10000.0,0.05858443941368547
2.0,3.5138265215355418,1.2,ST,1.0,10000.0,0.05714834112912667
2.0,3.703963261376446,1.2,ST,1.0,10000.0,0.055613938006515456
2.0,3.9043884942934204,1.2,ST,1.0,10000.0,0.05400050411961425
2.0,4.1156589411488556,1.2,ST,1.0,10000.0,0.05232575317622292
2.0,4.338361447539279,1.2,ST,1.0,10000.0,0.05060572124416703
2.0,4.573114613875481,1.2,ST,1.0,10000.0,0.048855338905523564
2.0,4.820570513667911,1.2,ST,1.0,10000.0,0.04708740836731113
2.0,5.0814165047902815,1.2,ST,1.0,10000.0,0.04531373706753604
2.0,5.356377138752477,1.2,ST,1.0,10000.0,0.04354468511110061
2.0,5.389452332657201,1.2,ST,1.0,10000.0,0.04333878709367372
2.0,5.646216173286171,1.2,ST,1.0,10000.0,0.04178914298740522
2.0,5.9517386938335095,1.2,ST,1.0,10000.0,0.04005485864214139
2.0,6.273793349831704,1.2,ST,1.0,10000.0,0.03834838982627339
2.0,6.613274712005288,1.2,ST,1.0,10000.0,0.03667542775331167
2.0,6.971125757213828,1.2,ST,1.0,10000.0,0.03504052089429195
2.0,7.3483404877573175,1.2,ST,1.0,10000.0,0.033447467042276156
2.0,7.745966692414836,1.2,ST,1.0,10000.0,0.03189919353738657
2.0,8.165108856885828,1.2,ST,1.0,10000.0,0.03039801477659585
2.0,8.606931231718361,1.2,ST,1.0,10000.0,0.028945698535989085
2.0,9.072661066246061,1.2,ST,1.0,10000.0,0.027543349928585467
2.0,9.563592017516726,1.2,ST,1.0,10000.0,0.02619168535613767
2.0,10.081087743681516,1.2,ST,1.0,10000.0,0.02489106559747612
2.0,10.626585691826111,1.2,ST,1.0,10000.0,0.023641312859580727
2.0,11.20160109076529,1.2,ST,1.0,10000.0,0.022442220352319707
2.0,11.807731159891665,1.2,ST,1.0,10000.0,0.02129311386982132
2.0,12.446659545769569,1.2,ST,1.0,10000.0,0.02019319843691667
2.0,13.120160998797505,1.2,ST,1.0,10000.0,0.019141479847250776
2.0,13.830106302929654,1.2,ST,1.0,10000.0,0.018136904113401627
2.0,14.578467472149546,1.2,ST,1.0,10000.0,0.017178166296754244
2.0,15.367323228130308,1.2,ST,1.0,10000.0,0.016263984393867274
2.0,16.198864774296695,1.2,ST,1.0,10000.0,0.015392936083669971
2.0,17.07540188232742,1.2,ST,1.0,10000.0,0.014563621055860438
2.0,17.999369308004486,1.2,ST,1.0,10000.0,0.013774569771981934
2.0,18.973333554230518,1.2,ST,1.0,10000.0,0.013024266131413656
2.0,20.000000000000004,1.2,ST,1.0,10000.0,0.012311244081204934
2.0,3.0,1.2,ST,1.0,15000.0,0.05677761491030414
2.0,3.1623330622689494,1.2,ST,1.0,15000.0,0.05576910170879535
2.0,3.33345013223977,1.2,ST,1.0,15000.0,0.0546183499747094
2.0,3.5138265215355418,1.2,ST,1.0,15000.0,0.053346566575014125
2.0,3.703963261376446,1.2,ST,1.0,15000.0,0.051973314234029365
2.0,3.9043884942934204,1.2,ST,1.0,15000.0,0.050517354270653604
2.0,4.1156589411488556,1.2,ST,1.0,15000.0,0.048995964522028854
2.0,4.338361447539279,1.2,ST,1.0,15000.0,0.04742490488065607
2.0,4.573114613875481,1.2,ST,1.0,15000.0,0.04581885070575136
2.0,4.820570513667911,1.2,ST,1.0,15000.0,0.04419045098211169
2.0,5.0814165047902815,1.2,ST,1.0,15000.0,0.04255143135686346
2.0,5.356377138752477,1.2,ST,1.0,15000.0,0.040912067357155774
2.0,5.389452332657201,1.2,ST,1.0,15000.0,0.040720988394216916
2.0,5.646216173286171,1.2,ST,1.0,15000.0,0.039281271456225786
2.0,5.9517386938335095,1.2,ST,1.0,15000.0,0.03766679731045876
2.0,6.273793349831704,1.2,ST,1.0,15000.0,0.036075289872415275
2.0,6.613274712005288,1.2,ST,1.0,15000.0,0.034512491180438074
2.0,6.971125757213828,1.2,ST,1.0,15000.0,0.03298306719960769
2.0,7.3483404877573175,1.2,ST,1.0,15000.0,0.03149091777032685
2.0,7.745966692414836,1.2,ST,1.0,15000.0,0.030039097896924705
2.0,8.165108856885828,1.2,ST,1.0,15000.0,0.028630049947853415
2.0,8.606931231718361,1.2,ST,1.0,15000.0,0.02726569406146415
2.0,9.072661066246061,1.2,ST,1.0,15000.0,0.02594726285570523
2.0,9.563592017516726,1.2,ST,1.0,15000.0,0.024675620771802246
2.0,10.081087743681516,1.2,ST,1.0,15000.0,0.02345127965084856
2.0,10.626585691826111,1.2,ST,1.0,15000.0,0.022274206999029555
2.0,11.20160109076529,1.2,ST,1.0,15000.0,0.021144336017901073
2.0,11.807731159891665,1.2,ST,1.0,15000.0,0.020061136460687693
2.0,12.446659545769569,1.2,ST,1.0,15000.0,0.019023949710351123
2.0,13.120160998797505,1.2,ST,1.0,15000.0,0.018031921954998087
2.0,13.830106302929654,1.2,ST,1.0,15000.0,0.01708413144497452
2.0,14.578467472149546,1.2,ST,1.0,15000.0,0.01617940008883101
2.0,15.367323228130308,1.2,ST,1.0,15000.0,0.015316571833348903
2.0,16.198864774296695,1.2,ST,1.0,15000.0,0.014494347261509808
2.0,17.07540188232742,1.2,ST,1.0,15000.0,0.01371143753454545
2.0,17.999369308004486,1.2,ST,1.0,15000.0,0.01296649154587661
2.0,18.973333554230518,1.2,ST,1.0,15000.0,0.01225809629452705
2.0,20.000000000000004,1.2,ST,1.0,15000.0,0.011584889616851782
2.0,3.0,1.2,ST,2.0,8000.0,0.06497841583190148
2.0,3.1623330622689494,1.2,ST,2.0,8000.0,0.06381683273307291
2.0,3.33345013223977,1.2,ST,2.0,8000.0,0.0625044209391596
2.0,3.5138265215355418,1.2,ST,2.0,8000.0,0.061063019000371754
2.0,3.703963261376446,1.2,ST,2.0,8000.0,0.05951293908603243
2.0,3.9043884942934204,1.2,ST,2.0,8000.0,0.05787370970068504
2.0,4.1156589411488556,1.2,ST,2.0,8000.0,0.05616345602332414
2.0,4.338361447539279,1.2,ST,2.0,8000.0,0.05439873580487828
2.0,4.573114613875481,1.2,ST,2.0,8000.0,0.0525951202906022
2.0,4.820570513667911,1.2,ST,2.0,8000.0,0.05076611781215736
2.0,5.0814165047902815,1.2,ST,2.0,8000.0,0.04892429340806376
2.0,5.356377138752477,1.2,ST,2.0,8000.0,0.04708080981996483
2.0,5.389452332657201,1.2,ST,2.0,8000.0,0.046865844700440265
2.0,5.646216173286171,1.2,ST,2.0,8000.0,0.045245350612197026
2.0,5.9517386938335095,1.2,ST,2.0,8000.0,0.04342647123840983
2.0,6.273793349831704,1.2,ST,2.0,8000.0,0.04163149131300173
2.0,6.613274712005288,1.2,ST,2.0,8000.0,0.0398668682532309
2.0,6.971125757213828,1.2,ST,2.0,8000.0,0.038137850154234765
2.0,7.3483404877573175,1.2,ST,2.0,8000.0,0.03644890847444538
2.0,7.745966692414836,1.2,ST,2.0,8000.0,0.03480358105342121
2.0,8.165108856885828,1.2,ST,2.0,8000.0,0.03320475237008113
2.0,8.606931231718361,1.2,ST,2.0,8000.0,0.031654698023269694
2.0,9.072661066246061,1.2,ST,2.0,8000.0,0.030154994686382712
2.0,9.563592017516726,1.2,ST,2.0,8000.0,0.028706757358841543
2.0,10.081087743681516,1.2,ST,2.0,8000.0,0.027310713426757387
2.0,10.626585691826111,1.2,ST,2.0,8000.0,0.025966995369609842
2.0,11.20160109076529,1.2,ST,2.0,8000.0,0.024675658967834323
2.0,11.807731159891665,1.2,ST,2.0,8000.0,0.02343626049781304
2.0,12.446659545769569,1.2,ST,2.0,8000.0,0.02224819286665515
2.0,13.120160998797505,1.2,ST,2.0,8000.0,0.021110610237076083
2.0,13.830106302929654,1.2,ST,2.0,8000.0,0.020022581755473765
2.0,14.578467472149546,1.2,ST,2.0,8000.0,0.018982890984156387
2.0,15.367323228130308,1.2,ST,2.0,8000.0,0.017990322196881195
2.0,16.198864774296695,1.2,ST,2.0,8000.0,0.017043497587108585
2.0,17.07540188232742,1.2,ST,2.0,8000.0,0.016141038636998208
2.0,17.999369308004486,1.2,ST,2.0,8000.0,0.01528147894689196
2.0,18.973333554230518,1.2,ST,2.0,8000.0,0.014463295054918415
2.0,20.000000000000004,1.2,ST,2.0,8000.0,0.01368499731597805
2.0,3.0,1.2,ST,2.0,10000.0,0.06309210427876451
2.0,3.1623330622689494,1.2,ST,2.0,10000.0,0.06200681996817961
2.0,3.33345013223977,1.2,ST,2.0,10000.0,0.060769608690659435
2.0,3.5138265215355418,1.2,ST,2.0,10000.0,0.05940200879016181
2.0,3.703963261376446,1.2,ST,2.0,10000.0,0.057924078482790214
2.0,3.9043884942934204,1.2,ST,2.0,10000.0,0.056355149906740905
2.0,4.1156589411488556,1.2,ST,2.0,10000.0,0.05471318763617192
2.0,4.338361447539279,1.2,ST,2.0,10000.0,0.053014650425385224
2.0,4.573114613875481,1.2,ST,2.0,10000.0,0.05127502403507174
2.0,4.820570513667911,1.2,ST,2.0,10000.0,0.049507769996977424
2.0,5.0814165047902815,1.2,ST,2.0,10000.0,0.047725433030079506
2.0,5.356377138752477,1.2,ST,2.0,10000.0,0.04593915914119484
2.0,5.389452332657201,1.2,ST,2.0,10000.0,0.04573072699831193
2.0,5.646216173286171,1.2,ST,2.0,10000.0,0.0441586543166084
2.0,5.9517386938335095,1.2,ST,2.0,10000.0,0.04239248582860845
2.0,6.273793349831704,1.2,ST,2.0,10000.0,0.040648025699760795
2.0,6.613274712005288,1.2,ST,2.0,10000.0,0.03893176270480202
2.0,6.971125757213828,1.2,ST,2.0,10000.0,0.03724900353034726
2.0,7.3483404877573175,1.2,ST,2.0,10000.0,0.03560427387338632
2.0,7.745966692414836,1.2,ST,2.0,10000.0,0.034001174104893395
2.0,8.165108856885828,1.2,ST,2.0,10000.0,0.0324426474189092
2.0,8.606931231718361,1.2,ST,2.0,10000.0,0.030931044224667744
2.0,9.072661066246061,1.2,ST,2.0,10000.0,0.02946799970307913
2.0,9.563592017516726,1.2,ST,2.0,10000.0,0.028054698462229598
2.0,10.081087743681516,1.2,ST,2.0,10000.0,0.026691936199239635
2.0,10.626585691826111,1.2,ST,2.0,10000.0,0.025379911634206873
2.0,11.20160109076529,1.2,ST,2.0,10000.0,0.02411874558033658
2.0,11.807731159891665,1.2,ST,2.0,10000.0,0.022908058220838544
2.0,12.446659545769569,1.2,ST,2.0,10000.0,0.021747305143397278
2.0,13.120160998797505,1.2,ST,2.0,10000.0,0.020635701744689636
2.0,13.830106302929654,1.2,ST,2.0,10000.0,0.019572377710222386
2.0,14.578467472149546,1.2,ST,2.0,10000.0,0.018556172623163694
2.0,15.367323228130308,1.2,ST,2.0,10000.0,0.017585927380235268
2.0,16.198864774296695,1.2,ST,2.0,10000.0,0.016660317680261744
2.0,17.07540188232742,1.2,ST,2.0,10000.0,0.0157780157574102
2.0,17.999369308004486,1.2,ST,2.0,10000.0,0.01493760675778518
2.0,18.973333554230518,1.2,ST,2.0,10000.0,0.014137612656772193
2.0,20.000000000000004,1.2,ST,2.0,10000.0,0.01337659017214561
2.0,3.0,1.2,ST,2.0,15000.0,0.05877961403240472
2.0,3.1623330622689494,1.2,ST,2.0,15000.0,0.05786286977379252
2.0,3.33345013223977,1.2,ST,2.0,15000.0,0.056792476936280215
2.0,3.5138265215355418,1.2,ST,2.0,15000.0,0.05558921178374385
2.0,3.703963261376446,1.2,ST,2.0,15000.0,0.054272457807448236
2.0,3.9043884942934204,1.2,ST,2.0,15000.0,0.05286103347369119
2.0,4.1156589411488556,1.2,ST,2.0,15000.0,0.051372466577498714
2.0,4.338361447539279,1.2,ST,2.0,15000.0,0.0498229390897681
2.0,4.573114613875481,1.2,ST,2.0,15000.0,0.048227680839512774
2.0,4.820570513667911,1.2,ST,2.0,15000.0,0.046599999610479885
2.0,5.0814165047902815,1.2,ST,2.0,15000.0,0.04495235792807223
2.0,5.356377138752477,1.2,ST,2.0,15000.0,0.043295816685919135
2.0,5.389452332657201,1.2,ST,2.0,15000.0,0.043102208847859834
2.0,5.646216173286171,1.2,ST,2.0,15000.0,0.041640103624983466
2.0,5.9517386938335095,1.2,ST,2.0,15000.0,0.03999379134057772
2.0,6.273793349831704,1.2,ST,2.0,15000.0,0.03836433895489145
2.0,6.613274712005288,1.2,ST,2.0,15000.0,0.03675828573474444
2.0,6.971125757213828,1.2,ST,2.0,15000.0,0.03518105578559957
2.0,7.3483404877573175,1.2,ST,2.0,15000.0,0.033637276669144754
2.0,7.745966692414836,1.2,ST,2.0,15000.0,0.03213067633299853
2.0,8.165108856885828,1.2,ST,2.0,15000.0,0.030664325831523766
2.0,8.606931231718361,1.2,ST,2.0,15000.0,0.02924072796403426
2.0,9.072661066246061,1.2,ST,2.0,15000.0,0.027861645283361106
2.0,9.563592017516726,1.2,ST,2.0,15000.0,0.026528410433485427
2.0,10.081087743681516,1.2,ST,2.0,15000.0,0.02524197019817936
2.0,10.626585691826111,1.2,ST,2.0,15000.0,0.024002668601118982
2.0,11.20160109076529,1.2,ST,2.0,15000.0,0.022810766435242606
2.0,11.807731159891665,1.2,ST,2.0,15000.0,0.021666027877527683
2.0,12.446659545769569,1.2,ST,2.0,15000.0,0.020568044881266904
2.0,13.120160998797505,1.2,ST,2.0,15000.0,0.019516173306861853
2.0,13.830106302929654,1.2,ST,2.0,15000.0,0.01850967512218969
2.0,14.578467472149546,1.2,ST,2.0,15000.0,0.017547516785843154
2.0,15.367323228130308,1.2,ST,2.0,15000.0,0.016628665210081692
2.0,16.198864774296695,1.2,ST,2.0,15000.0,0.01575191907598074
2.0,17.07540188232742,1.2,ST,2.0,15000.0,0.014916062099946555
2.0,17.999369308004486,1.2,ST,2.0,15000.0,0.014119797991794292
2.0,18.973333554230518,1.2,ST,2.0,15000.0,0.013361751837416528
2.0,20.000000000000004,1.2,ST,2.0,15000.0,0.012640584314795976
2.0,3.0,1.2,PS,0.5,8000.0,0.08593337513526429
2.0,3.1623330622689494,1.2,PS,0.5,8000.0,0.08446418775415884
2.0,3.33345013223977,1.2,PS,0.5,8000.0,0.08275260527106387
2.0,3.5138265215355418,1.2,PS,0.5,8000.0,0.08083432463317317
2.0,3.703963261376446,1.2,PS,0.5,8000.0,0.07874267520130362
2.0,3.9043884942934204,1.2,PS,0.5,8000.0,0.07650957852890727
2.0,4.1156589411488556,1.2,PS,0.5,8000.0,0.07416455033369411
2.0,4.338361447539279,1.2,PS,0.5,8000.0,0.07173444389484353
2.0,4.573114613875481,1.2,PS,0.5,8000.0,0.06924425779971509
2.0,4.820570513667911,1.2,PS,0.5,8000.0,0.066715607640173
2.0,5.0814165047902815,1.2,PS,0.5,8000.0,0.06416829957008278
2.0,5.356377138752477,1.2,PS,0.5,8000.0,0.06161976517159032
2.0,5.389452332657201,1.2,PS,0.5,8000.0,0.06132273529532361
2.0,5.646216173286171,1.2,PS,0.5,8000.0,0.05908494723017775
2.0,5.9517386938335095,1.2,PS,0.5,8000.0,0.05657686150863588
2.0,6.273793349831704,1.2,PS,0.5,8000.0,0.054106478200484864
2.0,6.613274712005288,1.2,PS,0.5,8000.0,0.051683283152881114
2.0,6.971125757213828,1.2,PS,0.5,8000.0,0.049314856996935726
2.0,7.3483404877573175,1.2,PS,0.5,8000.0,0.04700748395643524
2.0,7.745966692414836,1.2,PS,0.5,8000.0,0.04476602034937646
2.0,8.165108856885828,1.2,PS,0.5,8000.0,0.04259427863979743
2.0,8.606931231718361,1.2,PS,0.5,8000.0,0.040495114850041924
2.0,9.072661066246061,1.2,PS,0.5,8000.0,0.03847034807505484
2.0,9.563592017516726,1.2,PS,0.5,8000.0,0.036521136408769216
2.0,10.081087743681516,1.2,PS,0.5,8000.0,0.03464802114617962
2.0,10.626585691826111,1.2,PS,0.5,8000.0,0.03285073558006375
2.0,11.20160109076529,1.2,PS,0.5,8000.0,0.03112891160382385
2.0,11.807731159891665,1.2,PS,0.5,8000.0,0.029481465890268278
2.0,12.446659545769569,1.2,PS,0.5,8000.0,0.02790711428802038
2.0,13.120160998797505,1.2,PS,0.5,8000.0,0.026404276317213947
2.0,13.830106302929654,1.2,PS,0.5,8000.0,0.024971249122411367
2.0,14.578467472149546,1.2,PS,0.5,8000.0,0.023605993146887445
2.0,15.367323228130308,1.2,PS,0.5,8000.0,0.022306475084300354
2.0,16.198864774296695,1.2,PS,0.5,8000.0,0.0210704676857451
2.0,17.07540188232742,1.2,PS,0.5,8000.0,0.019895782922673
2.0,17.999369308004486,1.2,PS,0.5,8000.0,0.018780134868469057
2.0,18.973333554230518,1.2,PS,0.5,8000.0,0.0177211847953319
2.0,20.000000000000004,1.2,PS,0.5,8000.0,0.016716666367032895
2.0,3.0,1.2,PS,0.5,10000.0,0.08318139565959222
2.0,3.1623330622689494,1.2,PS,0.5,10000.0,0.08183366515197653
2.0,3.33345013223977,1.2,PS,0.5,10000.0,0.08024185724389545
2.0,3.5138265215355418,1.2,PS,0.5,10000.0,0.07844103721394736
2.0,3.703963261376446,1.2,PS,0.5,10000.0,0.07646401380713475
2.0,3.9043884942934204,1.2,PS,0.5,10000.0,0.07434231306991314
2.0,4.1156589411488556,1.2,PS,0.5,10000.0,0.07210514003726311
2.0,4.338361447539279,1.2,PS,0.5,10000.0,0.06977915319760948
2.0,4.573114613875481,1.2,PS,0.5,10000.0,0.06738920150801117
2.0,4.820570513667911,1.2,PS,0.5,10000.0,0.06495682168048303
2.0,5.0814165047902815,1.2,PS,0.5,10000.0,0.0625017958290772
2.0,5.356377138752477,1.2,PS,0.5,10000.0,0.0600415490982445
2.0,5.389452332657201,1.2,PS,0.5,10000.0,0.0597545712719558
2.0,5.646216173286171,1.2,PS,0.5,10000.0,0.05759108054100658
2.0,5.9517386938335095,1.2,PS,0.5,10000.0,0.05516345503054565
2.0,6.273793349831704,1.2,PS,0.5,10000.0,0.05276975235703911
2.0,6.613274712005288,1.2,PS,0.5,10000.0,0.050419544183799146
2.0,6.971125757213828,1.2,PS,0.5,10000.0,0.04812053423437281
2.0,7.3483404877573175,1.2,PS,0.5,10000.0,0.04587912599536256
2.0,7.745966692414836,1.2,PS,0.5,10000.0,0.04370030509394622
2.0,8.165108856885828,1.2,PS,0.5,10000.0,0.041588008520742514
2.0,8.606931231718361,1.2,PS,0.5,10000.0,0.039545237439993386
2.0,9.072661066246061,1.2,PS,0.5,10000.0,0.03757393219099932
2.0,9.563592017516726,1.2,PS,0.5,10000.0,0.03567538472655636
2.0,10.081087743681516,1.2,PS,0.5,10000.0,0.03385026763122682
2.0,10.626585691826111,1.2,PS,0.5,10000.0,0.03209843867979247
2.0,11.20160109076529,1.2,PS,0.5,10000.0,0.030419652227776428
2.0,11.807731159891665,1.2,PS,0.5,10000.0,0.028812942503993334
2.0,12.446659545769569,1.2,PS,0.5,10000.0,0.02727713932406358
2.0,13.120160998797505,1.2,PS,0.5,10000.0,0.02581077177039986
2.0,13.830106302929654,1.2,PS,0.5,10000.0,0.02441224445044589
2.0,14.578467472149546,1.2,PS,0.5,10000.0,0.023079616003322357
2.0,15.367323228130308,1.2,PS,0.5,10000.0,0.021810950961386803
2.0,16.198864774296695,1.2,PS,0.5,10000.0,0.020604113582716594
2.0,17.07540188232742,1.2,PS,0.5,10000.0,0.01945700231646277
2.0,17.999369308004486,1.2,PS,0.5,10000.0,0.018367416846781125
2.0,18.973333554230518,1.2,PS,0.5,10000.0,0.01733309457713445
2.0,20.000000000000004,1.2,PS,0.5,10000.0,0.01635184534987269
2.0,3.0,1.2,PS,0.5,15000.0,0.07673981864510103
2.0,3.1623330622689494,1.2,PS,0.5,15000.0,0.07565908127192385
2.0,3.33345013223977,1.2,PS,0.5,15000.0,0.07433232375839001
2.0,3.5138265215355418,1.2,PS,0.5,15000.0,0.0727929639629838
2.0,3.703963261376446,1.2,PS,0.5,15000.0,0.07107239528536463
2.0,3.9043884942934204,1.2,PS,0.5,15000.0,0.06920106490911263
2.0,4.1156589411488556,1.2,PS,0.5,15000.0,0.067207292017257
2.0,4.338361447539279,1.2,PS,0.5,15000.0,0.06511715257526317
2.0,4.573114613875481,1.2,PS,0.5,15000.0,0.06295500585992428
2.0,4.820570513667911,1.2,PS,0.5,15000.0,0.06074208950337138
2.0,5.0814165047902815,1.2,PS,0.5,15000.0,0.058498034396599445
2.0,5.356377138752477,1.2,PS,0.5,15000.0,0.056240142138812725
2.0,5.389452332657201,1.2,PS,0.5,15000.0,0.055976231727595166
2.0,5.646216173286171,1.2,PS,0.5,15000.0,0.05398346558680542
2.0,5.9517386938335095,1.2,PS,0.5,15000.0,0.05174111936652992
2.0,6.273793349831704,1.2,PS,0.5,15000.0,0.04952436448181314
2.0,6.613274712005288,1.2,PS,0.5,15000.0,0.04734291503500102
2.0,6.971125757213828,1.2,PS,0.5,15000.0,0.04520471587228791
2.0,7.3483404877573175,1.2,PS,0.5,15000.0,0.04311639625150236
2.0,7.745966692414836,1.2,PS,0.5,15000.0,0.04108320359636499
2.0,8.165108856885828,1.2,PS,0.5,15000.0,0.0391093394097305
2.0,8.606931231718361,1.2,PS,0.5,15000.0,0.03719810404718882
2.0,9.072661066246061,1.2,PS,0.5,15000.0,0.035351697945546746
2.0,9.563592017516726,1.2,PS,0.5,15000.0,0.03357169893637015
2.0,10.081087743681516,1.2,PS,0.5,15000.0,0.03185906913986153
2.0,10.626585691826111,1.2,PS,0.5,15000.0,0.030213939513542534
2.0,11.20160109076529,1.2,PS,0.5,15000.0,0.02863633040709286
2.0,11.807731159891665,1.2,PS,0.5,15000.0,0.027125540627886382
2.0,12.446659545769569,1.2,PS,0.5,15000.0,0.025680650473900304
2.0,13.120160998797505,1.2,PS,0.5,15000.0,0.02430044006613986
2.0,13.830106302929654,1.2,PS,0.5,15000.0,0.022983552130391872
2.0,14.578467472149546,1.2,PS,0.5,15000.0,0.021728268430633326
2.0,15.367323228130308,1.2,PS,0.5,15000.0,0.020532873828741645
2.0,16.198864774296695,1.2,PS,0.5,15000.0,0.01939544380154433
2.0,17.07540188232742,1.2,PS,0.5,15000.0,0.01831406948355951
2.0,17.999369308004486,1.2,PS,0.5,15000.0,0.017286749264148155
2.0,18.973333554230518,1.2,PS,0.5,15000.0,0.016311394304935615
2.0,20.000000000000004,1.2,PS,0.5,15000.0,0.015385987625643631
2.0,3.0,1.2,PS,1.0,8000.0,0.08858344405858909
2.0,3.1623330622689494,1.2,PS,1.0,8000.0,0.0872621916014172
2.0,3.33345013223977,1.2,PS,1.0,8000.0,0.0856840752433024
2.0,3.5138265215355418,1.2,PS,1.0,8000.0,0.08388366424824449
2.0,3.703963261376446,1.2,PS,1.0,8000.0,0.08189355703118803
2.0,3.9043884942934204,1.2,PS,1.0,8000.0,0.079745333970386
2.0,4.1156589411488556,1.2,PS,1.0,8000.0,0.07746850539337177
2.0,4.338361447539279,1.2,PS,1.0,8000.0,0.07509021651269494
2.0,4.573114613875481,1.2,PS,1.0,8000.0,0.07263600953529732
2.0,4.820570513667911,1.2,PS,1.0,8000.0,0.07012823124862314
2.0,5.0814165047902815,1.2,PS,1.0,8000.0,0.06758759183442231
2.0,5.356377138752477,1.2,PS,1.0,8000.0,0.06503252999942029
2.0,5.389452332657201,1.2,PS,1.0,8000.0,0.06473392368960458
2.0,5.646216173286171,1.2,PS,1.0,8000.0,0.06247907206709862
2.0,5.9517386938335095,1.2,PS,1.0,8000.0,0.05994135622752077
2.0,6.273793349831704,1.2,PS,1.0,8000.0,0.057431489574759076
2.0,6.613274712005288,1.2,PS,1.0,8000.0,0.05496009324903651
2.0,6.971125757213828,1.2,PS,1.0,8000.0,0.052535841428657554
2.0,7.3483404877573175,1.2,PS,1.0,8000.0,0.05016608291844273
2.0,7.745966692414836,1.2,PS,1.0,8000.0,0.04785666646958362
2.0,8.165108856885828,1.2,PS,1.0,8000.0,0.045612342779868836
2.0,8.606931231718361,1.2,PS,1.0,8000.0,0.04343684576612237
2.0,9.072661066246061,1.2,PS,1.0,8000.0,0.0413327971629652
2.0,9.563592017516726,1.2,PS,1.0,8000.0,0.039302075761262364
2.0,10.081087743681516,1.2,PS,1.0,8000.0,0.03734589467103306
2.0,10.626585691826111,1.2,PS,1.0,8000.0,0.03546457383723435
2.0,11.20160109076529,1.2,PS,1.0,8000.0,0.03365826414005102
2.0,11.807731159891665,1.2,PS,1.0,8000.0,0.031926350823619665
2.0,12.446659545769569,1.2,PS,1.0,8000.0,0.030267956080239293
2.0,13.120160998797505,1.2,PS,1.0,8000.0,0.028681844574083404
2.0,13.830106302929654,1.2,PS,1.0,8000.0,0.027166620479096536
2.0,14.578467472149546,1.2,PS,1.0,8000.0,0.025720491251592103
2.0,15.367323228130308,1.2,PS,1.0,8000.0,0.02434164040882037
2.0,16.198864774296695,1.2,PS,1.0,8000.0,0.023028018907264605
2.0,17.07540188232742,1.2,PS,1.0,8000.0,0.021777579350968645
2.0,17.999369308004486,1.2,PS,1.0,8000.0,0.020588146373556944
2.0,18.973333554230518,1.2,PS,1.0,8000.0,0.019457468667137576
2.0,20.000000000000004,1.2,PS,1.0,8000.0,0.01838334264783294
2.0,3.0,1.2,PS,1.0,10000.0,0.08577994232492772
2.0,3.1623330622689494,1.2,PS,1.0,10000.0,0.08458048048126637
2.0,3.33345013223977,1.2,PS,1.0,10000.0,0.08312252128457046
2.0,3.5138265215355418,1.2,PS,1.0,10000.0,0.08143999435790232
2.0,3.703963261376446,1.2,PS,1.0,10000.0,0.07956497012944735
2.0,3.9043884942934204,1.2,PS,1.0,10000.0,0.07752862718980877
2.0,4.1156589411488556,1.2,PS,1.0,10000.0,0.07536015942263727
2.0,4.338361447539279,1.2,PS,1.0,10000.0,0.07308651297389793
2.0,4.573114613875481,1.2,PS,1.0,10000.0,0.07073307625000959
2.0,4.820570513667911,1.2,PS,1.0,10000.0,0.0683221138666033
2.0,5.0814165047902815,1.2,PS,1.0,10000.0,0.06587430938299753
2.0,5.356377138752477,1.2,PS,1.0,10000.0,0.06340809237275728
2.0,5.389452332657201,1.2,PS,1.0,10000.0,0.06311960332837027
2.0,5.646216173286171,1.2,PS,1.0,10000.0,0.06093954398623463
2.0,5.9517386938335095,1.2,PS,1.0,10000.0,0.05848284948640287
2.0,6.273793349831704,1.2,PS,1.0,10000.0,0.0560502251024405
2.0,6.613274712005288,1.2,PS,1.0,10000.0,0.05365237637362278
2.0,6.971125757213828,1.2,PS,1.0,10000.0,0.05129810022457476
2.0,7.3483404877573175,1.2,PS,1.0,10000.0,0.04899486419709702
2.0,7.745966692414836,1.2,PS,1.0,10000.0,0.04674864616273028
2.0,8.165108856885828,1.2,PS,1.0,10000.0,0.044564320976498796
2.0,8.606931231718361,1.2,PS,1.0,10000.0,0.042445768259902414
2.0,9.072661066246061,1.2,PS,1.0,10000.0,0.04039573067388132
2.0,9.563592017516726,1.2,PS,1.0,10000.0,0.03841622120940726
2.0,10.081087743681516,1.2,PS,1.0,10000.0,0.0365085846837719
2.0,10.626585691826111,1.2,PS,1.0,10000.0,0.03467326582548392
2.0,11.20160109076529,1.2,PS,1.0,10000.0,0.03291053839401875
2.0,11.807731159891665,1.2,PS,1.0,10000.0,0.031219905577670206
2.0,12.446659545769569,1.2,PS,1.0,10000.0,0.029600603984783983
2.0,13.120160998797505,1.2,PS,1.0,10000.0,0.028051508281440277
2.0,13.830106302929654,1.2,PS,1.0,10000.0,0.0265713307166327
2.0,14.578467472149546,1.2,PS,1.0,10000.0,0.025158377246909773
2.0,15.367323228130308,1.2,PS,1.0,10000.0,0.023810929787084607
2.0,16.198864774296695,1.2,PS,1.0,10000.0,0.02252703121750144
2.0,17.07540188232742,1.2,PS,1.0,10000.0,0.021304720968912675
2.0,17.999369308004486,1.2,PS,1.0,10000.0,0.02014190985852087
2.0,18.973333554230518,1.2,PS,1.0,10000.0,0.019036422832555334
2.0,20.000000000000004,1.2,PS,1.0,10000.0,0.0179861328879832
2.0,3.0,1.2,PS,1.0,15000.0,0.07930536046207824
2.0,3.1623330622689494,1.2,PS,1.0,15000.0,0.07837299167554883
2.0,3.33345013223977,1.2,PS,1.0,15000.0,0.07718021638932622
2.0,3.5138265215355418,1.2,PS,1.0,15000.0,0.07575931154246043
2.0,3.703963261376446,1.2,PS,1.0,15000.0,0.07414092709148164
2.0,3.9043884942934204,1.2,PS,1.0,15000.0,0.07235515850631051
2.0,4.1156589411488556,1.2,PS,1.0,15000.0,0.07043030978531632
2.0,4.338361447539279,1.2,PS,1.0,15000.0,0.06839274158489224
2.0,4.573114613875481,1.2,PS,1.0,15000.0,0.06626734957540269
2.0,4.820570513667911,1.2,PS,1.0,15000.0,0.06407609688250002
2.0,5.0814165047902815,1.2,PS,1.0,15000.0,0.06183951396282586
2.0,5.356377138752477,1.2,PS,1.0,15000.0,0.05957590471214118
2.0,5.389452332657201,1.2,PS,1.0,15000.0,0.05931051269312068
2.0,5.646216173286171,1.2,PS,1.0,15000.0,0.057301402931379815
2.0,5.9517386938335095,1.2,PS,1.0,15000.0,0.05503024212908584
2.0,6.273793349831704,1.2,PS,1.0,15000.0,0.052774819140638154
2.0,6.613274712005288,1.2,PS,1.0,15000.0,0.050545980783642114
2.0,6.971125757213828,1.2,PS,1.0,15000.0,0.048352764706648496
2.0,7.3483404877573175,1.2,PS,1.0,15000.0,0.04620286359854191
2.0,7.745966692414836,1.2,PS,1.0,15000.0,0.04410251679290714
2.0,8.165108856885828,1.2,PS,1.0,15000.0,0.042056863316446445
2.0,8.606931231718361,1.2,PS,1.0,15000.0,0.04007008208014441
2.0,9.072661066246061,1.2,PS,1.0,15000.0,0.03814517549910685
2.0,9.563592017516726,1.2,PS,1.0,15000.0,0.036284442480292375
2.0,10.081087743681516,1.2,PS,1.0,15000.0,0.03448951755050573
2.0,10.626585691826111,1.2,PS,1.0,15000.0,0.032761118696332414
2.0,11.20160109076529,1.2,PS,1.0,15000.0,0.03109978577605225
2.0,11.807731159891665,1.2,PS,1.0,15000.0,0.029505286763053157
2.0,12.446659545769569,1.2,PS,1.0,15000.0,0.027977108899646923
2.0,13.120160998797505,1.2,PS,1.0,15000.0,0.026514378205039196
2.0,13.830106302929654,1.2,PS,1.0,15000.0,0.025116045344075837
2.0,14.578467472149546,1.2,PS,1.0,15000.0,0.023780639593632778
2.0,15.367323228130308,1.2,PS,1.0,15000.0,0.0225066635391567
2.0,16.198864774296695,1.2,PS,1.0,15000.0,0.02129237163491671
2.0,17.07540188232742,1.2,PS,1.0,15000.0,0.020135996184321738
2.0,17.999369308004486,1.2,PS,1.0,15000.0,0.019035647221080094
2.0,18.973333554230518,1.2,PS,1.0,15000.0,0.01798932361456079
2.0,20.000000000000004,1.2,PS,1.0,15000.0,0.016995071894100273
2.0,3.0,1.2,PS,2.0,8000.0,0.09065153736538152
2.0,3.1623330622689494,1.2,PS,2.0,8000.0,0.08947741315060051
2.0,3.33345013223977,1.2,PS,2.0,8000.0,0.08803660018868718
2.0,3.5138265215355418,1.2,PS,2.0,8000.0,0.08636207741964089
2.0,3.703963261376446,1.2,PS,2.0,8000.0,0.08448519318415261
2.0,3.9043884942934204,1.2,PS,2.0,8000.0,0.08243663314202447
2.0,4.1156589411488556,1.2,PS,2.0,8000.0,0.08024533496016674
2.0,4.338361447539279,1.2,PS,2.0,8000.0,0.07793818724688333
2.0,4.573114613875481,1.2,PS,2.0,8000.0,0.07554074929638255
2.0,4.820570513667911,1.2,PS,2.0,8000.0,0.07307562780955006
2.0,5.0814165047902815,1.2,PS,2.0,8000.0,0.07056399652697842
2.0,5.356377138752477,1.2,PS,2.0,8000.0,0.06802492494922893
2.0,5.389452332657201,1.2,PS,2.0,8000.0,0.06772736872540705
2.0,5.646216173286171,1.2,PS,2.0,8000.0,0.06547520131605936
2.0,5.9517386938335095,1.2,PS,2.0,8000.0,0.06292981527599893
2.0,6.273793349831704,1.2,PS,2.0,8000.0,0.060401794569830615
2.0,6.613274712005288,1.2,PS,2.0,8000.0,0.05790272643927702
2.0,6.971125757213828,1.2,PS,2.0,8000.0,0.05544225252959649
2.0,7.3483404877573175,1.2,PS,2.0,8000.0,0.053028697815536006
2.0,7.745966692414836,1.2,PS,2.0,8000.0,0.05066885028013377
2.0,8.165108856885828,1.2,PS,2.0,8000.0,0.04836837311006545
2.0,8.606931231718361,1.2,PS,2.0,8000.0,0.04613187447252408
2.0,9.072661066246061,1.2,PS,2.0,8000.0,0.04396279844525813
2.0,9.563592017516726,1.2,PS,2.0,8000.0,0.04186377244534943
2.0,10.081087743681516,1.2,PS,2.0,8000.0,0.03983672487806868
2.0,10.626585691826111,1.2,PS,2.0,8000.0,0.0378826152444323
2.0,11.20160109076529,1.2,PS,2.0,8000.0,0.036002168129138104
2.0,11.807731159891665,1.2,PS,2.0,8000.0,0.03419529894667034
2.0,12.446659545769569,1.2,PS,2.0,8000.0,0.03246159648839256
2.0,13.120160998797505,1.2,PS,2.0,8000.0,0.030800231706065447
2.0,13.830106302929654,1.2,PS,2.0,8000.0,0.029210176034755727
2.0,14.578467472149546,1.2,PS,2.0,8000.0,0.02768994369269004
2.0,15.367323228130308,1.2,PS,2.0,8000.0,0.02623798943400111
2.0,16.198864774296695,1.2,PS,2.0,8000.0,0.024852495316524944
2.0,17.07540188232742,1.2,PS,2.0,8000.0,0.023531602328043525
2.0,17.999369308004486,1.2,PS,2.0,8000.0,0.022273293066613357
2.0,18.973333554230518,1.2,PS,2.0,8000.0,0.021075444817540784
2.0,20.000000000000004,1.2,PS,2.0,8000.0,0.01993595518119291
2.0,3.0,1.2,PS,2.0,10000.0,0.08782144958316616
2.0,3.1623330622689494,1.2,PS,2.0,10000.0,0.08676925564162247
2.0,3.33345013223977,1.2,PS,2.0,10000.0,0.08544876349167538
2.0,3.5138265215355418,1.2,PS,2.0,10000.0,0.08389230835329457
2.0,3.703963261376446,1.2,PS,2.0,10000.0,0.08213070679925655
2.0,3.9043884942934204,1.2,PS,2.0,10000.0,0.08019423947162997
2.0,4.1156589411488556,1.2,PS,2.0,10000.0,0.07811152462026956
2.0,4.338361447539279,1.2,PS,2.0,10000.0,0.07590924957400333
2.0,4.573114613875481,1.2,PS,2.0,10000.0,0.073612817658726
2.0,4.820570513667911,1.2,PS,2.0,10000.0,0.07124475168360815
2.0,5.0814165047902815,1.2,PS,2.0,10000.0,0.06882619740902883
2.0,5.356377138752477,1.2,PS,2.0,10000.0,0.06637621377815586
2.0,5.389452332657201,1.2,PS,2.0,10000.0,0.06608880320408005
2.0,5.646216173286171,1.2,PS,2.0,10000.0,0.06391164308399179
2.0,5.9517386938335095,1.2,PS,2.0,10000.0,0.06144752095503615
2.0,6.273793349831704,1.2,PS,2.0,10000.0,0.05899698399940444
2.0,6.613274712005288,1.2,PS,2.0,10000.0,0.05657170308273121
2.0,6.971125757213828,1.2,PS,2.0,10000.0,0.05418144238395524
2.0,7.3483404877573175,1.2,PS,2.0,10000.0,0.051834645305827785
2.0,7.745966692414836,1.2,PS,2.0,10000.0,0.04953822882064186
2.0,8.165108856885828,1.2,PS,2.0,10000.0,0.0472979800439816
2.0,8.606931231718361,1.2,PS,2.0,10000.0,0.04511865311960198
2.0,9.072661066246061,1.2,PS,2.0,10000.0,0.04300381285337971
2.0,9.563592017516726,1.2,PS,2.0,10000.0,0.04095622102024511
2.0,10.081087743681516,1.2,PS,2.0,10000.0,0.03897793793623734
2.0,10.626585691826111,1.2,PS,2.0,10000.0,0.03707004803172387
2.0,11.20160109076529,1.2,PS,2.0,10000.0,0.03523339898500474
2.0,11.807731159891665,1.2,PS,2.0,10000.0,0.033468024359599224
2.0,12.446659545769569,1.2,PS,2.0,10000.0,0.03177362760917722
2.0,13.120160998797505,1.2,PS,2.0,10000.0,0.030149489936294856
2.0,13.830106302929654,1.2,PS,2.0,10000.0,0.028594691206277407
2.0,14.578467472149546,1.2,PS,2.0,10000.0,0.02710784433267405
2.0,15.367323228130308,1.2,PS,2.0,10000.0,0.02568750281548971
2.0,16.198864774296695,1.2,PS,2.0,10000.0,0.02433194091827963
2.0,17.07540188232742,1.2,PS,2.0,10000.0,0.023039386713077564
2.0,17.999369308004486,1.2,PS,2.0,10000.0,0.021807909380321906
2.0,18.973333554230518,1.2,PS,2.0,10000.0,0.020635462618010195
2.0,20.000000000000004,1.2,PS,2.0,10000.0,0.019520020941076993
2.0,3.0,1.2,PS,2.0,15000.0,0.08133022508778688
2.0,3.1623330622689494,1.2,PS,2.0,15000.0,0.08054516897604617
2.0,3.33345013223977,1.2,PS,2.0,15000.0,0.07948992219234459
2.0,3.5138265215355418,1.2,PS,2.0,15000.0,0.07819516462141349
2.0,3.703963261376446,1.2,PS,2.0,15000.0,0.07669028977989618
2.0,3.9043884942934204,1.2,PS,2.0,15000.0,0.07500449304030672
2.0,4.1156589411488556,1.2,PS,2.0,15000.0,0.07316550072909844
2.0,4.338361447539279,1.2,PS,2.0,15000.0,0.07119941318376842
2.0,4.573114613875481,1.2,PS,2.0,15000.0,0.06913113944508124
2.0,4.820570513667911,1.2,PS,2.0,15000.0,0.06698289960722206
2.0,5.0814165047902815,1.2,PS,2.0,15000.0,0.06477568536916233
2.0,5.356377138752477,1.2,PS,2.0,15000.0,0.06252842890741606
2.0,5.389452332657201,1.2,PS,2.0,15000.0,0.06226412929811139
2.0,5.646216173286171,1.2,PS,2.0,15000.0,0.06025802457062696
2.0,5.9517386938335095,1.2,PS,2.0,15000.0,0.05797955545656046
2.0,6.273793349831704,1.2,PS,2.0,15000.0,0.05570633845789098
2.0,6.613274712005288,1.2,PS,2.0,15000.0,0.05345018511442309
2.0,6.971125757213828,1.2,PS,2.0,15000.0,0.05122110011000705
2.0,7.3483404877573175,1.2,PS,2.0,15000.0,0.04902775165956272
2.0,7.745966692414836,1.2,PS,2.0,15000.0,0.046877318008154326
2.0,8.165108856885828,1.2,PS,2.0,15000.0,0.044775850249124616
2.0,8.606931231718361,1.2,PS,2.0,15000.0,0.04272840184426293
2.0,9.072661066246061,1.2,PS,2.0,15000.0,0.040738797155634804
2.0,9.563592017516726,1.2,PS,2.0,15000.0,0.038810083869119924
2.0,10.081087743681516,1.2,PS,2.0,15000.0,0.03694461207390797
2.0,10.626585691826111,1.2,PS,2.0,15000.0,0.035143739470793155
2.0,11.20160109076529,1.2,PS,2.0,15000.0,0.033408579863329825
2.0,11.807731159891665,1.2,PS,2.0,15000.0,0.03173943167766036
2.0,12.446659545769569,1.2,PS,2.0,15000.0,0.030136249050072613
2.0,13.120160998797505,1.2,PS,2.0,15000.0,0.028598564667646886
2.0,13.830106302929654,1.2,PS,2.0,15000.0,0.02712569693396185
2.0,14.578467472149546,1.2,PS,2.0,15000.0,0.025716482151950895
2.0,15.367323228130308,1.2,PS,2.0,15000.0,0.02436969463607449
2.0,16.198864774296695,1.2,PS,2.0,15000.0,0.023083820374490607
2.0,17.07540188232742,1.2,PS,2.0,15000.0,0.021857280375754948
2.0,17.999369308004486,1.2,PS,2.0,15000.0,0.020688343268254954
2.0,18.973333554230518,1.2,PS,2.0,15000.0,0.019575136725095102
2.0,20.000000000000004,1.2,PS,2.0,15000.0,0.01851580894443326
